id,0,11,13,14,5,2,3
## Translators
#5  RusTranslation: Tommy-XL
#13 SChinese:fivefirex&ZeMingOH233  2T&MC-AS-Huier&xiaojin xyjx001(Edit: Tanakanira)
#14 TChinese: NetherDragon_Tw (Edit: Soukunsandesu)

## 役職
Neutral,Neutral,ニュートラル,中立阵营,中立陣營,Нейтрал,Neutro,

# バニラ役職
Crewmate,Crewmate,クルーメイト,船员,船員,Член Экипажа,Tripulante,Tripulante
Engineer,Engineer,エンジニア,工程师,工程師,Инженер,Engenheiro,Engenheiro
Scientist,Scientist,科学者,科学家,科學家,Ученый,Cientista,Cientista
Tracker,Tracker,トラッカー
Noisemaker,Noisemaker,ノイズメーカー
Detective,Detective,探偵
GuardianAngel,Guardian Angel,守護天使,守护天使,守護天使,Ангел-хранитель,Anjo da Guarda,Anjo da Guarda
Impostor,Impostor,インポスター,内鬼,偽裝者,Предатель,Impostor,Impostor
Shapeshifter,Shapeshifter,シェイプシフター,变形者,變形者,Оборотень,Metamorfo,Metamorfo
Phantom,Phantom,ファントム
Viper,Viper,バイパー
Judge,Judge,ジャッジ

# 特殊インポスター役職
BountyHunter,Bounty Hunter,バウンティハンター,赏金猎人,賞金獵人,Охотник за головами,Caçador de Recompensas,Caçador de Recompensas
Mare,Mare,メアー,梦魇,獵夢者,Ночной,Mare,Mare
FireWorks,Fireworker,花火職人,烟花商人,煙火工匠,Фейерверк,Fogos de Artifício,Fogos de Artifício
SerialKiller,Serial Killer,シリアルキラー,嗜血杀手,嗜血殺手,Серийный Убийца,Serial Killer,Serial Killer
ShapeMaster,ShapeMaster,シェイプマスター,千面鬼,百變怪,Шпион,Metamorfo Mestre,Metamorfo Mestre
Vampire,Vampire,ヴァンパイア,吸血鬼,吸血鬼,Вампир,Vampiro,Vampiro
Warlock,Warlock,ウォーロック,术士,術士,Колдун,Mago,Mago
Witch,Witch,ウィッチ,女巫,女巫,Ведьма,Bruxo,Bruxo
Mafia,Mafia,マフィア,黑手党,黑手黨,Мафиози,Mafioso,Mafioso
Puppeteer,Puppeteer,パペッティア,傀儡师,傀儡師,Кукловод,Marionetista,Marionetista
TimeThief,Time Thief,タイムシーフ,蚀时者,時間竊賊,Вор Времени,Ladrão de Tempo,Ladrão Temporal
Sniper,Sniper,スナイパー,狙击手,狙擊手,Снайпер,Sniper,Sniper
EvilTracker,Evil Tracker,イビルトラッカー,邪恶的追踪者,邪惡的追蹤者,Злой Следопыт,Rastreador do Mal,Rastreador do Mal
Stealth,Stealth,ステルス,暗杀者,暗殺者,Хитрец,Furtivo,
NekoKabocha,Neko-Kabocha,ネコカボチャ,猫又,貓又,Неко-Кабоча,Neko-Kabocha,
EvilHacker,Evil Hacker,イビルハッカー,邪恶黑客,邪惡駭客,Злой Хакер,Hacker do Mal,
Penguin,Penguin,ペンギン,企鹅,企鵝,Пингвин,Pinguim,
Insider,Insider,インサイダー,内幕人,內幕人,Инсайдер,Informante,
TeleportKiller,TeleportKiller,テレポートキラー,传送杀手,傳送殺手,Телепорт yбийца,Teleporte Killer,
Bomber,Bomber,爆弾魔,炸弹人,炸彈人,Демон-бомба,Demônio da Bomba,
AntiReporter,AntiReporter,アンチレポーター,监管者,監管者,Анти-Репортер,Anti-Repórter,
Tairou,BossWolf,大狼,狼王,狼王,Король волков,Rei Lobo,
Evilgambler,EvilGambler,イビルギャンブラー,邪恶赌徒,邪惡賭徒,Элой Азартный Игрок,Apostador do Mal,
Notifier,Notifier,ノーティファー,噪音制造者,噪音製造者,Шум Огенератор,Produtor de Ruído,
Magician,Magician,マジシャン,魔术师,魔術師,Вaitолшебник,Mágico Убийца,
Limiter,Limiter,リミッター,限制者,限制者,Ограничитель,Limitador,
Decrescendo,Decrescendo,デクレッシェンド,渐弱者,漸弱者,Декресчендо,Decrescendo,
Alien,Alien,エイリアン,外星人,外星人,Чужак,Estrangeiro,
AlienHijack,AlienHijack,ハイジャックエイリアン
Mole,Mole,モグラ,鼹鼠,鼴鼠,Крот,Verruga,Прогресс
SpeedStar,SpeedStar,スピードスター
EvilTeller,EvilTeller,イビルテラー
ProgressKiller,ProgressKiller,プログレスキラー,进度杀手,進度殺手,Прогресс Убийца,Progresso Killer,
EvilAddoer,EvilAddoer,イビルアドナー
ConnectSaver,ConnectSaver,コネクトセーバー
Reloader,Reloader,リローダー
Jumper,Jumper,ジャンパー
EarnestWolf,EarnestWolf,一途な狼
Amnesiac,Amnesiac,記憶喪失者
Camouflager,Camouflager,カモフラージャー
EvilSatellite,EvilSatellite,イビルサテライト
Curser,Curser,カーサー,
ProBowler,ProBowler,プロボーラー
Eraser,Eraser,イレイサー
EvilMaker,EvilMaker,イビルメーカー
UnFortuner,UnFortuner,アンフォーチュナー
QuickKiller,QuickKiller,クイックキラー
BorderKiller,BorderKiller,ボーダーキラー
Ballooner,Ballooner,バルーナー
ShapeKiller,Shape Killer,シェイプキラー
CharismaStar,Charisma Star,カリスマスター
Archer,Archer,アーチャー
EvilBlender,EvilBlender,イビルブレンダー
#ImpostorName

# マッドメイト系役職
Madmate,Madmate,マッドメイト,叛徒,叛徒,Безумец,Tripulante Louco,Tripulante Louco
MadGuardian,Mad Guardian,マッドガーディアン,背叛的天使,背叛的天使,Безумный Страж,Guardião Louco,Guardião Louco
MadSnitch,Mad Snitch,マッドスニッチ,背叛的告密者,背叛的告密者,Безумный Стукач,Dedo-Duro Louco,Dedo-Duro Louco
SKMadmate,Sidekick Madmate,サイドキックマッドメイト,叛徒跟班,叛徒跟班,Союзник Безумца,Tripulante Louco Ajudante,Tripulante Louco Ajudante
MadJester,MadJester,マッドジェスター,背叛的小丑,背叛的小醜,Безумный Шут,Jester Louco,
MadTeller,MadTeller,マッドテラー,背叛的调查员,背叛的調查員,Безумный Гадалка,Cartomante Louco,
MadBait,MadBait,マッドベイト,背叛的诱饵,瘋狂的誘餌,Безумный Приманка,Isca Louco,
MadReduced,MadReduced,マッドリデュース,背叛的精简者,背叛的精簡者,Безумный Теллер,Redutor Louco,
MadAvenger,MadAvenger,マッドアベンジャー,背叛的复仇者,背叛的復仇者,Безумный Мститель,Vingador Louco,
MadWorker,MadWorker,マッドワーカー
MadTracker,MadTracker,マッドトラッカー,,,,
MadChanger,MadChanger,マッドチェンジャー
MadSuicide,MadSuicide,マッドスーサイド
MadBetrayer,MadBetrayer,マッドベトレイヤー
Betrayer,Betrayer,ベトレイヤー
MadHacker,MadHacker,マッドハッカー
MadWare,MadWare,マッドウェア
Nue,Nue,鵺
#MadmateName

# 特殊クルー役職
Bait,Bait,ベイト,诱饵,誘餌,Приманка,Isca,Isca
Lighter,Lighter,ライター,执灯人,持燈人,Фонарь,Lanterneiro,Isqueiro
Mayor,Mayor,メイヤー,市长,市長,Мэр,Prefeito,Prefeito
SabotageMaster,Sabotage Master,サボタージュマスター,修理工,修理工,Мастер Саботажа,Faz-Tudo,Mestre Sabotador
Sheriff,Sheriff,シェリフ,警长,警長,Шериф,Xerife,Xerife
Snitch,Snitch,スニッチ,告密者,告密者,Стукач,Dedo-Duro,Dedo-Duro
SpeedBooster,Speed Booster,スピードブースター,增速者,增速者,Ускоритель,Corredor,Corredor
Doctor,Doctor,ドクター,医生,法醫,Доктор,Médico,Médico
Trapper,Trapper,トラッパー,陷阱师,設陷者,Охотник,Armadilheiro,Armadilheiro
Dictator,Dictator,ディクテーター,独裁者,獨裁主義者,Диктатор,Ditador,Ditador
Seer,Seer,シーア,灵媒,靈媒,Провидец,Vidente,Vidente
TimeManager,TimeManager,タイムマネージャー,时间管理者,時間大師,Мастер Времени,Dono do Tempo,
VentMaster,VentMaster,ベントマスター,通风管大师,通風口大師,ВентиляцияMастер,VentMastre,
Bakery,Bakery,パン屋,面包师,麵包師,Пекарь,"Ppadeiro""",
FortuneTeller,FortuneTeller,占い師,占卜师,占卜師,Гадалка,Cartomante,
ToiletFan,ToiletFan,トイレファン,厕所师,廁所師,Туалетная мания,Mania de Banheiro,
TaskStar,TaskStar,タスクスター,任务之星,任務之星,Звезда Задача,Estrela de Tarefa,
PonkotuTeller,PonkotuTeller,ぽんこつ占い師,无用占卜师,無用占卜師,Бесполезный Гадалка,Cartomante Inútil,
UltraStar,UltraStar,ウルトラスター,大明星,,,,
MeetingSheriff,MeetingSheriff,ミーティングシェリフ,会议警长,,,,
GuardMaster,GuardMaster,ガードマスター,护卫长,,,,
Shyboy,Shyboy,シャイボーイ,羞涩男孩,,,,
Balancer,Balancer,天秤,平衡者,,,,
ShrineMaiden,ShrineMaiden,巫女,神社少女,,,,
Comebacker,Comebacker,カムバッカー,后卫,,,,
WhiteHacker,WhiteHacker,ホワイトハッカー
Fortuner,Fortuner,フォーチュナー
WolfBoy,WolfBoy,狼少年
NiceAddoer,NiceAddoer,ナイスアドナー
InSender,InSender,インセンダー
Staff,Staff,スタッフ
SwitchSheriff,SwitchSheriff,スイッチシェリフ
NiceLogger,NiceLogger,ナイスロガー
Android,Android,アンドロイド
Psychic,Psychic,サイキック
Efficient,Efficient,エフィシェンシー
King,King,君臨者
AmateurTeller,AmateurTeller,かけだし占い師
Gasp,Gasp,ギャスプ
Cakeshop,CakeShop,ケーキ屋
Stolener,Stolener,ストルナー
Snowman,Snowman,雪だるま
VentOpener,VentOpener,ベントオープナー
VentHunter,VentHunter,ベントハンター
Satellite,Satellite,サテライト
Walker,walker,ウォーカー
AllArounder,AllArounder,オールラウンダー
Inspector,Inspector,捜査官
CandleLighter,Candle Lighter,キャンドルライター,
Express,Express,エクスプレス
Observer,Observer,観察者
Analyzer,Analyzer,アナライザー
Bear,Bear,熊,,,,,
#CrewmateName

# ニュートラル役職
Arsonist,Arsonist,アーソニスト,纵火犯,縱火犯,Поджигатель,Incendiário,Incendiário
Jester,Jester,ジェスター,小丑,小丑,Шут,Bobo,Bobo
Terrorist,Terrorist,テロリスト,恐怖分子,恐怖分子,Террорист,Terrorista,Terrorista
Executioner,Executioner,エクスキューショナー,"处刑者,劊子手""",Палач,Executor,Executor
SchrodingerCat,Schrödinger's Cat,シュレディンガーの猫,薛定谔的猫,薛丁格的貓,Пленник,Gato de Schrodinger,Gato de Schrodinger
Opportunist,Opportunist,オポチュニスト,投机者,投機主義者,Выживший,Oportunista,Oportunista
Egoist,Egoist,エゴイスト,利己主义者,利己主義者,Эгоист,Egoísta,Egoísta
Lovers,Lovers,ラバーズ,恋人,戀人,Любовники,Amantes,Amantes
RedLovers,Red Lovers,レッドラバーズ,恋人,戀人,Любовники,Amantes,Amantes
YellowLovers,Yellow Lovers,イエローラバーズ,恋人,戀人,Любовники,Amantes,Amantes
BlueLovers,Bule Lovers,ブルーラバーズ,恋人,戀人,Любовники,Amantes,Amantes
GreenLovers,Green Lovers,グリーンラバーズ,恋人,戀人,Любовники,Amantes,Amantes
WhiteLovers,Wait Lovers,ホワイトラバーズ,恋人,戀人,Любовники,Amantes,Amantes
PurpleLovers,Purple Lovers,パープルラバーズ,恋人,戀人,Любовники,Amantes,Amantes
OneLove,OneLove,片思い
Jackal,Jackal,ジャッカル,豺狼,豺狼,Шакал,Lobo-Guará,Chacal
PlagueDoctor,Plague Doctor,ペスト医師,瘟疫医生,,Чумной Доктор,Médico da Peste,
Remotekiller,Remotekiller,リモートキラー,远程杀手,"远程杀手""",RemoteKiller,Tueur à distance,
JackalMafia,JackalMafia,ジャッカルマフィア,豺狼黑手党,豺狼黑手黨,Шакаловая мафия,Máfia do Chacal,
JackalWolf,JackalWolf,ジャッカルウルフ
Chef,Chef,シェフ,厨师,廚師,Шеф-Повар,Cozinheiro,
CountKiller,CountKiller,カウントキラー,伯爵杀手,伯爵殺手,Граф Киллер,Conde assassino,
GrimReaper,GrimReaper,死神
Madonna,Madonna,マドンナ,丘比特,,,,
MadonnaLovers,MadonnLovers,マドンナラバーズ,丘比特恋人,,,,
Amanojaku,Amanojaku,天邪鬼
Workaholic,Workaholic,ワーカホリック
Monochromer,Monochromer,モノクラー
Jackaldoll,Jackaldoll,ジャッカルドール
JackalAlien,JackalAlien,ジャッカルエイリアン
DoppelGanger,DoppelGanger,ドッペルゲンガー
MassMedia,MassMedia,マスメディア
Banker,Banker,バンカー
BakeCat,BakeCat,バケネコ
PhantomThief,PhantomThief,怪盗
Emptiness,Emptiness,空虚者
CurseMaker,CurseMaker,カースメーカー
Fox,Fox,妖狐
SantaClaus,SantaClaus,サンタクロース
Vulture,Vulture,ヴァルチャー
Turncoat,Turncoat,裏切者
Strawdoll,Strawdoll,藁人形
Missioneer,Missioneer,ミッショナー
Fool,Fool,愚か者
Imori,Imori,いもり,,,,,
#NeutralName

#コンビネーション役職
Driver,Driver,ドライバー,驾驶员,,,,
Braid,Braid,ブレイド,辫子,,,,
DriverandBraid,DriverandBraid,ドライバー</color>と<#ff1919>ブレイド</color>,驾驶员</color>和<#ff1919>辫子</color>
Assassin,Assassin,アサシン
Merlin,Merlin,マーリン
AssassinandMerlin,Assassin And Merlin,<#ff1919>アサシン</color>と<#8cc2ff>マーリン</color>
Twins,Twins,双子
Faction,Faction,徒党
Vega,Vega,織姫
Altair,Altair,彦星
VegaandAltair,Vega And Altair,織姫</color>と<#b0c4de>彦星</color>
FoolandNue,FoolandNue,<#8b6d61>愚か者</color>と<#be7c35>鵺</color>

# HideAndSeek
HASFox,Fox,狐,狐狸,狐妖,Лис,Raposa,Raposa
HASTroll,Troll,トロール,猎人,誘捕者,Тролль,Troll,Troll

# TaskBattle
TaskPlayerB,Player,プレイヤー
TaskRTAInfo,~Task Real Time Attack~,～己の限界を超えよ～
TaskBattleSet,TaskBattle Options,タスクバトル設定
TaskBattle,TaskBattle,タスクバトル,任务战,任務戰,ЗадачаБитва,TâcheBataille,
TaskBattleCanVent,Can Vent,ベントを使える,可以使用通风管,,,,
TaskBattleVentCooldown,Vent Cooldown,ベントクールダウン,通风管冷却时间,,,,
TaskBattelCanSeeOtherPlayer,Can See Other Players Number Of Tasks,他のプレイヤーのタスク数を表示する,可以查看其他玩家的任务数量,,,,
TaskBattelShowAllTask,Can See Total Number Of Tasks,合計タスク数を表示する,可以查看任务总数,,,,
TaskBattleShowFastestPlayer,Can See Fastest Player Number Of Tasks,一番速い人のタスク数を表示する,可查看最快玩家的任务数量,,,,
TaskBattleTeamMode,Enable Team Mode,チームモードを有効にする,启用团队模式,,,,
TaskBattleTeamCount,Number of teams,チーム数,团队数量,,,,
TaskBattleTeamGameTaskComp,Set the game end condition to the total number of tasks completed by the team,ゲーム終了条件をチームの合計タスク完了数にする,将游戏结束条件设置为团队完成任务的总数,,,,
TaskBattleTeamWinTaskc,Total Number of Tasks,合計タスク数,任务总数,,,,
TaskBattleInfo,Task battle:\nEveryone is assigned a crew and no meetings can be held.\nOnly the player who completes all tasks first can win. (with settings),タスクバトル:\n全員にクルーが割り当てられ、会議を開くことはできない。\n一番最初にタスクを全て完了させたプレイヤーのみ勝利することができる。(設定有),任务战：\n每个人都被分配到一个团队，不能开启会议。\n只有先完成所有任务的玩家才能获胜（可设置）,,,,
TaskSoroeru,Align the Tasks,全員のタスクを共通にする
TaskAddMode,Task Add Mode,タスク完了時にタスクを追加する
MaxAddCount,Max Add Count,追加回数
AllMapMode,AllMapMode(Only Solo play),全マップ周遊モード(RTA専用)
TaskBattle_Time,Time,タイム

# GM
GM,GM,ゲームマスター,GM(管理员),GM(遊戲大師),Мастер Игры,MJ(Mestre de Jogo),GM(Fantasma)

# ラスト属性
OneWolf,OneWolf,一匹狼
LastImpostor,Last Impostor,ラストインポスター,绝境者,絕境者,Последний Предатель,Último Impostor,Último Impostor
LastNeutral,Last Neutral,ラストニュートラル,最后的中立,,,,
Workhorse,Workhorse,ワークホース,加班狂,加班狂,Работник,Burro de Carga,

# GhostRole
GhostRole,GhostRole,GhostRoll
Ghostbuttoner,Ghostbuttoner,ゴーストボタナー
GhostNoiseSender,GhostNoiseSender,ゴーストノイズセンダー
GhostReseter,GhostReseter,ゴーストリセッター
GhostRumour,GhostRumour,ゴーストルーモア
DemonicTracker,DemonicTracker,デーモントラッカー
DemonicVenter,DemonicVenter,デーモンベンター
DemonicCrusher,DemonicCrusher,デーモンクラッシャー
DemonicSupporter,DemonicSupporter,デーモンサポーター
AsistingAngel,AsistingAngel,アシスティングエンジェル

# バフ属性
Watching,Watching,ウォッチング,窥视者,觀察者,Наблюдатель,Observador,Observador
Speeding,Speeding,スピーディング,闪电侠,,,,
Moon,Moon,ムーン,月亮,,,,
Guesser,Guesser,ゲッサー,赌怪,,,,
Lighting,Lighting,ライティング,太阳,,,,
Management,Management,マネジメント,署长,,,,
Connecting,Connecting,コネクティング,"连接""",,,,
Serial,Serial,シリアル,串行,,,,
PlusVote,PlusVote,プラスポート,额外投票者,,,,
Opener,Opener,オープナー,开场白,,,,
Seeing,Seeing,シーイング,灵媒,,,,
Revenger,Revenger,リベンジャー,妖怪猫,,,,
Autopsy,Autopsy,オートプシー,护士,,,,
Tiebreaker,Tiebreaker,タイブレーカー
Guarding,Guarding,ガーディング
MagicHand,MagicHand,マジックハンド
AntiTeleporter,AntiTeleporter,アンチテレポーター
Powerful,Powerful,パワフル
Stack,Stack,スタック
Absorb,Absorb,アブソーブ

# デバフ属性
SlowStarter,SlowStarter,スロースターター
NonReport,NonReport,ノンレポート,非召集人,,,,
Notvoter,Notvoter,ノットヴォウター,非投票者,,,,
Elector,Elector,イレクター,选举人,,,,
Water,Water,ウォーター,水,,,,
Slacker,Slacker,スラッカー,懒鬼,,,,
Clumsy,Clumsy,クラムシー,低电量,,,,
Transparent,Transparent,トランスパレント,透明,,,,
Amnesia,Loss of memory,アムネシア
InfoPoor,InfoPoor,インフォプアー
News,News,ニュース
Sunglasses,Sunglasses,サングラス

# その他
Team,Team,陣営
CustomRoleTypes.Crewmate,Crewmate,クルー,船员,,Членов Экипажа,Tripulante,
CustomRoleTypes.Impostor,Impostor,インポスター,内鬼,,Предателей,Impostor,
CustomRoleTypes.Neutral,Neutral,ニュートラル,独立,,Нейтралов,Neutro,
CustomRoleTypes.Madmate,Mad,マッド,叛徒,,Безумцев,Louco,
TeamCrewmate,Team Crewmates,クルー陣営,船员阵营,,Команда Членов Экипажа,Time Tripulantes,
TeamImpostor,Team Impostors,インポスター陣営,内鬼阵营,幫助偽裝者,Команда Предателей,Time Impostor,Time Impostor
TeamEgoist,Team EgoistTeam ,エゴイスト陣営,野心家阵营,利己主義者陣營,Команда Эгоистов,Time Egoísta,Time Egoísta
TeamJackal,Team Jackal,ジャッカル陣営,豺狼阵营,豺狼陣營,Команда Шакалов,Time Guará,Time Chacal
TeamMilkyWay,Team MilkyWay,天の川陣営,,,,,
Team2,Team{0},チーム{0}の
MilkyWay,MilkyWay,天の川


## 役職説明ショート
NeutralInfo,Independent forces unaffiliated with any other teams,他のどの陣営にも属さない孤高の陣営,不属于其他阵营的独立阵营,你屬於一個獨立陣營且不受其他陣營或職業的獲勝條件引響,Команда которая не принадлежит ни к каким другим командам,Forças independentes que não pertencem a nenhuma outra equipe,Um time solitário que não pertence a nenhum outro time

# 特殊インポスター役職
BountyHunterInfo,Eliminate your target,標的を確実に仕留めよう,猎杀你的赏金目标,拿下你的目標,Охотьтесь за своей целью,Elimine o seu alvo,Elimine o seu alvo
MareInfo,Darkness aids you. Kill,闇の世界で暗殺せよ,在黑暗中作案,你恐懼黑暗嗎?,Убивайте в темноте,A escuridão está do seu lado. Mate!,O escuro está do seu lado. Mate
FireWorksInfo,Go out with a BANG,最後に一華咲かせよう,一起来看最后的烟花吧,在最後時刻來放煙火吧,Морфитесь чтобы поставить фейерверк,Termine com uma EXPLOSÃO,Termine com uma EXPLOSÃO
SerialKillerInfo,Unleash your bloodlust,殺人衝動が抑えられない,你渴望鲜血，抑制不住你的冲动,你無法抑制你的殺人衝動,Убивай чтобы ты не умер,Liberte sua sede por sangue,Liberte sua sede por sangue
ShapeMasterInfo,Shapeshift and confuse others,変身して敵を混乱させよう,变成他人，迷惑对手,你知道我是誰嗎?,Морфитесь чтобы запутать всех Членов Экипажа,Troque de corpos e confunda outros,Troque de corpos e confunda outros
VampireInfo,Bite and annihilate,クルーを噛んで全滅させよう,吸干他们的血,吸取他們的血,Прокусите всех Членов Экипажа,Morda e aniquile,Morda e aniquile
WarlockInfo,Cast your curses,敵を呪い殺そう,给你的敌人下咒,借刀殺人,Прокляните всех Членов Экипажа,Lance sua maldição,Lance sua maldição
WitchInfo,Cast your spells,敵に魔術をかけよう,诅咒你的敌人,施展你的魔法來讓你的敵人死亡,Заклинайте Членов Экипажа,Lance o seu feitiço,Lance o seu feitiço
MafiaInfo,Support the Impostors and kill,インポスターの援助をしよう,帮助其他内鬼杀掉所有人,幫助偽裝者們殺死所有人,Помогите Предателям убить всех,Ajude os impostores e mate,Ajude os impostores e mate
BeforeMafiaInfo,You can't kill yet,今はキルをすることができない,潜伏以等候时机,潛伏以等待時機,Вы еще не можете убивать,Você ainda não pode matar,Você ainda não pode matar
AfterMafiaInfo,It's time to kill,サボを活用して皆殺しにしよう,杀光所有人,殺光所有人吧,Время убивать,Está na hora de matar,Está na hora de matar
PuppeteerInfo,Force the Crewmate to kill,敵を操って皆殺しにしよう,操纵敌人，杀光船员,操控對象並殺光所有人,Заставьте Члена Экипажа убить,Force os tripulantes a matar,Force os tripulantes a matar
TimeThiefInfo,Kill to steal meeting time,敵を殺し、会議時間を奪おう,不仅夺走他们的性命，还有他们的时间,殺光你的敵人並將會議時間縮短,Убивайте игроков чтобы сократить время встречи,Mate para roubar tempo de reunião,Mate para roubar tempo de reunião
SniperInfo,Snipe,狙い撃つぜ,瞄准敌人，射击！,讓你的敵人在你的狙擊下死亡,Стреляйте в Членов Экипажа на расстоянии,Hora de atirar,Hora de atirar
EvilTrackerInfo,Track others,プレイヤーを追跡しろ,让我看看，我的小目标在哪,你不要過來啊啊阿,Отслеживайте Игроков,Localize os outros,Localize os outros
StealthInfo,Act unseen in the dark world...,闇の世界で暗躍せよ,,,Действуйте незаметно в темноте,Tabalhe sem ser visto no mundo escuro...,
NekoKabochaInfo,Take your killer to your grave,死なばもろとも,,,Отведи своего убийцу в могилу,Leve seu assassino para o túmulo,
EvilHackerInfo,Hack systems,システムをハッキングせよ,,,Взломайте систему,Hackeie sistemas,
PenguinInfo,Let's drag and kill!,ぺちぺち！,,,Давайте тащить и убивать!,Vamos arrastar e matar!,
InsiderInfo,Knowledge is power,知は力なり,,,Знание - сила!,Conhecimento é poder,
AntiReporterInfo,I won't let you report a corpse!,死体通報はさせないぞ！,我不会让你举报尸体的！,我不會讓你舉報屍體的！,Я не позволю вам сообщить о трупе!,Eu não vou deixar você denunciar um cadáver!,
TeleportKillerInfo,Teleport to you!,君のもとへテレポート！,传送到你身边！,傳送到你身邊！,Телепортируйтесь к вам!,Teletransporte para você!,
BomberInfo,Art is a blast,芸術は爆発だ,艺术是一种爆炸,藝術是一種爆炸,Искусство - это взрыв,A arte é uma explosão,
TairouInfo,Confuse the Crewmates,クルーを惑わせ！
EvilgamblerInfo,Life is a Gamble,人生はギャンブルゾイ
NotifierInfo,Don't be afraid of kill,キルを恐れるな
MagicianInfo,Let me show you some magic,マジックを見せてやろう
LimiterInfo,Can we at least die together at the end?,最期は一緒に逝こ?
DecrescendoInfo,gradually weaken...,だんだん弱く...
AlienInfo,A-lien I'm A-lien,ナ ニ カ が起こる胸騒ぎ
AlienHijackInfo,Give you Ability...,あなたに未体験あげる
MoleInfo,Continue on the road less traveled,道なき道を進んだ先は...
SpeedStarInfo,pwuuhhhhhhhhhhhhhhhh,ﾋﾟｭｳｳｳｳｳｳｳｳｳｳｳｳｳｳﾝ
EvilTellerInfo,I know... I know...,分かる...分かるぞ...
ProgressKillerInfo,Let's eliminate them before they shine,働き者を見つけ、キルしよう
DriverInfo,Ruin the crew with Blade,ブレイドと共にクルーを破滅せよ
EvilAddoerInfo,Let's utilize our various abilities and kill them all,様々な能力を活用し、皆殺しにしよう
ConnectSaverInfo,You are connected,君たちは繋がっている
ReloaderInfo,Let's reload and shoot!!,即座にリロードして発射しよう
JumperInfo,Byo~~~~~n schat!,びょ～～～～～んｽﾁｬｯ
EarnestWolfInfo,If I work hard...!,僕が頑張ったら...!
AmnesiacInfo,Am I forgetting something?,なにか忘れてるような...
CamouflagerInfo,Illusion!,イリュージョン!
EvilSatelliteInfo,Where have you been?,君がいたのはどこなんだい?
CurserInfo,Curse and curse and finally tome!,呪って呪って最後はトドメ！
ProBowlerInfo,Strike!,あそこをめがけて！
EraserInfo,Turn it all off,全てを消せ
EvilMakerInfo,Make Madmate,共犯者を増やせ...
QuickKillerInfo,Quickly and a lot,ｼｭﾊﾟﾊﾟｰﾝ!
BorderKillerInfo,Kill a certain number of Crew,目標人数を目指して殺せ
BalloonerInfo,Shu...Boooooom!,膨らませて...ドッカーン！
ShapeKillerInfo,Shape & Camouflage Report,プレイヤーを偽装しよう
CharismaStarInfo,Are you coming to my place？,オレんとこ来ないか？
AssassinInfo,Who is Merlin?,マーリンは誰だ...?
ArcherInfo,———Pierce through,——————貫け。
EvilBlenderInfo,Chemistry solves everything,化学は裏切らない
UnFortunerInfo,Happiness for Only Impostors,幸せになりたい...
#ImpostorInfo

# マッドメイト系役職
MadmateInfo,Help the Impostors,インポスターの援助をしよう,帮助内鬼,幫助偽裝者,Помогите Предателям,Ajude os Impostores,Ajude os Impostores
BeforeMadmateInfo,Finish your tasks,タスクを済ませろ,完成你的任务,完成你的任務,Завершите свои задания,Termine as suas tarefas,Termine as suas tarefas
MadGuardianInfo,Finish your tasks and help the Impostors,タスクを済ませ、インポスターの援助をしよう,完成任务后来帮助内鬼,完成你的任務並幫助偽裝者,"Завершите свои задания, чтобы помочь Предателям",Termine as suas tarefas e ajude os Impostores,Termine as suas tarefas e ajude os Impostores
MadSnitchInfo,Finish your tasks and help the Impostors,タスクを済ませ、インポスターの援助をしよう,完成任务后来帮助内鬼,完成你的任務並幫助偽裝者,"Завершите свои задания, чтобы помочь Предателям",Termine as suas tarefas e ajude os Impostores,Termine as suas tarefas e ajude os Impostores
SKMadmateInfo,You are now on Team Impostors,サイドキックにされた,你是内鬼的好帮手,你現在屬於偽裝者們了，盡你所能幫助他們,Теперь вы в команде Предателя,Você agora está no Time Impostor,Você agora está no Time Impostor
MadJesterInfo,Get banished and lead your Impostors to victory,追放されて、インポスターを勝利へ導こう,被放逐并带领你的冒名顶替者走向胜利,被放逐並帶領你的冒名頂替者走向勝利,Получите изгнание и приведите своего Самозванца к победе,Seja banido e leve seu Impostor à vitória,
MadTellerInfo,"Find and help Impostors""",インポスターを探し出し、援助をしよう
MadBaitInfo,Trap your enemies,敵を罠にはめよう,引诱敌人落入你的陷阱当中,誘捕你的敵人,Ловите своих врагов,Prenda os seus inimigos,Prenda os seus inimigos
MadReducedInfo,Reduced vote count and help the Impostors,投票数を減らし、インポスターの援助をしよう
MadAvengerInfo,Flowers for your late husband.,今は亡きご主人に花束をー
BraidInfo,"Let's assist the Impostor, especially the driver",インポスター、特にドライバー様の援助をしよう
MadWorkerInfo,Complete the tasks and lead the Imposter to victory,タスクを済ませ、インポスターを勝利へ導こう
MadTrackerInfo,Use your abilities to assist the Imposter,能力を駆使し、インポスターの援助をしよう
MadChangerInfo,We've switched!?,僕達...入れ替わってる...!?
MadSuicideInfo,For the Impostor...,ご主人様の為なら...
MadBetrayerInfo,To suit one's own convenience,ご主人は我の手駒
MadHackerInfo,Meeting into disarray with information,情報で会議を錯乱させよ
MadWareInfo,Ship has a vulnerability,この船には脆弱性がある
NueInfo,Possess me to Impostor,あの愚図を見つけ出し、吸収せよ
#MadmateInfo

# 特殊クルー役職
BaitInfo,Trap your enemies,敵を罠にはめよう,引诱敌人落入你的陷阱当中,誘捕你的敵人,Ловите своих врагов,Prenda os seus inimigos,Prenda os seus inimigos
LighterInfo,Light 'em up,すべてを照らそう,驱散黑暗，照亮前路,夜空中最亮的星,Увеличьте свой обзор выполнив свои задания,Luz para todo lado,Luz para todo lado
MayorInfo,Your vote has more influence,自分の票が何倍もの力を持っている,你的投票更有分量,你的票數更多更有料,У вас больше голосов,O seu voto tem mais influência,O seu voto tem mais influência
SabotageMasterInfo,Fix sabotages faster,より早くサボタージュを直そう,你是一个修理匠，修理本领强,更快的修理破壞,Устраните саботаж в одиночку,Conserte as sabotagens mais rápido,Conserte as sabotagens mais rápido
SheriffInfo,Shoot the Impostors,インポスターを撃ち抜け,把内鬼统统执法掉,執法偽裝者及中立陣營玩家們,Убивайте Предателей и Нейтралов,Atire nos Impostores,Atire nos Impostores
SnitchInfo,Finish your tasks to find the Impostors,タスクを早く済ませよう,完成任务 揪出内鬼,完成你的所有任務來找到偽裝者,Завершите свои задания чтобы узнать Предателей,Termine as suas tarefas para dedurar os Impostores,Termine as suas tarefas para dedurar os Impostores
SpeedBoosterInfo,Boost others' speed,走らせろ,让其他人跑起来吧,讓其他人跑得更快,Ускорьте случайного игрока,Impulsione a velocidade dos jogadores,Impulsione a velocidade dos jogadores
DoctorInfo,And thus they died...,斯くして奴は死んだ,调查他人死因,查看他們的死因,Вы знаете причину смерти игроков,Veja os sinais vitais e causa da morte,Veja os sinais vitais e causa da morte
TrapperInfo,Trap your enemies,敵を罠にはめよう,引诱敌人落入你的陷阱当中,誘捕你的敵人,Ловите своих врагов,Prenda os seus inimigos,Prenda os seus inimigos
DictatorInfo,Decide who to eject,独裁政治をしよう,让我统治世界，拥有无上的权利,讓所有人臣服於你,Повесьте своего врага на страх и риск,Escolha quem será exilado,Escolha quem será exilado
SeerInfo,You see the moment someone dies,他人の死んだ瞬間がわかる,你能感知死亡,你擁有陰陽眼,Вы видите когда умирают игроки,Veja o momento em que alguém morre,Veja o momento em que alguém morre
TimeManagerInfo,Do the tasks and extend meeting time,タスクをして会議時間を延ばそう,任务搞快点，不就有时间开会了嘛,完成你的任務來延長會議時間,Выполняйте задания чтобы увеличить время встречи,Faça as tarefas e aumente o tempo de reunião,
BakeryInfo,How about delicious bread?,美味しいパンはいかが？,好吃的面包怎么样？,好吃的麵包怎麼樣？,Как насчет вкусного хлеба?,Que tal um pão delicioso?,
FortuneTellerInfo,What is that person's job title?,あの人の役職はなにかな？,那个人的职称是什么？,那個人的職稱是什麼？,Как называется должность этого человека?,Qual é o cargo dessa pessoa?,
ToiletFanInfo,As soon as possible...,少しでも早く...,,,,
TaskStarInfo,Complete your tasks and shine!,タスクを済ませて輝け！,,,,
VentMasterInfo,Listen for vents opening and closing,ベントの開閉音を聞き取ろう,聆听通风口的打开和关闭,聆聽通風口的打開和關閉,Прислушивайтесь к открытию и закрытию вентиляционных отверстий,Ouça os respiradouros abrindo e fechando,
PonkotuTellerInfo,I made a mistake again!!,あれ!?この人...敵だったの!?,,,,
UltraStarInfo,I'm UltraStar!!!!!!!!,ﾃｯﾃｯﾃｰﾃﾃｯﾃｰﾃｯﾃｯﾃｰ,,,,
MeetingSheriffInfo,It's time to bring down the hammer of justice,正義の鉄槌でインポスターを撃ち抜け,,,,
GuardMasterInfo,Defense is the best offense,ガードしてインポスターを暴け！
ShyboyInfo,H...He....Hey....,あ...えっと...その...
BalancerInfo,"(x+y)/2,(x+y)/2","(x+y)/2,(x+y)/2"
ShrineMaidenInfo,I can hear the voice of a spirit...,霊の声が...聞こえる...
ComebackerInfo,Comeback to the previous vent!!,前回のベントへカムバック!!
WhiteHackerInfo,I put a GPS on you,君にGPSを仕掛けておいたのさ
FortunerInfo,give for fortune...,貴方に幸あれ
WolfBoyInfo,I'm on your side!Trust me!,僕は味方だよ！信じて！！
NiceAddoerInfo,Utilize a variety of abilities to find the Imposter,様々な能力を活用し、インポスターを見つけ出そう
InSenderInfo,It's the least I can do...!,せめてもの抵抗さ...!
SwitchSheriffInfo,Shoot the imposter. But don't neglect the task either,インポスターを撃ち抜け。但しタスクも疎かにするな
StaffInfo,let's do your tasks,タスクをこなそう
NiceLoggerInfo,Make good use of sensors!,センサーを上手く活用しよう
AndroidInfo,01001011,01001011
PsychicInfo,Got your thoughts,君の思いは受け取った
EfficientInfo,Perform tasks efficiently,いっけな～い!!タスク～タスク～
KingInfo,"All of you, honor me and bow down to me",皆の者、我を称え、ひれ伏すが良い
AmateurTellerInfo,What does this mean?,これって意味なんだっけ
GaspInfo,Geeeeeeeeeeeeeeeee!!!,最後のあがきだ
CakeshopInfo,It's delicious Cake :),<size=70%>美味しいケーキ！ねぇ!ほらそこの君も食べて！！</size>\n<size=40%>チキン?おせち?そば?いんや、ケーキだね!!</size></color>
StolenerInfo,Oh... don't steal it!,あっ...盗らないでよ!!
SnowmanInfo,Hope the snow doesn't melt too fast...,溶けきらないように...
VentOpenerInfo,Who is hiding in the vent?,ベントに籠ってるのだ～れだ♪,,,,,
VentHunterInfo,Anyone who enters the vent is evil,ベントに潜んでる奴は悪に決まってる!
SatelliteInfo,The satellites are Watching you,人工衛星は君たちを監視している
WalkerInfo,Walk a lot!,てくてく
AllArounderInfo,I can do anything!,僕、なんでもできます！
InspectorInfo,The culprit was...,全てわかりました...犯人は...
CandleLighterInfo,By the time the wax is gone...,ろうが無くなるまでには、、,
ExpressInfo,Let's run around comfortably,気持ちよく駆け回ろう,
MerlinInfo,Make it work,アサシンに気づかれる事無く、上手くやり通せ。
ObserverInfo,I'm keeping an eye on you.,見張ってるで...!
AnalyzerInfo,,さぁて...今どんな感じかな?
BearInfo,Just has a longer reach,リーチが長い!,,,,,
#CrewmateInfo

# ニュートラル役職
ArsonistInfo,Burn them to crisps,燃やせ,火焰给我燃烧起来吧！,燒吧，燒吧，燃燒吧,Облейте и подожгите всех игроков,Queime tudo em pedacinhos,Queime tudo em pedacinhos
JesterInfo,Get voted out,追放されよう,让他们把你这个假货投出去,想個辦法讓你被投出去,Заставь игроков изгнать себя,Seja exilado,Seja exilado
OpportunistInfo,Just stay alive,とにかく生き残りましょう,苟着吧，苟也是个不错的选择,盡你所能地活下去吧!,Останьтесь в живых,Sobreviva a qualquer custo,Sobreviva a qualquer custo
SchrodingerCatInfo,Get killed and join your killer's team,殺されて陣営に所属しろ,加入击杀者的阵营,打不過就加入,Дайте убить себя и присоединитесь к команде убийц,Ao morrer entre para o time que lhe matou,Ao morrer entre para o time que lhe matou
CSchrodingerCatInfo,You are now on Team Crewmate,クルーの味方になった,你加入了船员阵营，帮助船员找出内鬼,"你現在變成船員了, 幫助船員們找出偽裝者們和中立帶刀者",Теперь вы за Членов Экипажа,Você agora é do Time Tripulante,
MSchrodingerCatInfo,You are now on Team Impostor,インポスターの味方になった,你加入了内鬼阵营，掩护自己的内鬼同伴，并且一起胜利,你現在變成偽裝者了，但是你不能殺人，盡量掩護你的隊友的身分,Теперь вы за Предателей,Você agora é do Time Impostor,Você agora é do Time Impostor
EgoSchrodingerCatInfo,You are now on Team Egoist,エゴイストの味方になった,你成为了野心家的伙伴,你是利己主義者的跟班,Теперь вы за Эгоистов,Você agora é do Time Egoísta,Você agora é do Time Egoísta
JSchrodingerCatInfo,You are now on Team Jackal,ジャッカルの味方になった,你是豺狼的跟班，传宗接代是个好选择,你是豺狼的跟班，但可惜的是你不能殺人,Теперь вы за Шакалов,Você agora é do Time Guará,Você agora é do Time Chacal
TerroristInfo,"Finish your tasks, THEN die",タスクを済ませ、自爆しよう,都别想活着，和我一起同归于尽！,我要開飛船撞Mira總部,Умрите после выполнения всех заданий,"Termine suas tarefas, DEPOIS morra","Termine suas tarefas, DEPOIS morra"
ExecutionerInfo,Get your target voted out,ターゲットを追放させよう,不惜一切代价把你的目标票出去！,想盡一切辦法來投出你的目標,Заставь игроков изгнать свою цель,Faça o seu alvo ser exilado,Faça o seu alvo ser exilado
EgoistInfo,Take over the Impostors' victory,インポスター勝利を独占しよう,夺走内鬼的胜利,讓我們來奪取偽裝者的勝利,Не дай Предателям победить,Ganhe no lugar do Impostor,Ganhe no lugar do Impostor
LoversInfo,"Live happily ever after, together",恋人と生きて幸せを掴もう,你们坠入了爱河，成为了一对恋人，一起活到最后吧！,你墜入了愛河,Выживите со своим Любовником,"Vivam felizes para sempre, juntos","Vivam felizes para sempre, juntos"
RedLoversInfo,This passion is for you!,この情熱を貴方に！,你们坠入了爱河，成为了一对恋人，一起活到最后吧！,你墜入了愛河,Выживите со своим Любовником,"Vivam felizes para sempre, juntos","Vivam felizes para sempre, juntos"
YellowLoversInfo,You are more beautiful than the stars,君は星より美しい。,你们坠入了爱河，成为了一对恋人，一起活到最后吧！,你墜入了愛河,Выживите со своим Любовником,"Vivam felizes para sempre, juntos","Vivam felizes para sempre, juntos"
BlueLoversInfo,I'll dye you with my colors,君を僕の色で染めてあげる,你们坠入了爱河，成为了一对恋人，一起活到最后吧！,你墜入了愛河,Выживите со своим Любовником,"Vivam felizes para sempre, juntos","Vivam felizes para sempre, juntos"
GreenLoversInfo, I feel at home when I'm with you,君と一緒にいたら落ち着くんだ,你们坠入了爱河，成为了一对恋人，一起活到最后吧！,你墜入了愛河,Выживите со своим Любовником,"Vivam felizes para sempre, juntos","Vivam felizes para sempre, juntos"
WhiteLoversInfo,Shiroi Koibito,白  い  恋  人,你们坠入了爱河，成为了一对恋人，一起活到最后吧！,你墜入了愛河,Выживите со своим Любовником,"Vivam felizes para sempre, juntos","Vivam felizes para sempre, juntos"
PurpleLoversInfo,Hey! You said you liked me?,ねぇ!!あたしの事好きって言ったじゃん!!,你们坠入了爱河，成为了一对恋人，一起活到最后吧！,你墜入了愛河,Выживите со своим Любовником,"Vivam felizes para sempre, juntos","Vivam felizes para sempre, juntos"
OneLoveInfo,I'd like to be there for you...,貴方のそばにそっといたいな...
JackalInfo,Kill Everyone,すべてを殺せ,快去杀光所有人，一只苍蝇都不要剩下！,殺光所有人不留活口,Убей всех игроков,Mate todos,Mate todos
PlagueDoctorInfo,Spread disease to wipe out the crew,ペストをばらまけ,,,Распространите чуму,Espalhe doenças para acabar com a tripulação,
JackalMafiaInfo,Rescue the Jackal,ジャッカルの援助をしよう,拯救豺狼,拯救豺狼,Спасите шакала,Resgate o Chacal,
ChefInfo,Give everyone the food!,全員に料理を渡そう！,给大家食物！,給大家食物！,Дайте всем еду!,Dê a todos a comida!,
CountKillerInfo,How many more are you going to kill?,あと何人殺そうかな？,你还要杀多少人？,你還要殺多少人？,Скольких еще ты собираешься убить?,Quantos mais vai matar?,
RemotekillerInfo,Kill everything remotely,遠隔キルを使いこなし、すべてを殺せ,远程杀死一切,遠程殺死一切,Убейте все удаленно,Mate tudo remotamente,
GrimReaperInfo,Hey! Go My House!,君を天界へ連れ去りに来た
MadonnaInfo,I'm Madonna from School No.1,あたしは学校一のマドンナ!
MadonnaLoversInfo,I got a lover!,恋人ができました！
AmanojakuInfo,My head is already spinning,僕の頭ん中はもうグルグルさ
WorkaholicInfo,Task!!! Task!!! Task!!!,私は働かなければならない
MonochromerInfo,Even though your world has color,君の世界には色があるのに...
JackaldollInfo,You are now on Team Jackals,ジャッカルの援助をしよう
DoppelGangerInfo,Your soul is mine,ちゃんと君を生きてやるから
MassMediaInfo,Do you have anything interesting to share?,面白いネタないかなぁ...
BankerInfo,Look at the situation and stand your ground,状況を見てうまく立ち回れ
BakeCatInfo,meow meow,にゃんにゃん(=^・・^=)
ChameleonInfo,For this and that,あんなのやこんなのに
PhantomThiefInfo,I'm going to steal your “victory”...,君の“勝利”は盗ませてもらうよ…
EmptinessInfo,............,...............
CurseMakerInfo,All Curse...,全てを呪え
JackalAlienInfo,A-lien you is A-lien...,高鳴る気持ちが抑えられない
FoxInfo,Knock knock,人を避け、最後まで生き残れ。
SantaClausInfo,A gift for everyone!,皆にプレゼントを！
VultureInfo,I'm hungry...,お腹が空いた...
TurncoatInfo,It's all your fault...,全部キミが悪いんだよ...
VegaInfo,Meet Altair...,彦星に会いたくて
AltairInfo,Let's make this ship a shooting star,この船を流れ星にしよう
StrawdollInfo,Use him as a substitute,アイツを身代わりに
MissioneerInfo,Mission is impossible,課題をこなせ
FoolInfo,Great power demands great justice,大いなる力は大いなる正義のために
JackalWolfInfo,,ﾜｫｫｰｰｰｰｰｰﾝ
ImoriInfo,Hide, then bite!,隠れて、噛みつけ!,,,,,
ImoriVentTimeForFirstKill,Vent Time For First Kill,最初のキルに必要なベント滞在秒数,,,,,
ImoriVentTimeIncreasePerKill,Vent Time Increase per Kill,キル毎に増加するベント滞在秒数,,,,,
Imori.KillUnlocked,You can now kill. Leave the vent to use your kill button.,キル可能になった。ベントを出るとキルボタンが使えるようになる。,,,,,
Imori.ReadyToKill,Kill Ready,キル可能,,,,,
#NeutralInfo

# HideAndSeek
HASFoxInfo,Just stay alive,とにかく生き残りましょう,活下去吧！活到最后你就成为了赢家！,盡你所能地活下去吧!,Останьтесь в живых,Sobreviva a qualquer custo,Sobreviva a qualquer custo
HASTrollInfo,Get killed,自爆しよう,轰！你为了同伴牺牲了！,盡可能讓獵人殺死你,Будьте убитым,Seja morto,Seja morto

# TaskBattle
TaskPlayerBInfo,Be the first to complete your tasks,タスクを誰よりも早く済ませよう,抢在其他人之前完成任务,搶在其他人之前完成任務,Выполняйте свои задачи раньше всех,Realize as suas tarefas antes de qualquer outra pessoa,

# GM
GMInfo,You are the Game Master,ゲームマスターだ,你是管理员，在旁边看戏吧,當吃瓜群眾在一旁看戲吧,Вы Мастер Игры,Você é o Mestre de Jogo (MJ),Você é o Mestre do Jogo (GM)

# GhostRoll
GhostbuttonerInfo,Call Meeting,おっと。あぶないあぶない
GhostNoiseSenderInfo,Bibbibi...bibibi!!,ﾋﾞﾋﾞﾋﾞﾋﾞﾋﾞﾋﾞ...ﾋﾟﾋﾟﾋﾟ!!
GhostReseterInfo,Just a little longer!,もうちょっとだけまってよ!!
GhostRumourInfo,The Last Thing I Can Do,僕にできる最期の事
GuardianAngelInfo,Protect the Crew.,クルーを守ろう
DemonicTrackerInfo,know where you are.,君の居場所はお見通し
DemonicVenterInfo,with a pop,こっそ～りこっそ～り
DemonicCrusherInfo,Dokaaaan!,どっかーん！
DemonicSupporterInfo,Carry out sabotage,サボタージュを起こそう
AsistingAngelInfo,will lead you to victory.,君を勝たせてあげる...

# 属性
LastImpostorInfo,You are the last of us,残ったのはあなただけ,你是狼村最后的希望…,你是狼村最後的希望...,Ты последний предатель,Você é o último Impostor,Você é o último Impostor
LastNeutralInfo,You are Last Neutral.,後は君に託した。
WorkhorseInfo,You have Extra tasks,タスクはまだ終わらない,这活还得继续肝,感覺不如做任務,Теперь у вас дополнительные задания,Você tem tarefas adicionais,
TwinsInfo,We are all in this together,僕らは以心伝心
FactionInfo,'”Let's give them a hand here for once.”',「「ここは一旦手を貸そう」」
OneWolfInfo,Perfectly fine on my own,仲間なんていらない

# バフ
WatchingInfo,Gaze upon all votes,みんなの投票に目を光らせよう,你可以看见所有人的投票，注意他们的选择,注意所有人的投票,Вы видите цвета голосов,Veja todos os votos,Veja todos os votos
SpeedingInfo,Fu...This Is Don't My ,ふっ..それは残像さ...
MoonInfo,Moon is beautiful,月がきれいですね...
GuesserInfo,You are the Perfect and Ultimate Guesser,君は完璧で究極のゲッサー
LightingInfo,To dey is Sunny,輝いて見えるだろう?
ManagementInfo,Aggregate everyone's tasks!,みんなのタスクを集計！
ConnectingInfo,I see.,丸っとお見通し。
SerialInfo,Don't stay,やめられないとまらない
PlusVoteInfo,You Vote Added,何度も投票してやるぞ！
OpenerInfo,Open sesame!,開けゴマ!
RevengerInfo,Let's die together,君も一緒に逝くんだよ？
SeeingInfo,I can see spirit,君が...見える...
AutopsyInfo,Unfortunately he...,非常に残念ですが...彼は...
TiebreakerInfo,Come on! This way!,だーかーらー!!こっち!!
GuardingInfo,I thought you were dead...,何をしてでも生き残りたいの！！
MagicHandInfo,I Have Magic hand,あらよっと
AntiTeleporterInfo,I don't want Teleport,絶対にテレポートしたくないでござる,我不想传送
PowerfulInfo,Power is Power!!,パワーがあれば問題無し!!
StackInfo,Add-onBundle,属性の詰め合わセット
AbsorbInfo,absorb for a short while,スポンジも驚く吸収力

# デバフ属性
SlowStarterInfo,I'm sure he'll do it later,んー...後5分だけぇ...
NonReportInfo,My megaphone is breaked,メガホンこわれちゃった...
NotvoterInfo,You dont Vote,投票権剥奪！？
ElectorInfo,Always Vote,君に決めた！
WaterInfo,I can't Fix Light down,配電盤触ったら感電しちゃう！！
SlackerInfo,I'm sleepey...,ふぁぁ...ねむねむ...( -ω-)
ClumsyInfo,"Sorry...Im Clumsy...""",これどうすればいいの!?
TransparentInfo,hey!! hey!!! plz report!!,ねぇ...なんで気付いてくれないの...
AmnesiaInfo,Where am I? Who am I?,ここはどこ..わたしはだれ...?
InfoPoorInfo,What!?,何もしてないのに壊れたんだけど！
NewsInfo,Breaking news...,臨時ニュースです...
SunglassesInfo,The thing that obstructed my view,我の視界を遮りしモノ

## 役職説明ロング

# 特殊インポスター役職
BountyHunterInfoLong,"If you kill your indicated target, your next kill cooldown will be greatly reduced.\nIf you kill anyone other than your target, your next kill cooldown will increase.\nThe target swaps after a configurable amount of time.",表示されたターゲットをキルした場合、次のキルクールがとても短くなる。\nターゲットではないプレイヤーをキルした場合は、キルクールが伸びてしまう。\nターゲットは一定時間ごとに変更される。,(内鬼阵营):\n如果赏金猎人击杀了赏金目标，击杀冷却缩短。\n反之，则冷却增加。,(偽裝者陣營):\n如果賞金獵人殺了賞金目標，下一次的殺人冷卻會變得非常的短\n如果賞金獵人殺了非賞金目標，下一次的殺人冷卻將會被延長或不變\n目標將會重置在時間結束或殺死賞金目標後。,"(Предатель):\nЕсли Охотник за головами убьет назначенную ему цель, время отката убийства будет намного меньше чем обычно. \n При убийстве игрока который не является его целью, приводит к стандартному времени отката убийства. \nЦели меняются спустя какое-то время","(Impostores):\nSe você matar o seu alvo, o tempo de recarga (abate) será mais rápido.\nMatar um jogador que não seja seu alvo, resulta em um tempo de recarga (abate) maior.\nOs alvos são alterados em intervalos regulares."," (Impostores):\nSe você matar o seu alvo, o tempo de morte será mais rápido.\nMatar um jogador que não seja seu alvo, resulta em um tempo de morte maior.\nOs alvos são alterados em intervalos regulares."
FireWorksInfoLong,"Whenever you shapeshift, you can place a firework.\n After placing all fireworks, you can set them all off at once when you shapeshift once you become the last impostor.\nOnce you start placing fireworks, you cannot kill until the fireworks go off.",ワンクリックボタンを押すことで花火を最大5か所に設置可能。\nすべて設置した後、インポスター最後の生き残りになった時に再度ワンクリックボタンを押すことで一斉起爆できる。\n花火が設置されている間はキルできない。(設定有),(内鬼阵营):\n烟花商人可以安放烟花炸弹，造成范围性杀伤。\n烟花商人在变形状态下可以安放至多三个烟花炸弹。\n当存活的内鬼阵营玩家仅剩烟花商人且烟花炸弹安置完毕时，烟花商人可以在变形状态下引爆炸弹。\n烟花商人不可以进行常规击杀，除非安放并引爆所有烟花炸弹。\n烟花炸弹可以同样炸死烟花商人自己。\n如果烟花炸弹炸死所有存活玩家，内鬼阵营将获胜。,(偽裝者陣營):\n煙火工匠可以放置煙火來造成範圍性傷害，煙火工匠可以以變形來放置煙火，最多可以放置三個煙火，但是在煙火工匠放置完所有煙火前無法殺人\n如果他的隊友都已經死亡的話，煙火工匠便可以引爆煙火。\n如果煙火工匠也在爆炸中被炸死，偽裝者陣營同樣獲勝。,"(Предатель):\nФейерверк может поставить несколько фейерверков с помощью Морфлинга. \nПосле установки всех фейерверков он может поджечь их все сразу с помощью использования Морфлинга, когда он является последним Предателем. \nТолько после этого он сможет убивать."," (Impostores):\nAo mudar de corpo, você coloca um fogo de artifício.\nDepois de colocar todos, você pode acender tudo de uma vez ao trocar de corpo sendo o último Impostor.\nQuando começar a colocar fogos de artifício, você não poderá matar até eles explodirem."," (Impostores):\nAo mudar de corpo, você coloca um fogo de artifício.\nDepois de colocar todos, você pode acender tudo de uma vez ao trocar de corpo sendo o último Impostor.\nQuando começar a colocar fogos de artifício, você não poderá matar até eles explodirem."
SerialKillerInfoLong,"You have a shorter kill cooldown than other impostors', but you will die if you don't kill before the end of your shapeshift cooldown.",キルクールが他のインポスターに比べて短い反面、変身のクールタイムが明ける前にキルしないと自爆する。,(内鬼阵营):\n嗜血杀手的冷却因为他的杀戮欲望而更快。\n嗜血杀手若不能在一定时间内进行击杀，\n就会因承受不了自己的杀戮欲望而自杀。,(偽裝者陣營):\n嗜血殺手的殺人冷卻是所有偽裝者中最短的一個。\n但是如果嗜血殺手沒有在自殺倒數歸零前再殺人，嗜血殺手將會自殺。,"(Предатель):\nУ Серийного Убийцы еще более короткий откат убийства. \nНо если он не совершит убийство в установленный срок, то он мгновенно убьет сам себя.","(Impostores):\nO seu tempo de recarga (abate) é menor, porém, se você não matar no prazo morrerá no fim do seu tempo de mutação.","(Impostores):\nO seu tempo de morte é menor, porém, se você não matar no prazo morrerá no fim do seu tempo de mutação."
ShapeMasterInfoLong,"ShapeMaster has no Shapeshift cooldown.\nOn the other hand, their default Shapeshift duration is shorter (default: 10s).",シェイプシフトに特化したインポスター。\n変身持続時間が通常のシェイプシフターよりも短い半面、変身解除後のクールダウンがなく無限に変身することができる。\n変身継続時間は設定で変更が可能。,(内鬼阵营):\n千面鬼没有变形冷却与次数限制。\n在默认设置下，千面鬼变形的持续时间更短(10秒)。,(偽裝者陣營):\n百變怪相較於普通變形者，百變怪沒有變形冷卻，但是相較於普通變形者他的變形時間會更短。,"(Предатель):\nШпион не имеет отката восстановления Морфа. \nС другой стороны, длительность Морфа по умолчанию стоит куда меньше. \nПродолжительность трансформации можно изменить в настройках.","(Impostores):\nVocê não tem tempo de recarga (mutação).\nPor outro lado, o tempo padrão de mutação é menor (padrão: 10s).","(Impostores):\nVocê não tem tempo para trocar de corpo.\nPor outro lado, o tempo padrão de metamorfose é menor (padrão: 10s)."
MareInfoLong,"Imposter specialized in power outages. \nDuring a blackout, kill cooldowns are reduced and movement speed is increased. \nHowever, kills are not possible except during blackouts, and the name turns red during blackouts.",停電に特化したインポスター。\n停電中はキルクールが減少し、移動速度も速くなる。\nただし、停電時以外はキルができず、停電中は名前が赤くなる。(設定有)
VampireInfoLong,"You can make delayed kills by biting others.\n(Bitten players will die either after the delay is over or the moment a meeting is called before then.)\nIf you bite a [Bait](#Bait), there is no delay, and you are forced to self-report.","プレイヤーを噛む事で遅延キルが可能。\n(時間が経過or会議が始まると死亡する。)\nベイト,インセンダーの場合即死亡し、強制的に通報が入る。",(内鬼阵营):\n在吸血鬼的吸血的对象不会立刻死亡，而是延迟一段时间发生。\n若在这段时间内进入会议阶段，该目标将立即死亡。\n当被击杀目标为诱饵时，吸血鬼的击杀被视为普通击杀。,(偽裝者陣營):\n當吸血鬼嘗試殺人時，嘗試被殺的目標並不會立刻死亡，而是過一段時間之後突然暴斃，\n如果在這段時間內進入會議，被吸血的玩家將會立刻死亡。\n請注意: 如果吸血鬼的目標為誘餌，吸血鬼仍舊會報告誘餌的屍體。,"(Предатель):\nВампир может кусать игроков, а не убивать. \nУкушенный игрок умирает спустя какое-то время, или же умирает сразу как только произойдёт срочное собрание. \nНо если он укусит [Приманку](#Bait) он совершит обычное убийство и он вынужден сразу зарепортить труп.","(Impostores):\nVocê pode matar ao morder outros.\nJogadores mordidos vão morrer depois de um tempo, ou caso uma reunião seja chamada antes.\nSe você morder uma [Isca], não terá delay e você será obrigado a reportar o corpo imediatamente.","(Impostores):\nVocê pode matar ao morder outros.\nJogadores mordidos vão morrer depois de um tempo, ou caso uma reunião seja chamada antes.\nSe você morder um [Isca], não terá delay e você será obrigado a reportar o corpo imediatamente."
WarlockInfoLong,"The Warlocks can curse another players before Shapeshift.\nWhen they Shapeshift after cursing, the player next to the cursed is killed no matter how far away they are.\nWhile Shpashifting, you can perform normal kills.\nAlso, only one player can be cursed per turn.",キルをすると一番近くの人に呪いがかかる。\n次から変身ボタンを押すと、呪われた人が一番近い人をキルする。\n変身した場合、普通のキルになる。\nまた、１ターンに１人しか呪うことはできない。,(内鬼阵营):\n术士在不变形状态下击杀时，目标会被下咒。\n当术士变形时，最靠近被下咒玩家的船员将会被击杀。,(偽裝者陣營):\n術士可以通過殺人鍵下咒一個目標，如果目標身上出現盾牌破碎的效果代表下咒成功。\n如果術士變形，那麼被下咒的玩家將會立刻殺死一名離他最近的玩家，\n如果術士未在進入會議前咒殺，則詛咒失效。,"(Предатель):\nКолдун может проклинать игроков. \nКогда он Морфится после проклинания какого либо игрока, то проклятый игрок убивает любого игрока который находится по близости, независимо от того насколько далеко он находится. \nТак же во время Морфа он совершает обычные убийства.","(Impostores):\nVocê pode amaldiçoar outros jogadores ao mutar.\nQuando você se transformar novamente depois de amaldiçoar alguém, a pessoa mais próxima do jogador amaldiçoado será morta, não importa o quão longe esteja.\nEnquanto alguém etiver amaldiçoado você pode matar normalmente.\nAlém disso, apenas uma pessoa pode ser amaldiçoada por rodada.","(Impostores):\nVocê pode amaldiçoar outros jogadores ao mutar.\nQuando você se transformar novamente depois de amaldiçoar alguém, a pessoa mais próxima do jogador amaldiçoado será morta, não importa o quão longe esteja.\nEnquanto alguém etiver amaldiçoado você pode matar normalmente.\nAlém disso, apenas uma pessoa pode ser amaldiçoada por rodada."
WitchInfoLong,"Your kill alternates between ""Kill"" and ""Spell"" by actions.\nWhen you kill with your ""Spell"", you bewitch the player.\nPlayers who have been bewitched have a † mark displayed next to them and must vote out the Witch within that meeting, or they will die after the meeting ends.",キルするorベントに入るorシェイプシフトすると「Kill」と「Spell」が切り変わる。\nSpellの表示でキルすると呪うことが出来る。\nワンクリックボタン設定の時、キルボタンが光っている状態でワンクリックボタンを使用することで、一番近くにいるプレイヤー(インポスターを除く)を呪うことが出来る。\n呪いをかけられた人は会議で「†」が付き魔女を追放しなければ会議後に死亡する。,(内鬼阵营):\n女巫会在击杀模式与诅咒模式间来回切换，在诅咒模式下可以对目标进行诅咒。\n会议时，被诅咒的目标会带有对全员可见的诅咒标记「†」。如果女巫未在会议时被投票放逐，被诅咒的目标将会在会议结束后死亡。,(偽裝者陣營):\n女巫擁有兩種殺人方式: 詛咒與殺人。會議時，全部玩家都可看到被詛咒的玩家的名字旁有個「†」符號。如果會議結束時女巫沒有被逐出或被殺死，則被詛咒的玩家死亡。\n根據房主設定，女巫的攻擊模式分為通風管切換以及殺人切換。,"(Предатель):\nВедьма может совершить убийство или заклинание по очереди. \nИгроки, которые были проклятые Ведьма на голосовании помечаются красным крестом справа от никнейма, \nИ если Ведьма не изгнан, все проклятые им игроки умирают сразу же после голосования.","(Impostores):\nVocê pode alternar entre ""Matar"" e ""Feitiço"".\nQuando você usa seu ""Feitiço"", você enfeitiça o jogador.\nQuem for enfeitiçado tem uma marca de † ao lado do nome.\nÉ necessário exilar a bruxa antes da reunião acabar, se não o enfeitiçado morrerá ao fim da reunião.",
MafiaInfoLong,"At the start of the game, you are unable to kill even though you will see the kill button.\nAfter your fellow impostors are dead, you will be able to kill.",初期状態ではキルが封じられている。\n仲間の生存人数が設定人数以下or設定ターン経過すると、自身もキルが可能になる。,(内鬼阵营):\n黑手党在游戏中有其他内鬼存活时不可以进行击杀。,(偽裝者陣營):\n當黑手黨在場且有其他偽裝者存活時不可以殺人，但是當隊友都死亡時他就可以開始殺人。,"(Предатель):\nИзначально Мафиози не может убивать. \nОн сможет убивать после того, как все Предатели кроме него будут убиты или изгнаны.","(Impostores):\nNo começo do jogo, você não pode matar.\nDepois que seus companheiros Impostores forem mortos, você será capaz de matar.","(Impostores):\nNo começo do jogo, você não pode matar.\nDepois que seus companheiros Impostores forem mortos, você será capaz de matar."
PuppeteerInfoLong,"Instead of killing someone, ""kills"" can force a player to kill the next non-impostor they approach.\nIf the player your puppet killed has an ability that activates upon death, the effect will land on the puppet instead of yourself.\nYou cannot perform a normal kill.",キルした対象に、対象が次に近づいたクルーをキルさせる事ができる。\n対象がキルした相手がキルされた瞬間に発動するものであった場合、対象にその効果が反映される。\n普通のキルを行うことはできない。,(内鬼阵营):\n傀儡师的操控对象会击杀其遇到的下一个船员。\n若后者在接触的同时死亡，则前者死亡。\n傀儡师不可以执行正常击杀。,(偽裝者陣營):\n傀儡師按下殺人按鈕時將會操控離他最近的玩家(與術士下咒差不多)，接著如果在殺人範圍內碰到非偽裝者陣營的人，被操控的玩家將會直接殺死被害者，並且效果不再持續。,"(Предатель):\nКукловод может совершить убийство с помощью помеченного игрока, но не может убивать как обычный Предатель. \nЕсли цель убивает противника и он срабатывает в момент убийства цели, эффект отразится на цели. \nВы не можете совершать обычные убийства.","(Impostores):\nInvés de matar alguém, ""matar"" força um jogador a matar o próximo (não impostor).\nSe o jogador que a sua marionete matou tem uma habilidade que ativa durante a morte, o efeito irá para a marionete ao invés de você.\nVocê não pode matar normalmente.","(Impostores):\nInvés de matar alguém, ""matar"" força um jogador a matar o próximo (não impostor).\nSe o jogador que a sua marionete matou tem uma habilidade que ativa durante a morte, o efeito irá para a marionete ao invés de você.\nVocê não pode matar normalmente."
TimeThiefInfoLong,"Every kill reduces discussion and voting time in meeting.\nIf you are voted out or killed, the lost time returns to meetings.",キルを行うと会議時間が減少する。\nタイムシーフが追放または殺害されると、失われた会議時間が返ってきます。,(内鬼阵营):\n蚀时者每击杀一个人，会议时间就将减少一定时间。\n如果蚀时者死亡，被偷取的时间的会议时间将返还。,(偽裝者陣營):\n時間竊賊每殺死一個人，那麼會議時間就會減少一定時間，如果時間竊賊死亡，那麼會議時間將會恢復。,"(Предатель):\nКаждое убийство Вора Времени сокращает время обсуждения и голосования на собраниях. \nВ зависимости от настроек потерянное время возвращается после того, как он будет убит или изгнан.","(Impostores):\nCada morte reduz tempo de votação e discussão.\nSe você for exilado ou morto, o tempo perdido retorna para as reuniões.","(Impostores):\nCada morte reduz tempo de votação e discussão.\nSe você for exilado ou morto, o tempo perdido retorna para as reuniões."
SniperInfoLong,You can shoot players from afar.\nYour line of fire continues as a straight line in the direction of the spot where you shapeshift to where you unshift.\nYou cannot perform normal kills until you use up all of your ammo.,遠くの敵を狙撃できるインポスター。\nシェイプシフトした地点から解除した地点の延長線上の敵を一人撃ち抜く。\n撃ちきるまで通常キル出来ない。,(内鬼阵营):\n狙击手拥有远距离射杀的能力。\n方法为：变形的位置及解除变形位置的连线及其延长线上的一名玩家将被射杀。\n在狙击手的子弹耗尽前，狙击手无法进行常规击杀。,(偽裝者陣營):\n狙擊手擁有遠距離狙殺的技能，當狙擊手變形時會標記一個點(標記A)，解除變形時也會標記一個點(標記B)，標記A到標記B即為彈道，\n子彈將由標記A穿越彈道後再從標記B打出，並狙殺離這條彈道上最近的人(若有人處於彈道中則不會被狙殺)，狙擊手在子彈用完之後可以正常殺人。,"(Предатель):\nСнайпер может стрелять в игроков на расстоянии. \nОн убивает игрока который, находится с ним на одной линии, от точки Морфа до точки возвращения в свой облик. \nОн может совершать обычные убийства после того, как все его патроны закончатся.","(Impostor):\nVocê pode atirar em jogadores de longe.\nSua linha de fogo continua numa linha reta, do ponto que você se metamorfa ao ponto que você volta ao normal.\nVocê não pode fazer mortes normais até usar toda a sua munição.","(Impostor):\nVocê pode atirar em jogadores de longe.\nSua linha de fogo continua numa linha reta, do ponto que você se metamorfa ao ponto que você volta ao normal.\nVocê não pode fazer mortes normais até usar toda a sua munição."
EvilTrackerInfoLong,"You can see where others are.\nYou will see arrows pointing to the other impostors and anyone you shapeshift into.\nYou will see a ""kill flash"" when your fellow impostors kill.",他人の位置が分かるインポスター。\n味方のインポスターとシェイプシフトで選んだ一人の位置が矢印で表示される。\n味方インポスターのキルによるキルフラッシュも見える。,(内鬼阵营):\n邪恶追踪者可以追踪其他内鬼以及其所变形的玩家。\n玩家名称下面的箭头代表着目标的方向。\n当内鬼队友杀人时，邪恶追踪者将会看到击杀闪烁提示。,(偽裝者陣營):\n邪惡追蹤者可以通過變形來指定一個追蹤目標，變形後將會立刻解除變形，並且玩家名稱會出現一個箭頭指向目標，當隊友殺人時，邪惡追蹤者將會看到螢幕閃爍為提示。,"(Предатель):\nЗлой Следопыт может отслеживать других игроков. \nОн может видеть стрелки, которые указывают на Предателей или на того, в кого он превратился. \nОн может видеть когда было совершено убийство с помощью вспышки убийства.",(Impostores):\nVocê consegue ver a posição de outros.\nÉ possível ver setas apontando para outros Impostores e qualquer um em que você se transforme.\nVocê também verá uma piscada de tela quando um aliado Impostor matar alguém.,(Impostores):\nVocê consegue ver a posição de outros.\nÉ possível ver setas apontando para outros Impostores e qualquer um em que você se transforme.\nVocê também verá uma piscada de tela quando um aliado Impostor matar alguém.
StealthInfoLong,"When the Stealth kills, players in the same room are blinded for a short while.",キルを行ったりワンクリックボタンを使用すると、同じ部屋にいる他のプレイヤーの視界が少しの間暗転する。,,,"(Предатель):\nКогда Хитрец убивает, игроки в одной локации будут ненадолго ослеплены","(Impostores):\nQuando o Furtivo mata, os jogadores na mesma sala ficam cegos por um curto período.",
NekoKabochaInfoLong,The Neko-Kabocha kills back their killer.,キルされた際、自分を殺してきたプレイヤーを殺し返す。,,,(Предатель):\nНеко-Кабоча убивает своего убийцу,(Impostores):\nO Neko-Kabocha mata de volta o seu assassino.,
EvilHackerInfoLong,The EvilHacker can get the last-minute admin information at the meeting beginning.\nUnoccupied rooms are not shown.\nA '★' marks rooms with impostors.\nRooms with dead-bodies are marked with the number of bodies.\ne.g.)★Cafeteria: 3(DEAD×1),会議直前のアドミン情報を見ることができる。\n誰もいない部屋は省略される。\nインポスターがいる部屋には★印が付く。\n死体がある部屋には死体数が表記される。\n例)★カフェテリア: 3(死体×1),,,"(Предатель):\nЗлой Хакер может получить последнюю информацию на админке в начале встречи.\nНезанятые локации не показаны.\nA '★' Помечает локации с Предателями.\nЛокации с трупами помечаются количеством трупом) \nНапример: \n★Кафетерия: 3 (Мертвы×1)""",(Impostores):\nO Hacker do Mal pode obter as informações recentes do admin no início da reunião.\nAs salas desocupadas não são mostradas.\nUm '★' marca as salas com impostores.\nAs salas com mortos são marcadas com o número de corpos.\nEx:)★Cafeteria: 3( MORTO×1),
PenguinInfoLong,"Penguins can restrain target by pressing the kill button, and drag around.\While dragging, the target dies by pressing the kill button again or after a certain period of time.\nPress the kill button twice for a direct kill.",キルボタン一回で相手を拘束して連れまわすことが出来る。\nもう一度キルボタンを押すか一定時間経過でキルする。\nキルボタン2回で直接キル可能。,,,"(Предатель):\nПингвины могут удерживать цель, нажимая кнопку убийства, и перетаскивать ее.\Во время перетаскивания цель умирает, нажав кнопку убийства еще раз или через определенный промежуток времени.\nНажмите кнопку убийства дважды, чтобы убить напрямую.","(Impostores):\nOs Pinguins podem prender o alvo pressionando o botão de matar e arrastá-lo.\nEnquanto estiver arrastando, o alvo morre ao pressionar o botão de matar novamente ou após um determinado período de tempo.\nPressione o botão de matar duas vezes para matar imediatamente.",
InsiderInfoLong,You can see roles whose you killed.\nYou can also see roles and abilities of all Impostors.\nKIlling specified times tells you Madmate as well.,キルした相手の役職が分かる。\nまた、味方インポスターの役職と能力が見える。\nさらに、特定回数キルするとマッドメイトも分かる。,,,"(Предатель):\nВы можете увидеть роли, которых  Вы убили\nВы также можете увидеть роли и способности всех Предателей.\nУбийство в указанное время также сообщает вам о Безумце.","(Impostores):\nVocê pode ver as classes de quem matou.\nVocê também pode ver as classes e as habilidades de todos os Impostores.\nAo matar em horários específicos, você verá o Tripulante Louco.",
BomberInfoLong,"When transformed it switches between kill"" and ""bomb"" mode with ◆ displayed when in bomb mode.\nThe bomb can be given by pressing the kill button when in bomb mode.\nWhen the one-click button is set pressing the shape button while the kill button is glowing will grant a bomb to the nearest player (excluding the Impostor).\n The bomb will explode after a certain amount of time and the person to whom it was given will die involving everyone around them. The bomb does not explode once the meeting starts.""",キルボタンが光っている状態でワンクリックボタンを使用することで、1番近くにいるプレイヤー(インポスターを除く)に爆弾を付与できる。\n爆弾は一定時間経過すると爆発し、付与された人は周囲の人を巻き込んで死亡する。\n爆弾は会議が始まると爆発しない。
AntiReporterInfoLong,"When transformed, a ◆ is displayed. \nPressing the kill button while the ◆ is displayed will disable the use of the target's emergency meeting button and corpse call. \nWhen in the On one-click button setting, pressing the shape button whilne the kill button is glowing will use the ability on the nearest player (excluding the Impostor).",キルボタンが光っている状態でワンクリックボタンを使用することで、1番近くにいるプレイヤー(インポスターを除く)の緊急会議ボタン・死体通報の使用を無効化できる。
TeleportKillerInfoLong,"Shapeshift can be used to kill a chosen opponent. At this time, \nthe positions of you and the target are swapped, but if the target is an imposter, no killing occurs, only the positions are swapped.\nIf the target is already dead or in a special position, the teleport killer will self-destruct.",変身することで、シェイプシフトで選択した人をキルできる。この時、自身と対象の位置が入れ替わる。\n対象がインポスターの時、キルは発生せずに位置のみ入れ替わる。\n対象が死亡済や特殊な位置にいる場合、テレポートキラーは自爆してしまう。
TairouInfoLong,"If someone uses the ability against him, he is treated as a crewmate, not a Tairo.",誰かが自身に対し能力を使用しても、大狼ではなくクルーメイトとして処理される。\n生存時の専用メッセージ表示させるをONの場合「嫌な気配する」と表示される
EvilgamblerInfoLong,"When you kill, you can gamble. \nIf the gamble succeeds, the next killcool is reduced. \nIf you fail, however, the next killcool is increased.",キルするとギャンブルができる。\nギャンブルが成功すると次のキルクールが減少する。\nただし、失敗すると次のキルクールが増加する。
NotifierInfoLong,"The kill cool is shorter than other imposters, but when a kill is made, there is a certain probability of a flash for everyone.",キルクールが他のインポスターに比べて短いが、キルした時に一定確率で全員にフラッシュが発生する。
MagicianInfoLong,"By using the one-click button, the nearest person can be designated as the target of the magic. \nAfter a set number of kills, the target will die without leaving a corpse on the spot.",ワンクリックボタンを使用することで、1番近くの人をマジックのターゲットに指定できる。\nキルを設定数行なうと、ターゲットはその場に死体が残らずに死亡する。
LimiterInfoLong,"Although its kill-cooling is faster than that of other imposters, it self-destructs when it reaches the limit of its physical strength. \nWhen any of the following conditions are met, it switches to self-destruct mode, and if it tries to kill someone, it will self-destruct with the surrounding people. \nIf a meeting is held while in self-destruct mode, the player will self-destruct alone.","キルクールが他のインポスターに比べて速いが、体力の限界を迎えると自爆してしまう。\nターン数,経過時間,キル数のいずれかの条件が満たされると自爆モードに切り替わり、誰かをキルしようとすると周囲を巻き込んで自爆する。\n自爆モードの状態で会議が開かれると1人で自爆する。"
AlienInfoLong,Each turn changes into various Role and abilities according to a set probability. \nThe Role and abilities for each turn can be known at the time of the meeting.,"ターン毎に設定された確率に応じて、様々な役職や能力に変化する。\nターン毎の役職や能力は会議時に知ることができる。\n植え付けの設定が有効かつ、None,Normal以外のモードの時\n自投票 → 仲間のインポスターに投票する事で仲間に自身のモードを植え付けることができる。"
AlienHijackInfoLong,An imposter implanted in an alien. \nCapabilities change depending on the mode in which they are implanted into the alien. \n implantation is released after a certain period of time and the imposter returns to its original Role.,エイリアンに植え付けされたインポスター。\nエイリアンに植え付けられたモードによって能力が変化する。\n植え付けは一定時間で解除され、元の役職に戻る。
MoleInfoLong,"By entering a vent, you are randomly teleported among all the vents in the map. \nYou cannot move to a normal vent.",ベントに入ることで、マップ内の全ベントの中からランダムにテレポートされる。\n通常のベント移動はできない。
SpeedStarInfoLong,"By using the one-click button, everyone's speed will be at the set value for a certain period of time.",ワンクリックボタンを使用することで一定時間全員のスピードが設定値になる。
EvilTellerInfoLong,"When the one-click button is used, the target's role can be known by approaching the kill target for a certain period of time.",ワンクリックボタンを使用した時のキルターゲットに一定時間近付くことで対象の役職を知ることができる。
ProgressKillerInfoLong,It is possible to know which players have completed all the tasks. \It can be changed in the settings to know which players have been granted the workhorse. The indication depends on the role of the player and is as follows ,タスクを全て完了したプレイヤーを知ることができる。\nワークホースが付与されたプレイヤーを知れるか設定で変更が可能。\nプレイヤーの役職次第で表示は異なり、以下の通りである。\n\nクルー役職、ニュートラル役職→○\nマッドメイト系役職→☆\nワークホース付与→♦
DecrescendoInfoLong,"After a set number of kills, it is weakened, such as by an increase in the kill cool. \n additionally, each additional kill further weakens it.",設定回数キルするとキルクール増加等の弱化を受けてしまう。\nまた、追加でキルする度にさらに弱化していく。
DriverInfoLong,"A combination position with a <#ff7f50>Braid</color>. \When the \n<#ff7f50>Braid</color>completes a predetermined number of tasks, various abilities are granted to the \n<#ff1919>Driver</color>.",<#ff7f50>ブレイド</color>とのコンビネーション役職。\n\n<#ff7f50>ブレイド</color>が既定のタスク数を完了させると、\n<#ff1919>ドライバー</color>に様々な能力が付与される。
EvilAddoerInfoLong,"Attributes are assigned exclusively to the EvilAdorner. If the same attributes are duplicated, the duplicated attributes take precedence over the settings of the EvilAdorner. However, the attributes assigned by the LastImposter take precedence over the settings of the LastImposter.",イビルアドナー専用で属性が付与される。\n同じ属性が重複している場合、重複した属性はイビルアドナーの設定が優先される。\nただし、ラストインポスターで付与された属性はラストインポスターの設定が優先される。
ConnectSaverInfoLong,"If you vote for yourself in a meeting, you can change to connect mode. \nIf you vote for two people other than yourself while in connect mode, you can connect those two people. \nIf you kill one of the connected persons during the next task turn, you can kill both of the connected persons.",会議で自投票するとコネクトモードに変更できる。\nコネクトモード中に自身以外の2名に投票するとその2名をコネクトすることが出来る。\n次のタスクターン中にコネクト相手のどちらかをキルすると\nコネクトされた人を両方キルすることが出来る。\nターゲットを指定したターンはターゲット以外キルが行えない。
ReloaderInfoLong,One-click button reloads the kill cooldown to the set value.,ワンクリックボタンを使用することでキルクールダウンが設定値にリロードされる。
JumperInfoLong,"You can specify a destination by using the one-click button. After specifying the destination, the one-click button can be used again to jump to the destination via several landings. The landing point will be notified by a red circle and will involve nearby players.",ワンクリックボタンを使用することで目的地を指定できる。\n目的地を指定後、再度ワンクリックボタンを使用することで\n何度か着地を経由しながら目的地までジャンプすることができる。\n着地点には赤い丸で通知され、近くにいたプレイヤーを巻き込んでしまう。
EarnestWolfInfoLong,"The one-click button can be used to switch between normal and overkill. \nThe kill distance is longer while in the overkill mode. \nWhen a kill is made while in the overkill mode, the kill target's ability and guard are penetrated, but the kill cool is increased by a multiplier.",ワンクリックボタンを使用することで通常キルとオーバーキルを切り替えることができる。\nオーバーキルモード中はキルディスタンスが長い。\nオーバーキルモード中にキルをすると、キルターゲットの能力、ガードを貫通するが、キルクールが倍率で増加する。
AmnesiacInfoLong,"Imposter who believes himself to be a sheriff. \nHe looks like a sheriff, but he does not misidentify. \nHe also does not know his partner. \nCannot use Јn vent and sabotage.",自身の事をシェリフだと思い込んでいるインポスター。\nシェリフのように見えているが誤爆はしない。\n相方も分からない。\nベントとサボタージュが使用できない。
CamouflagerInfoLong,"By using the one-click button, the skins of all the \n players (except Ultrastar) are grayed out for a certain period of time, making them unidentifiable.",ワンクリックボタンを使用することで\nプレイヤー全員(ウルトラスターを除く)のスキンが一定時間グレーになり、識別できない状態にする。
EvilSatelliteInfoLong,"During the meeting, it is possible to change to satellite mode by voting for yourself. \n During the satellite mode, by voting for someone other than yourself, the current route of the target will be displayed.",会議中、自投票をする事でサテライトモードに変更可能。\nサテライトモード中に自身以外の誰かに投票する事で、対象の今回の経路を表示する。
CurserInfoLong,"The target can be selected by shapeshift,Јnand the θ is displayed to that selected opponent. \nHowever, the number of times you can curse will decrease when you select a target. \nIf you kill a target with θ displayed, the next killcool will be shorter. \nIf you kill a target other than the target, the killcool will be the same as usual.",ターゲットをシェイプで選択が可能、\nその選択した相手にθが表示。\nただし、ターゲットを決めると呪える回数が減るぞ。\n\nθが表示されているターゲットをキルすると次のキルクールが短くなる。\nターゲット以外をキルしても、いつも通りのキルクールになる。
ProBowlerInfoLong,"Shapeshift and dig a hole. \nAfter digging the hole, press the kill button to drop the kill target into the dug hole and make a kill. \nAfter the meeting, the hole will be filled.",シェイプシフトをして穴を掘る。\n穴を掘った後、キルボタンを押すことでキルターゲットを掘った穴に落としてキルをする。\n\n会議後、穴は埋まる。
EraserInfoLong,"The one-click button can be used to make the \n target role a crewmate. \n But, depending on the setting, the role may fail to be eliminated. \nThe kill cooldown will be reset when the target is set.",ワンクリックボタンを使用することで\n対象の役職をクルーメイトにすることができる。\nただし、設定によって役職を消し損ねたりする。\nターゲットを決めた時、キルクールダウンはリセットされる
EvilMakerInfoLong,Make SidekickMadmate the kill target when using the one-click button. \nThe master communicates with the person who became the sidekick mad mate.,ワンクリックボタンを使用した時のキルターゲットをサイドキックマッドメイトにする。\nサイドキックマッドメイトされた人と親分は通じ合う。
QuickKillerInfoLong,"With at least a set number of people alive, a kill will enter quick mode for a certain amount of time. \nDuring the quick mode, the kill cool time is 0 seconds.",設定人数以上生存している状態で、キルをすると一定時間クイックモードになる。\nクイックモード中はキルクールが0秒。
BorderKillerInfoLong,"If you do not kill at least a set number of people yourself, you will not win even if you are the imposter winner.",設定人数以上自身でキルをしないと、インポスター勝利時でも自身は勝利できない。
BalloonerInfoLong,"By using the one-click button, the balloons burst and blow up the surrounding players. \n\nAlso, walking during the task turn will inflate the balloon and expand the explosion area.",ワンクリックボタンを使用することで風船が破裂し周囲のプレイヤーを爆破できる。\n\nまた、タスクターン中に歩くことで\n風船が膨らみ爆破範囲が広がる。
ShapeKillerInfoLong,"ShapeKiller can disguise reports.\nBy shape-shifting and reporting, ShapeKiller can report the shape-shifted target.",通報を偽装できるインポスター。\nシェイプシフトして死体通報することでシェイプシフトした相手の通報にできる。
CharismaStarInfoLong,"An imposter that allows any player to assemble to the nearest vent from himself. The \n kill button uses double clicks. The single click determines the member to assemble, while the double click usually kills. Multiple members can be set to gather, and by pressing the disappear button, the members can be gathered to a vent near you. [\n “gather all” setting is turned on, all members can be gathered together if no one has been chosen. When the \n gathering setting is on, if the target player is using a ladder, he/she cannot gather. If a player cannot assemble due to the setting, he/she will self-destruct.",任意のプレイヤーを自身から一番近いベントへ集合させることができるインポスター。\nキルボタンはダブルクリックを使い分ける。シングルクリックでは集合メンバーを決め、ダブルクリックでは通常キルをする。\n集合メンバーは複数人設定することができ、消えるボタンを押すことでそのメンバーを自身付近のベントに集めることができる。\n全員集合できる設定をONにしている時、誰もメンバーを決めていないと全員を集合させることができる。\n集合をかけた時、対象プレイヤーがはしごを使用していると集まることが出来ない。設定により、集まれないプレイヤーは自爆する。,
AssassinInfoLong,"Combination Role with <#8cc2ff>Merlin</color>. \n Assassin's Conference can be triggered upon death when the \n banishment or the setting “Causing Assassin's Conference outside of banishment” is enabled. \n If you can guess (vote) for Merlin in the Assassin's Conference, the Imposter will win. \n Also, when the setting is enabled, the ability of some roles can be held along with Assassin.",<#8cc2ff>マーリン</color>とのコンビネーション役職。\n\n追放、又は「追放以外でもアサシン会議を起こす」の設定が有効時に死亡時に\nアサシン会議を発生させることができる。\n\nアサシン会議でマーリンに推測(投票)できればインポスターの勝利。\n\nまた、設定有効時にはアサシンと併せて一部の役職の能力を持つこともできる。
ArcherInfoLong,An Impostor who can kill Crewmates using a bow and arrows.\nPress the Phantom button and move in the opposite direction of where you want to fire to shoot an arrow.\nPlayers hit by the arrow die instantly (deathreason: Hit).\nThe arrow disappears when it hits a wall or after a certain amount of time.,弓矢を駆使し、クルーをキルすることができるインポスター。\nファントムボタンを押し、矢を放ちたい方向と逆方向に移動し、\nもう一度ファントムボタンを押すことで矢を放つことができる。\n矢が当たったプレイヤーはその場で死亡する(死因:命中)\n矢は壁に当たるか一定時間経過すると消滅する。
EvilBlenderInfoLong,"An Impostor who can activate a special sabotage only once.\nIf no sabotage other than door closing is active, pressing the Phantom button will fill the entire map with Poison Gas.\nWhen the gas is released, all living players must reach the designated room within a certain time or they will die (cause of death: Suffocation).\nWhile Poison Gas is active, the emergency button cannot be used and no sabotages can be triggered.",1度のみ特殊サボタージュを発動することができるインポスター。\nドア閉め以外のサボタージュが発動されていない時にファントムボタンを押すと\n「毒ガス」をマップ全体に充満させることができる。\n毒ガスが発生した時、生存しているプレイヤーは一定時間以内に指定された部屋へ行かないと死亡する。(死因:窒息)\n毒ガス発生中は緊急ボタンは使用できず、サボタージュも発動できない。
UnFortunerInfoLong,"An Impostor who can grant attributes.\nThe kill target at the moment the Phantom button is used will receive a random attribute at the start of the next meeting.\n\nIf 'Grant one attribute per use' is ON, or if no overwrite attributes are configured, one random attribute is applied.\nOtherwise, all configured attributes are applied.",属性を付与することのできるインポスター。\nファントムボタンを使用した時のキルターゲットに\n次会議開始時、ランダムで属性を付与する。\n\n'1回使用で属性を1つ渡す'がON、または上書きする付与属性が未設定の場合は、ランダムで1つ。\nそれ以外の場合は設定した属性が全て付与される。
#ImpostorInfoLong

# マッドメイト系役職
MadmateInfoLong,"You are a crewmate, but you act as the impostors' ally.\nYou and the impostors cannot recognize each other.\nYou can vent, and you have no tasks.",クルーだがインポスターの味方をする。\nインポスターと互いに認識できない。\nベントが使え、タスクはない。,(内鬼阵营):\n叛徒伪装成船员来帮助内鬼阵营，但是他们并不知道谁是内鬼。\n叛徒不可以进行击杀或者破坏，可以跳管道且没有任务。,(偽裝者陣營):\n叛徒屬於偽裝者陣營。\n偽裝者無法知道叛徒是誰，他可以使用通風口且沒有任務。,"(Предатель):\nЧлен Экипажа, который на стороне Предателей. \nНо он не знает кто является Предателем в игре. \nМожет использовать вентиляцию, но нет заданий.","(Impostores):\nVocê é um tripulante que se aliou ao impostor.\nOs Impostores não sabem quem você é e vice-versa.\nPode usar a ventilação, e não tem tarefas.","(Impostores):\nVocê é um tripulante que se aliou ao impostor.\nOs Impostores não sabem quem você é e vice-versa.\nPode usar a ventilação, e não tem tarefas."
MadGuardianInfoLong,"You are a crewmate, but you act as the impostors' ally.\nYou and the impostors cannot recognize each other.\nOnce you finish your tasks, you will be shielded from impostor kills.",クルーだがインポスターの味方をする。\nインポスターと互いに認識できない。\n規定数タスクを完了させると、シールドが付与される。,(内鬼阵营):\n背叛的守卫不可以击杀、破坏或使用管道。\n背叛的守卫完成任务之后，可以免疫所有击杀。,"(狼人陣營):\n船員,但是他們屬於狼人陣營.\n狼人和他們無法互相知道誰是叛徒,誰是狼\n當背叛的天使完成所有任務時,他將有一個盾牌。","(Предатель):\nЧлен Экипажа, который на стороне Предателей. \nНо он не знает кто является Предателем в игре. \nЕсли он выполнит все задания, то он получит щит, с помощью которого он может предотвратить свое убийство.","(Impostores):\nVocê é um tripulante que se aliou ao impostor.\nOs Impostores não sabem quem você é e vice-versa.\nQuando terminar as suas tarefas, o Impostor não poderá te matar.","(Impostores):\nVocê é um tripulante que se aliou ao impostor.\nOs Impostores não sabem quem você é e vice-versa.\nQuando terminar as suas tarefas, o Impostor não poderá te matar."
MadSnitchInfoLong,"You are a crewmate, but you act as the impostors' ally.\nYou and the impostors cannot recognize each other, but once you finish all tasks, you can see who the impostors are.",クルーだがインポスターの味方をする。\nインポスターと互いに認識できないが、既定のタスク数を完了させるとマッドスニッチからインポスターを認識できるようになる。,(内鬼阵营):\n背叛的告密者与内鬼不互认，不可以击杀、破坏或者使用管道。\n背叛的告密者完成所有任务之后，其与内鬼互认。,"(狼人陣營):\n船員,但是他們屬於狼人陣營.\n狼人和他們無法互相知道誰是叛徒,誰是狼\n當背叛的告密者做完任務時,狼人和背叛的告密者將可以互相知道對方。","(Предатель):\nЧлен Экипажа, который на стороне Предателей. \nОн может увидеть, кто является Предателем, после того как выполнит все свои задания. \nВ зависимости от настроек он может использовать вентиляцию.","(Impostores):\nVocê é um tripulante que se aliou ao impostor.\nOs Impostores não sabem quem você é e vice-versa.\nQuando terminar as suas tarefas, você poderá ver quem é o Impostor.","(Impostores):\nVocê é um tripulante que se aliou ao impostor.\nOs Impostores não sabem quem você é e vice-versa.\nQuando terminar as suas tarefas, você poderá ver quem é o Impostor."
SKMadmateInfoLong,The player closest to a Shapeshifter when they shapeshift will become a Sidekick Madmate. You have no tasks.,変身した際に一番近かった人がなれる役職。タスクはない。,(内鬼阵营):\n一些内鬼职业变形时，其附近的与其距离最近的玩家的职业有概率转化为该职业。\n叛徒跟班与内鬼不互认。,"(狼人陣營):\n當狼人變形時\n離狼人變形最近的一個人將有機率轉化為叛徒跟班\n他沒有任務,且叛徒跟班與狼人無法互相知道。","(Предатель):\nРоль, которую может занять ближайший к вам игрок, когда вы используете Морф. Нет заданий.",(Impostores):\nO jogador mais próximo de um Metamorfo quando eles se transformam virará um Tripulante Louco Ajudante. Você não tem tarefas.,(Impostores):\nO jogador mais próximo de um Metamorfo quando eles se transformam virará um Tripulante Louco Ajudante. Você não tem tarefas.
MadJesterInfoLong,"You are a crewmate, but you act as the impostors' ally.\nif you executed ,win impostor team.",クルーだがインポスターの味方をする。\nインポスターと互いに認識できない。\nタスクを全て完了させた状態で会議で追放された時にインポスター勝利できる。
MadTellerInfoLong,"You are a crewmate, but you act as the impostors' ally.\nif Taskcomplete you can Tell.",クルーだがインポスターの味方をする。\nインポスターと互いに認識できない。\nタスクを全て完了させると占いが可能になり、会議で自投票すると占いモードに変更できる。\n占いモードの状態で自身以外の誰かに投票すると、投票先の役職を占うことができる。\n自投票せずとも占えるように設定で変更が可能。
MadBaitInfoLong,"You are a crewmate, but you act as the impostors' ally.\nYou and the impostors cannot recognize each other.\nWhen you are killed, you can force the person who killed you, excluding the Impostors,\nto self-report.",クルーだがインポスターの味方をする。\nインポスターと互いに認識できない。\nインポスター陣営以外の人にキルされた時、自身をキルした人に\n強制的にセルフレポートさせる事ができる。
MadReducedInfoLong,"You are a crewmate, but you act as the impostors' ally.\nVote for Player remove Votecount.",クルーだがインポスターの味方をする。\nインポスターと互いに認識できない。\n会議で自身以外の誰かに投票をすると、投票先のプレイヤーへの投票数を減らすことが出来る。\n投票数の表示では減らず、次の会議時に投票数が減らされたことが知らされる。\n能力発動時は投票できない。
MadAvengerInfoLong,"You are a crewmate, but you act as the impostors' ally.\n1.All tasks have been completed.\n2.The number of survivors is more than the set number.\n3.All imposters have been wiped out.\nWhen all of the above conditions are met, you can enter the vent to hold a revolutionary meeting. \nBut if you enter the vent after the task is completed and all the conditions have not been met, you will commit suicide. \nOnly the Mad Avenger who opened the meeting can vote in the revolutionary meeting, and the position that activates the ability to vote also cannot use the ability. \nThe imposter can win an upset by voting for all surviving Killable Neutral players. \n However, if he votes for a player who is not a killable neutral, he immediately self-destructs and the meeting ends.",クルーだがインポスターの味方をする\nインポスターと互いに認識できない\n1.タスクを全て完了している\n2.生存人数が設定数以上\n3.インポスターが全滅している\n以上の条件を全て満たしている時\nベントに入ることで革命会議を開くことが出来る。\nただし、タスク完了後に全ての条件を満たしていない状態でベントに入ると自殺してしまう\n革命会議では会議を開いたマッドアベンジャーのみが投票でき\n投票で能力を発動する役職も能力を使用できない\nマッドアベンジャーが\n生存しているキル可能ニュートラルのプレイヤー全員に投票することで\nインポスターが逆転勝利できる\nただし、キル可能ニュートラルではないプレイヤーに投票すると即自爆し、会議が終了する。
MadWorkerInfoLong,"You are a crewmate, but you act as the impostors \n if AllTaskComplete ,Win Impostor",クルーだがインポスターの味方をする。\nインポスターと互いに認識できない。\n生存中にタスクを全て完了させると、その時点でインポスター勝利できる。
MadTrackerInfoLong,"You are a crewmate, but you act as the impostors\n you have Tracker Ability.",クルーだがインポスターの味方をする。\nインポスターと互いに認識できない。\nベントが使えない代わりにトラック能力を持つ。\nタスクはない。
MadChangerInfoLong,"You are a crewmate, but you act as the impostors\nUse the Kill button to select a target\nthen shapeshift to swap the positions of both selected players.\nIf the same player is selected twice, or if the chosen target is killed or already dead, you will be swapped instead.The ability fails if the target cannot be teleported.","クルーだがインポスターの味方をする。\nキルボタンで対象を決めてから\nシェイプシフトを行うことで対象者二人の位置を入れ替えることが出来る。\n対象者が同一人物,キルでの対象者,キルでの対象者が死亡済みの場合は自身が対象となる。\n対象者がテレポートできない状態であれば能力は発動されない。"
BraidInfoLong,"Combination role with <#ff1919>driver</color>. \n they are on the side of the imposter. \n imposter and \n cannot recognize each other. \n itself completes a certain number of tasks, \n <#ff1919>driver</color> is given various abilities. will be granted to the \n <#ff1919>driver</color>.",<#ff1919>ドライバー</color>とのコンビネーション役職。\n\nクルーだがインポスターの味方をする。\nインポスターと互いに認識できない。\n自身が一定数タスクを完了させると\n<#ff1919>ドライバー</color>に様々な能力が付与される。
MadSuicideInfoLong,"You are a crewmate, but you act as the impostors\n You have two suicide ability.",クルーだがインポスターの味方をする。\nインポスターと互いに認識できない。\n2つの自決能力を持つマッドメイト。\nキルボタンを使用することでシェリフ誤爆のように自決する。\n※他視点からはキルターゲットに殺されるがONの場合は、\n　キルターゲットからは自爆、\n　他視点からはキルターゲットがキルしたように見える。\n\nワンクリックボタンを使用することでその場で自決する。
MadBetrayerInfoLong,"You are a crewmate, but you act as the impostors\n Possesses the ability to kill an Impostor after completing all tasks.\nWhen the Impostor is killed, the role changes to Betrayer, gaining the ability to kill anyone.\nUpon becoming a Betrayer, the win condition changes to:\n“All harmful killing roles are dead, and the number of surviving Betrayers is equal to or greater than the number of Crewmates.”",クルーだがインポスターの味方をする。\n全てのタスクを完了させるとインポスターをキルできる能力を持つ。\n\nインポスターをキルすると、役職がベトレイヤーに変化し、全員を殺すことができるようになる。\nベトレイヤーになると勝利条件が\n「有害なキル役職が死亡しており、生き残っているベトレイヤーの人数がクルーと同じかそれ以上」に変化する。
MadHackerInfoLong,,クルーだがインポスターの味方をする。\nタスクターン中、シェイプシフト画面から死者の情報を得ることができる。\n設定によって死者の死体位置を得たり死者の死因を得る事もできる。\nインポスターのキルか確認できる設定有効時、×が\n赤=>インポスター　灰=>その他のキラー 橙=>自殺等となる。
MadWareInfoLong,,クルーだがインポスターの見方をする。\nサボタージュを修復するとポイントが手に入る。\nポイントが一定以上たまると、\n・インポスターが誰か　　・サボタージュのクール減少\n・自身にアドオン付与\n等のバフがかかる。\n\nマッドメイト共通設定の「通信妨害」「停電」修復可否設定にかかわらずサボタージュを修復できる。
NueInfoLong,"A combination role paired with the <#8b6d61>Fool.</color>\nAlthough a Crewmate, the Nue sides with the Impostors.\nAfter completing a certain number of tasks and voting for themselves during a meeting, the Nue enters Guess Mode.\nWhile in Guess Mode, voting for the Fool will kill the Fool.\nOnce the Fool dies, the meeting immediately ends, and the Nue gains access to a Suicidal Attack ability.\nIf the guess fails, the Nue dies instead.\nAfter the Suicidal Attack is unlocked, the Nue will kill a target but will die by self-destruction shortly afterward.",<#8b6d61>愚か者</color>とのコンビネーション役職。\n\nクルーだがインポスターの味方をする。\n鵺(ぬえ)は一定数タスクを完了させ、会議で自投票することで推測モードになる\n推測モード中に愚か者に投票することで、愚か者が死亡する\n死亡後、会議が即座に終了し、鵺に自爆特攻能力が解放される。\n推測に失敗すると自身が死亡する。\n\n自爆特攻が解放されると、キルを行った後、一定時間後に自身が自殺する。
#MadmateInfoLong

# 特殊クルー役職
BaitInfoLong,"When you are killed, you force your killer to immediately self-report.",キルされた時に、自身をキルした人に\n強制的にセルフレポートさせる事ができる。,(船员阵营):\n诱饵被击杀时，击杀诱饵的凶手将被迫报告。,"(船員):\n當被殺時,兇手將強制自行舉報","(Член Экипажа):\nКогда Приманку убивают, он заставляет убившего игрока \nмоментально зарепортить ваш труп.","(Tripulantes):\nQuando morrer, você força o seu assassino a reportar o seu corpo imediatamente.",
LighterInfoLong,Your vision will increase.,条件を満たすと、自分の視界を広げることができる。,(船员阵营):\n执灯人完成任务后，视野会扩大，且不受照明破坏影响。,(船員):\n當做完所有任務時可以增大視野且不受關燈影響,(Член Экипажа):\nПосле выполнения всех заданий Фонарик сможет увеличить свое поле зрения.,"(Tripulantes):\nQuando você terminar todas as suas tarefas, sua visão irá aumentar.",
MayorInfoLong,"You have multiple votes, which will all go towards the one person you vote or skip.",会議の票を複数持ち、まとめて一人または\nスキップに入れることができる。(設定有),(船员阵营):\n市长在投票时可投下多票 (票数多寡根据设置)，市长还拥有以跳通风管来召开紧急会议的能力。,(船員):\n可以一次投很多票並可以將它灌到一個人身上或跳過 (可以設定票數),"(Член Экипажа):\nМэр можете иметь несколько голосов на собрании, и проголосовать за любого игрока этими доп. голосами или \nпросто отдать все голоса в скип.","(Tripulantes):\nVocê tem votos adicionais, todo eles vão para a pessoa em que você votar ou pular.",
SabotageMasterInfoLong,"You can Fix Reactors, O2, Communications by yourself.\nLights can be fixed with the flick of one switch.\nOpening a door will open all doors to that room.",リアクター・O2・通信妨害を一人で修理可能。\n停電は一箇所のレバーに触れる事で全て直る。\nドアを開けるとその部屋の全てのドアが開く。,(船员阵营):\n氧气泄露、核反应堆熔毁以及米拉总部的通讯破坏维修大师只需要修复一边则另一边即可同时被修复。\n维修大师只需要按一个开关便可以修复照明破坏。\n维修大师打开波鲁斯与飞艇地图的门时维修大师所在房间的所有门同时打开。,"(船員):\n反應堆, 氧氣, 通訊以及其他破壞可以修理工獨自修復。","(Член Экипажа):\nМастер Саботажа может в одиночку починить саботажи такие, как: Саботаж Реактора, Саботаж O2 и Саботаж Связи. \nТак же он может починить Саботаж Света коснувшись лишь одного рычага. \nОткрытие одной двери позволяет открыть все двери в этой комнате.","(Tripulantes):\nVocê pode consertar Reatores, O2, Comunicações sozinho.\nAs luzes podem ser reparadas apertando apenas um botão.\nAbrir uma porta, abre todas as outras daquela mesma sala.",
SheriffInfoLong,"You can kill anyone on Team Impostors.\nThe ability to kill Neutrals is a configurable setting.\nIf you try to kill a crew, you will kill yourself instead. You have no tasks.",インポスター陣営をキルすることができる。\n※ニュートラルをキル可能にする設定有。\nｸﾙｰﾒｲﾄをキルすると自殺する。タスクはない。,(船员阵营):\n警长可以击杀内鬼（根据房间设置，警长也可以击杀独立阵营玩家）。\n警长若尝试击杀船员阵营的玩家，警长将会走火自杀。\n警长没有任务。,"(船員):\n警長可以殺死狼人陣營的人,\n*可以設定中立陣營是否可以被殺\n警長若槍到好人陣營將會自殺,警長沒有任務。","(Член Экипажа):\nШериф может убивать Предателей. \nЕсть настройка, позволяющая убить даже Нейтралов. \nОднако если Шериф попытается убить Члена Экипажа, то это приведёт к его смерти. У него нет заданий.","(Tripulantes):\nVocê pode matar qualquer um, no Time Impostor.\nA habilidade de matar neutros é configurável.\nSe você tentar matar um Tripulante, irá morrer no lugar dele. Você não tem tarefas.",
SnitchInfoLong,"Once you finish all your tasks, the Impostors' names will be displayed in red to you.\nWhen you have only one task left, a ★ mark will be displayed next to your name and you will be exposed to the Impostors.",タスク完了と同時にインポスターの名前の色が\n赤く表示され逆に自身のタスクが少なくなると\n名前の横に★が表示されｲﾝﾎﾟｽﾀｰに暴かれる。,(船员阵营):\n告密者完成所有任务后，将可以看到以红色昵称表示的所有内鬼。\n当告密者仅剩一个任务的时候，内鬼将会看到自己以及告密者的昵称旁边有「★」作为提示。\n（注:告密者同时作为恋人时，其技能将失效）,"(船員):\n當告密者做完所有任務,狼人的名字將會變成紅色(僅告密者可見),\n但是當他剩下最後一個任務時,\n狼人會看見告密者頭上會有個星號標記。(中立或船員不可見)\n(P.S:戀人告密者技能失效)","(Член Экипажа):\nКак только Стукач выполнит все задания, то никнейм у всех Предателей будет отображаться \nкрасным цветом, и наоборот, если количество ваших заданий будет близка к завершению, \nто рядом с никнеймом Стукача появится звёздочка★, которая будет видна Предателям.","(Tripulantes): \nAssim que você terminar suas tarefas, os nomes dos Impostores serão revelados em vermelho para você. \nQuando estiver com apenas uma tarefa faltando, um símbolo (★) será mostrado no seu nome e você estará exposto aos Impostores.",
SpeedBoosterInfoLong,"Once you finish your tasks, a random living player will get a speed boost.",既定のタスク数を完了させると、ランダムな生存者のスピードを上げる事ができる。,(船员阵营):\n增速者完成所有任务后，场上任意一名存活玩家的速度将被加快。,(船員):加速器做完任務時可以讓隨機的活著玩家速度加快,"(Член Экипажа):\nОн может увеличить скорость случайных живых игроков, если он будет выполнять задания.","(Tripulantes): \nAssim que você finalizar suas tarefas, um jogador vivo aleatório irá receber um aumento de velocidade.",
DoctorInfoLong,"You can see the cause of death for all players.\nIn addition, you can access vitals wherever you are while you still have battery.",プレイヤーの死因を知ることができる。(設定有)\nまた、充電がある限りどこでもバイタルを確認できる。,(船员阵营):\n医生可以查看生命监测装置并确认死亡玩家的死因。\n查看的时间长短与设备的充能数挂钩。,"(船員):\n醫生可以知道每個玩家的死因\n還有醫生有一個跟科學家一樣的心電圖,它也需要充電。","(Член Экипажа):\nДоктор может узнать причину смерти игрока. \nКроме того, он имеет портативные пульсы как у учёного, которые он может использовать в любом месте, пока у него не закончится зарядка.","(Tripulantes): \nVocê pode ver a causa da morte de todos os jogadores. \nAdicionalmente, você tem acesso aos sinais vitais de todos enquanto tiver bateria.",
TrapperInfoLong,"When you are killed, you immobilize your killer for a configurable amount of time.",キルされると、キルした人を数秒間移動不可+通報不可にすることができる。(設定有),(船员阵营):\n陷阱师被击杀时，凶手一段时间内将不能移动。,"(船員):\n如果設限者被殺,殺他的兇手將會被困在原地幾秒(可以設定)","(Член Экипажа):\nПосле того как Охотника убьют, то его убийца будет обездвижен на несколько секунд. (время зависит от настроек)","(Tripulantes): \nAo ser morto, imobilize o seu assassino por um certo período. (configurável)",
DictatorInfoLong,"When you vote someone, the meeting will end on the spot and the player you voted will be ejected.\nThe moment you vote someone out, you will also die.\nWhen you vote for someone in a meeting, they forcibly break that meeting and exile the player they vote for.\nAfter exercising the force, the Dictators die just after meeting.",会議中に誰かに投票をすると、会議を強制終了させて投票先を吊る事ができる。\n投票したタイミングでディクテーターは死ぬ。,(船员阵营):\n当独裁者在会议阶段投票给玩家后，会议会被强制结束并放逐其投票对象。\n该技能发动后独裁者将会死亡。,"(船員):\n如果獨裁主義者在會議上投票給某位玩家,\n獨裁主義者將強制結束會議並無視場上票數將獨裁主義者投的那個人投出\n但是獨裁主義者將死於他投票的瞬間。","(Член Экипажа):\nЕсли Диктатор проголосует за любого игрока во время собрания, он сможет принудительно завершить собрание и кикнуть игрока за которого он отдал голос \nТак же Диктатор умрёт после собрания когда он отдаст голос.","(Tripulantes): \nQuando votar em alguém, durante uma reunião, a reunião será encerrada e a pessoa em que você votou, será exilada. \nAo exilar alguém, você morre-rá.",
SeerInfoLong,"Whenever someone dies, you will see a ""Kill Flash"".",プレイヤーが死亡するごとに、シーアはキルフラッシュを見ることができる。\n\n遅延が有効な場合、プレイヤーが死亡後、数秒後にキルフラッシュが起こる。,(船员阵营):\n每当玩家死亡时，灵媒将会看到击杀闪烁。,"(船員):當有玩家死亡時,靈媒將看到閃光","(Член Экипажа):\nПровидец видит ''Вспышку Убийства'' каждый раз, когда игроки умирают.","(Tripulantes): \nQuando alguém morre, você vê um ""clarão de abate"" (a sua tela piscará brevemente).",
TimeManagerInfoLong,"The more tasks you do, the longer your meeting will last. When you die, the meeting time will be restored.",タスクを終わらせるごとに会議時間が延びる。死亡すると会議時間は元に戻る。,(船员阵营):\n你做的任务越多，会议时间就会越长。在你死后，会议时间会复原。,(船員陣營):\n時間大師做越多任務，那麼會議時間就會延長越多(直到上限)。如果時間大師死亡，那麼會議時間就會恢復原狀。,"(Член Экипажа):\nМастер Времени может увеличить время встречи, увеличивается время по мере выполнения заданий. Но когда он умрет, время встречи будет сброшено по умолчанию.","(Tripulantes):\nAo fazer tarefas você aumenta o tempo de reunião. Quando você morre, o tempo de reunião volta ao normal.",
BakeryInfoLong,"If the baker survives, the bread arrives at the meeting.",パン屋が生存していると、会議開始時にパン屋生存コメントがチャット欄に表示される。
FortuneTellerInfoLong,"When you vote for yourself during a meeting after completing the required number of tasks, you can switch to Divination Mode.\nWhile in Divination Mode, voting for someone other than yourself allows you to divine (reveal) that player's role.\nThis setting can be changed to allow divination without self-voting.",既定のタスク数を完了した状態で会議で自投票すると占いモードに変更できる。\n占いモードの状態で自身以外の誰かに投票すると、投票先の役職を占うことができる。\n自投票せずとも占えるように設定で変更が可能。
ToiletFanInfoLong,"By entering the vent, you can open all the lounge restroom doors. That's all...",ベントに入ることでラウンジのトイレのドアを全て開くことができる。それだけ。
VentMasterInfoLong,"When someone other than yourself enters the vent, you can see the flash.\nWhen the vent is available, you can enter it repeatedly without cooldown or duration restrictions.",自身以外の誰かがベントの中に入るとフラッシュを見ることができる。\nベントが使える場合、クールダウン、持続時間なしで何度でもベントに入ることができる。
TaskStarInfoLong,"When you complete a task, people around you will see who the task star is",タスクを全て完了させると全員視点からタスクスターが誰か分かるようになる。,,,,
PonkotuTellerInfoLong,"After completing the required number of tasks, voting for yourself in a meeting will switch to Fortune-Telling Mode. \nWhile in Fortune-Telling Mode, voting for someone other than yourself allows you to predict their role. However, there is a certain probability that the prediction will fail. \nIf the prediction fails, the result will display the role of a randomly selected player from the entire group. \nSettings can be adjusted to enable fortune-telling without requiring a vote for yourself.",規定のタスク数を完了した状態で会議で自投票すると占いモードに変更できる。\n占いモードの状態で自身以外の誰かに投票すると、投票先の役職を占うことができる。ただし、一定確率で占いが失敗する。\n占い失敗時、結果は全員からランダムなプレイヤーの役職が表示される。\n自投票せずとも占えるように設定で変更が可能。
UltraStarInfoLong,AllPlayer Can See My Role.\nAlso fast on its feet and changes color at 1second intervals.,全員視点からウルトラスターが誰か分かる。\nまた、ウルトラスターは速度が速く、1秒間隔でスキンの色が変化する。\nキルができるか設定で変更が可能。\nキルが可能な場合、一定時間が経過して最初にすれ違った人を強制的にキルする。(ガードも貫通)\n\n敵を見つけたら体当たりして殺害だぁ!!
MeetingSheriffInfoLong,"After completing the required number of tasks, voting for yourself during a meeting will switch you to Justice Enforcement Mode. \nWhile in Justice Enforcement Mode, voting for anyone other than yourself allows you to execute justice on that player. \nIf the target is an Imposter, you can kill them. \n※Settings may allow killing Neutral players. \nExecuting justice on a Crewmate will cause them to commit suicide.",既定のタスク数を完了した状態で会議で自投票すると正義執行モードに変更できる。\n正義執行モードの状態で自身以外の誰かに投票すると、投票先のプレイヤーに正義執行を行うことができる。\n正義執行の対象がインポスター陣営の時、キルすることができる。\n※ニュートラルをキル可能にする設定有。\nｸﾙｰﾒｲﾄを正義執行すると自殺する。
GuardMasterInfoLong,"If Taskcompleted , you have Guard.",タスクを全て完了させると設定回数キルをガードできる。また、いつキルをガードしたかが分かる。
ShyboyInfoLong,"When someone is within a certain range, VentCool decreases. when no one is present, it recovers.\nWhen Vent Cool reaches 0 seconds remaining, it triggers a seizure and results in death.",一定範囲内に誰かがいるとベントクールが減少し、誰もいないと回復する。\nベントクールが残り0秒になると、発作を起こして死亡してしまう。
BalancerInfoLong,"Voting for yourself in a meeting switches to the Scales Mode. \nWhen in Scales Mode, voting for two people initiates a Scales Meeting, allowing you to weigh those two candidates on the scales. \nDuring a Scales Meeting, you can only vote for the two candidates on the scales. If you do not vote, your vote will automatically go to one of them. \nIn the event of a tie, both candidates are exiled. \nThe Scales Meeting can only be used once.",会議で自投票すると天秤モードに変更できる。\n天秤モードの状態で2人に投票すると天秤会議が始まり、投票先の2人を天秤に掛けることができる。\n天秤会議では天秤に掛けられた2人にのみ投票することができ、無投票の場合は自動でどちらかに投票される。\n同数票の場合はどちらも追放される。\n天秤会議は1度のみ使用可能。
ShrineMaidenInfoLong,"After completing the required number of tasks, voting for yourself during a meeting switches to Fortune-Telling Mode. \nWhile in Fortune-Telling Mode, voting for someone other than yourself allows you to determine whether the player you voted for and the player whose body was reported during that turn belong to the same faction. \nThis ability cannot be used if no body was reported.",既定のタスク数を完了した状態で会議で自投票すると占いモードに変更できる。\n占いモードの状態で自身以外の誰かに投票すると、\n投票先のプレイヤーとそのターンで通報された死体のプレイヤーが同陣営なのか占うことが出来る。\n通報された死体がなければ能力を使用できない。
ComebackerInfoLong,"By entering a vent, you can teleport to the location of the last vent you entered.",ベントに入ることで、前回入ったベントの位置へテレポートできる。\nベントに入ったのが初回の時はテレポートされない。\nベント内に潜ることや通常のベント移動はできない。
WhiteHackerInfoLong,"After completing the required number of tasks, you can place a GPS tracker on someone. By voting for someone other than yourself during a meeting, you can place a GPS tracker on the player you voted for, allowing you to pinpoint their final location on the next turn. However, if the target dies, their location cannot be determined.",既定のタスク数を完了すると、誰かにGPSを仕掛けることができるようになる。\n会議で自身以外の誰かに投票することで投票先のプレイヤーにGPSを仕掛けることができ、次ターンの最終位置を特定することができる。\nただし、対象が死亡すると特定できない。
WolfBoyInfoLong,"Crew team but can kill everyone. However, he is treated as an imposter by other role.",クルー陣営だがすべてのプレイヤーを殺すことができる。\nただし、大狼をキルしようとすると返り討ちにあってしまう。\nタスクがない。\n他の役職(インポスターを除く)からは狼少年ではなくインポスターとして処理される。
FortunerInfoLong,"After completing all tasks, the Kill button becomes usable.\nUsing the Kill button on a target will grant them a random attribute at the start of the next meeting.\n\nIf 'Grant one attribute per use' is ON, or if no overwrite attributes are configured, one random attribute is applied.\nOtherwise, all configured attributes are applied.",タスクを全て完了させた後、キルボタンが使用できるようになる。\nキルボタンを使用した相手に次会議開始時、ランダムで属性を付与する。\n\n'1回使用で属性を1つ渡す'がON、または上書きする付与属性が未設定の場合は、ランダムで1つ。\nそれ以外の場合は設定した属性が全て付与される。
NiceAddoerInfoLong,Add-ons are granted,ナイスアドナー専用で属性が付与される。\n同じ属性が重複している場合、重複した属性はナイスアドナーの設定が優先される。
InSenderInfoLong,"When killed, he reports his own corpse.",キルされた時に、自身が自身の死体をレポートする。
StaffInfoLong,"If a match ends with a staff member not completing a task while the staff member is still alive, the staff member cannot win as a crewmate team. \n staff tasks are not included in the crewmate tasks.",スタッフが生存中にタスクを終えていない状態で試合が終了した場合、スタッフはクルーメイト陣営として勝利することができない。\nスタッフのタスクはクルーメイトのタスクには含まれない。\nベントを使用する事ができる。(設定あり)
SwitchSheriffInfoLong,"By entering the vent, the user can switch between task mode and sheriff mode. \nThe kill ability of the sheriff cannot be used while in the task mode. \nTasks cannot be performed while in the sheriff mode.",ベントに入ることでタスクモードとシェリフモードを切り替えることが出来る。\nタスクモード中にはシェリフのキル能力が使用できない。\nシェリフモードではタスクが行えない。
NiceLoggerInfoLong,"Using the one-click button allows you to place a sensor on the nearest door. \nThe sensor detects players near the door where it is placed, enabling them to receive notifications during meetings. \nAfter the meeting, the sensor must be re-installed. \nWhen the sensor detects a player, a cooldown period occurs before it can detect again.",ワンクリックボタンを使用することで一番近くにあるドアにセンサーを設置することが出来る。\nセンサーを設置したドアの付近にいるプレイヤーを検知し、会議時に通知を受け取ることが可能。\n会議後、センサーは再設置する必要がある。\nセンサーがプレイヤーを検知すると、次の検知までに一定時間クールタイムが発生する
AndroidInfoLong,Performing tasks allows you to charge the battery.\n The maximum time inside vents and vent cool-down times vary based on remaining battery charge.\n You cannot enter vents while sabotage is active. The battery cannot be charged beyond 100%.,"タスクを行うことでバッテリーをチャージすることが出来る。\nバッテリー残量によって、ベントクールダウン,ベント内での最大時間が変動する。\nサボタージュの発動中はベントに入ることが出来ない。\n100%以上に充電されることはない。"
PsychicInfoLong,"For each death of a player, the psychic can receive noise from the noise maker.",プレイヤーが死亡するごとに、サイキックはノイズメーカーのノイズを受け取ることが出来る。
EfficientInfoLong,"This role has more tasks than other crew positions, but completing a task has a chance to complete another one.\nWhen efficiency is successfully boosted, the Guardian Angel's barrier becomes visible.\n After a successful efficiency boost, completing tasks for the next 3 seconds will not trigger another boost.",他のクルー役職よりタスクが多いが、タスクを完了させると、\n一定確率でもう一つタスクが完了する。\n効率化成功時、守護天使のバリアが見える。\n効率化成功後、3秒間の間タスクを完了させても効率化が出来ない
KingInfoLong,"It is not a basic death, but when it does occur, it causes significant damage to the crew camp. \nNormal kills and many special kills do not cause death. \nHowever, if a certain number of votes are collected in a meeting, he himself will be expelled. \nThe crew camp knows that he is King, but outsiders do not.","基本死亡しないが、死亡した時、クルー陣営に大きな損害をもたらす。\n通常キル、多くの特殊キルでも死亡しない。\nただし、会議で一定数票が集まってしまうと自身が追放されてしまう。\nクルー陣営には自身が君臨者であることが分かっているが人外には分からない。\n君臨者には天邪鬼,アムネシアは付与されない。"
AmateurTellerInfoLong,"After completing the required number of tasks, voting for yourself in a meeting will switch to Fortune-Telling Mode. \nWhile in Fortune-Telling Mode, voting for someone other than yourself allows you to divine the target's identity. \nFortune-telling takes one turn. If the target is a non-human, they will become aware they are being divined. \nOnly one person can be divined per meeting.",既定のタスク数を完了した状態で会議で自投票すると占いモードに変更できる。\n占いモードの状態で自身以外の誰かに投票すると、投票先を占うことが出来る。\n占いには1ターンかかり、対象者が人外の場合、占われている事が分かってしまう。\n1会議で1人までしか占えない。
CakeshopInfoLong,"After the meeting, everyone is given one random attribute until the end of the next meeting.",< 期間限定役職 > \n会議後、全員にケーキを配るケーキ屋さん！\nケーキの効果時間は次の会議が終わるまで！！\n(会議後、次の会議が終わるまで全員にランダムな属性が1つ付与される。)\n追放されると誰かを道連れにする。
StolenerInfoLong,"When he is killed himself, the attribute that is given in the setting is given to the killer.",自身がキルされると、設定で付与している属性がキラーに付与される。\n自身が属性を使えるかは設定による。
SnowmanInfoLong,"If you walk a lot until you complete the task, the snow will fall and your visibility will gradually decrease. \n Also, if you stand still for a long time, the snow melts and the visibility gets narrower.",たくさん歩くと雪が落ち、視界がだんだん狭くなる。\nまた、ずっと立ち止まってると、雪が溶け視界が狭くなる。\n(歩く方が雪の消費を抑えられる)\n\nタスクをすべて終えると、溶けなくなり視界が狭まらなくなる。
GaspInfoLong,"If a certain number of tasks are completed and \n someone is killed, a ★ mark will be placed on the killer's name until the next meeting. \nEven if he/she dies in a way that leaves no corpse, the mark will be placed on his/her name.",タスクを一定数完了させ、\n誰かにキルされると次の会議が始まるまでキラーの名前に★マークがつく。\n死体が残らない死に方をした場合でもマークがつく
VentOpenerInfoLong,"After completing a set number of tasks,\n entering the vent allows you to expel all players from the vent.\n Additionally, if successful, a flash will be visible.",タスクを一定数完了させた後、\nベントに入ることで、全プレイヤーをベントから追い出すことができる。\nまた、成功するとフラッシュが見える,,,,,
VentHunterInfoLong,"After completing a set number of tasks, you can enter a vent to set a trap within it.\n The trap will disappear after a set amount of time has passed,\n but entering the vent where the trap is set will result in death. Additionally,\n if a killable role is present in the vent when setting the trap, the trap-setting will fail, and you will be killed regardless of faction.",タスクを一定数完了させた後、\nベントに入ることで、入ったベントに罠を仕掛けることができる\n罠は設定した時間経過すれば消えるが、\nその罠の仕掛けられたベントに入ってしまうと死んでしまう\nまた、罠を仕掛ける時ベント内にキル可能役職がいた場合、\n罠を仕掛けるのに失敗し、陣営関係なく返り討ちにされる。
SatelliteInfoLong,"After completing the set number of tasks, voting for yourself in the meeting will switch you to “Detection” mode. \nVoting for someone other than yourself in ‘Detection’ mode allows you to check one room that person entered before the meeting. \nDuring communication jamming, your actions are not observed, and “Observation” mode cannot be used.",設定されたタスク数を完了した状態で会議で自投票すると「探知」モードに変更できる。\n「探知」モードで自身以外の誰かに投票すると、会議前、その人が入ったことのある部屋を1つ確認できる。\n通信妨害中、行動は観測されず、「観測」モードも使用できない。
WalkerInfoLong,"In addition to the normal tasks, a task of going to a specific room is added.",通常のタスクの他に、特定の部屋に行くというタスクが追加される。\n特定の部屋に行くタスクも通常のタスクも、クルーメイト勝利のカウントに含まれる。
AllArounderInfoLong,Each turn changes into various roles and abilities according to a set probability.,ターン毎に設定された確率に応じて、様々な役職や能力に変化する。\n\nマッドメイト、オポチュニストの場合、そのターンの間タスクは勝利カウントに計算されない。\n\n基本通信妨害中は能力が使用できない
InspectorInfoLong,"Voting for yourself in the meeting changes your status to Investigation Mode.\nVoting for someone while in Investigation Mode allows you to investigate that person during the next turn.\nIf the investigated target dies, you gain information about the target and the killer responsible for their death.\nInvestigations reset when the meeting begins.\nAdditionally, multiple simultaneous investigations are not possible.",会議で自投票すると捜査モードに変更できる。\n捜査モードの状態で誰かに投票するとその人の事を次のターンの間、捜査することができる。\n\n捜査相手が死亡すると、捜査相手や捜査相手を殺した犯人についての情報を手に入れることができる。\n\n会議が始まると捜査はリセットされる。\nまた、複数人同時捜査はできない。
CandleLighterInfoLong,"My field of vision gradually shrinks like a candle flame. Unlike others, however, I illuminate my surroundings with candles, so I remain unaffected by the power outage.\nUpon completing all tasks, a new candle is supplied, allowing me to relight it at its brightest setting.",視界がろうそくのようにだんだんと小さく狭くなっていく。ただ、他人と違いろうそくで周りを灯している為、停電の影響は受けない。\nタスクを全て完了させると新たに一本ろうそくが供給され、一番明るい状態に点け直すことができる。,
ExpressInfoLong,It is just fast.,ただ足が速い。,
MerlinInfoLong,Combination role with <#ff1919>assassin</color>. \n\nThe names of Imposters and Egoists appear in red. Loses when Assassin guesses himself in \n\n Assassin meeting.,<#ff1919>アサシン</color>とのコンビネーション役職。\n\nインポスター、エゴイストの名前が赤く見える。\n\nアサシン会議でアサシンに自身を推測されると負ける。
ObserverInfoLong,"Voting for someone in a meeting marks them as a “monitored target.” When a monitored target dies, a kill flash occurs for everyone.",会議で誰かに投票する事で投票相手を「監視対象」にする。\n監視対象が死亡した時、全員にキルフラッシュが発生する。
AnalyzerInfoLong,"After completing a certain number of tasks, entering the vent designated for each faction allows you to check the number of surviving players in that faction at the start of the meeting.\nMadmates are counted as Crewmates, and roles that are excluded from the alive count are not counted.\nThe designated vents for each faction are indicated by colored arrows. (<#ff1919>Ⓘ</color>: Impostor <#8cffff>Ⓒ</color>: Crewmate <#cccccc>Ⓝ</color>: Neutral)",一定タスクを完了させた後に、陣営毎に指定されているベントに入ることで、\n会議開始時に、その陣営の生存人数を確認することができる。\nマッドメイトはクルーとしてカウントされ、生存カウントに含まれない役職はカウントされない。\n陣営事の指定ベントは色付き矢印で表示されている。(<#ff1919>Ⓘ</color>:インポスター <#8cffff>Ⓒ</color>:クルー <#cccccc>Ⓝ</color>:第三陣営)
BearInfoLong,Just has a longer kill range.,キルする長さが長いだけ,,,,,
#CrewmateInfoLong

# ニュートラル役職
ArsonistInfoLong,"When you use the kill button, you douse your target in oil.\nAfter dousing all living players, you set everything ablaze and win by venting.",キルボタンを使おうとすると、ターゲットに油を塗れる。\nすべてのクルーに油を塗ったら船を燃やして勝利する。,(独立阵营):\n纵火犯可以通过对玩家点击击杀按钮并在跟随其数秒来完成涂油行为。\n当所有存活玩家都被纵火犯涂油后，纵火犯可以通过跳通风管来点火，并单独获得胜利。,"(中立):\n當縱火犯嘗試使用殺人鍵,它將對他身邊最近的一個人澆上油,\n當他對所有玩家澆上油之後,縱火縱火犯點火即勝利。","(Нейтрал):\nПоджигатель может обливать игроков, нажав на кнопку 'Убить' и находясь рядом с игроком в течение нескольких секунд. \nПосле того как он обольёт всех живых игроков Поджигатель сможет запрыгнуть в вентиляцию, чтобы поджечь всех игроков, что приводит к победе Поджигателя.","(Neutros):\nAo apertar o botão de matar, você encharca o seu inimigo em óleo.\nApós ter encharcado todos os jogadores vivos, você coloca tudo em chamas e ganha entrando na ventilação.",
JesterInfoLong,"You solo victory by getting voted out during a meeting.\nIf the game ends without you getting voted out, or if you are killed, you lose.",会議で追放された時に単独勝利できる。\n追放されず試合が終了orキルされると敗北。,(独立阵营):\n小丑被放逐则小丑单独游戏胜利。\n游戏结束时若小丑仍存活则小丑输掉游戏。,"(中立):\n當小丑被丟出時即宣告小丑獲勝,\n但是小丑在遊戲結束時活下來或是在遊戲中被殺即宣告失敗","(Нейтрал):\nШут сможет выиграть игру, если за него проголосуют во время голосования и он будет изгнан.\nВ противном случае Шут проиграет.","(Neutros): \nVocê ganha sozinho ao ser exilado durante uma reunião. \nSe o jogo terminar com você não sendo votado, ou você for morto, você perde.",
TerroristInfoLong,You solo victory by getting killed or voted out AFTER you finish your tasks.,自身のタスクを全て完了させた状態で\nキル・追放された時に単独勝利する。,(独立阵营):\n恐怖分子完成所有任务后死亡，则恐怖分子单独获得胜利。,(中立):\n恐怖分子只要做完它的所有任務並且死亡即可獲勝,"(Нейтрал):\nТеррорист побеждает в одиночку, если его убивают или изгоняют. \nНо только если все его задания будут выполнены.",(Neutros): \nVocê ganha sozinho se for morto ou exilado DEPOIS de finalizar suas tarefas.,
ExecutionerInfoLong,"You are assigned a target who has a diamond mark only you can see next to their name.\nYou solo victory by having that target voted out. If your target is killed, your own role changes into something else.\nIf your target is Jester, you will win alongside Jester.",ターゲットに対してこちらからのみ視認できるダイヤのマークがついている。\n投票でダイヤが付いている人を追放すれば単独勝利。ターゲットがキルされた場合は役職が変化する。\nターゲットがジェスターの場合は追加勝利する。,(独立阵营):\n游戏开始时处刑人会被分配到一个处刑目标，并在其昵称旁用菱形「♦」表示。\n若处刑目标被击杀，则处刑的职业会根据设置变为船员，小丑或投机者。\n如果处刑目标在会议中被放逐则处行者独自获得胜利。\n若小丑作为处刑目标被放逐时，小丑与处刑人共同获得胜利。,"(中立):\n劊子手的目標會有一個鑽石符號,這個符號僅劊子手可見,\n如果他的目標被投出,他將獨自勝利。\n如果目標被殺,劊子手將轉職(可以設定).\n如果目標是小丑,那麼被丟出時,劊子手和小丑會一起獲勝。","(Нейтрал):\nПалач назначается цель с темно-фиолетовым значком «Ромба» рядом с именем игрока.\nОн побеждает когда его цель будет изгнана на голосовании.\nЕсли его цель умирает до того как он был изгнан, Палач меняет свою роль и становится Членом Экипажа, Шутом или Выжившим в зависимости от настроек игры.\nЕсли его цель является Шут, то Палач выиграет вместе с ним.","(Neutros): \nVocê recebe um alvo com um símbolo de diamante próximo ao seu nome, que só você pode ver. \n Você ganha sozinho se o seu alvo for exilado. Caso o alvo seja morto, a sua classe muda para algo diferente. \nSe o seu alvo é um Bobo, você ganha com ele.",
SchrodingerCatInfoLong,"When you are killed, you block the kill and join the attacker's team.",キルされると、キルを防いでキルをしてきた陣営に所属する。,(独立阵营):游戏开始时薛定谔的猫没有胜利条件。\n薛定谔的猫被击杀后，其会复活且加入凶手阵营，获得与凶手所在阵营相同的胜利条件。\n 注:1.被放逐的薛定谔的猫死亡并不再变更胜利条件。\n2.被术士击杀的薛定谔的猫死亡并不再变更胜利条件。\n3.除吸血鬼的击杀外，一切显示为玩家自杀的情况内薛定谔的猫死亡并不再变更胜利条件。,(中立陣營):\n當薛定諤的貓第一次被殺時，他將轉入殺他的那個陣營。\n(P.S:1.薛定諤的貓如果被丟出則陣營不更改(可以在設定中更改)\n2.薛定諤的貓如果被術士下咒對象咒死時則陣營不更改\n3.如果薛定諤的貓有戀人且戀人死亡受到戀人共死影響自殺則陣營不更改),"(Нейтрал):\nКогда Пленника пытаются убить, он предотвращает убийство и переходит к команде убийцы.","(Neutros): \nQuando morto, você bloqueia a morte e se junta ao time do seu assassino.",
OpportunistInfoLong,"So long as you are alive at the end of the game, you will win alongside whoever the victor is.",試合終了時に生存していれば追加勝利となる。,(独立阵营):\n若投机者在游戏结束时存活，则投机者跟随获胜玩家一同获得胜利。,"(中立):\n如果投機主義者活到最後,他將跟著遊戲結束獲勝的陣營一起獲勝。","(Нейтрал):\nВыживший выигрывает игру с любыми другими ролями, но только если он выжил.","(Neutros): \nContanto que você esteja vivo no final do jogo, você dividirá a vitória ao lado do vencedor.",
EgoistInfoLong,"When all impostors are dead, you solo victory by fulfilling impostor victory conditions.\nYou and the impostors know who each other are.",味方がすべて死んだ状態でインポスターが勝つと単独勝利する。\nインポスターは誰がエゴイストか分かる。エゴイストも、誰がインポスターか分かる。,(独立阵营):\n原则上野心家属于内鬼阵营。野心家与内鬼阵营玩家互认但不可以击杀对方。\n当其他内鬼阵营玩家全部死亡后，若野心家存活且内鬼阵营达成胜利条件，则野心家单独获得胜利。,(中立陣營):\n如果所有的偽裝者都死亡，且利己主義者存活，利己主義者將獨自獲勝。\n(偽裝者和利己主義者互相知道對方但是不可以互刀對方),"(Нейтрал):\nПосле того, как все Предатели умрут то Эгоист побеждает вместо Предателей. \nПредатели и Эгоист видят друг друга.","(Neutros): \nQuando todos os Impostores morrerem, você ganha sozinho assumindo o papel de Impostor. \nVocê e os Impostores sabem quem são uns aos outros.",
JackalInfoLong,"Jackal can kill all Crewmates, Impostors and Neutrals.\nTeam Jackal wins when living Jackal outnumbers living Crewmates and when there are no Impostors alive.",ジャッカルはすべてのプレイヤーを殺すことができる。\nインポスターが残っておらず、生き残っているジャッカルの人数がクルーと同じかそれ以上でジャッカルが勝利する。\nサイドキックが作成できる場合、キルボタンが光っている状態でワンクリックボタンを押すと、一番近くにいるプレイヤー(ジャッカル陣営を除く)をジャッカルドールにできる。,(豺狼阵营):\n豺狼需要击杀所有人。\n存活的玩家只剩豺狼和一名其他船员时，豺狼获得胜利。,"(豺狼陣營):\n豺狼需要殺死所有人來獲得勝利,\n如果場上存活的玩家只剩下豺狼和另一名不帶刀職業時,豺狼將獲勝。","(Шакалы):\nШакал может убить всех Членов Экипажа, Нейтралов и Предателей тоже. \nШакал может победить, когда в живых остался только 1 Шакал и 1 Член Экипажа.","(Chacais): \nVocê pode matar todos os jogadores. \nGanhe quando não existirem mais Impostores, e o número de Guarás for maior que o de Tripulantes.",
PlagueDoctorInfoLong,"The Plague Doctor's goal is to infect every living player.\nThey start by choosing one player to infect, after which anyone who spends a set\namount of time in range of the infected player becomes infected themselves.\nInfection progress is cumulative, and does not reset with distance or after meetings.",ペスト医師ははすべてのプレイヤーに感染を広げることが目的。\nキルで最初の感染者を選ぶ。接触感染していきすべてのプレイヤーに感染させたら勝利。会議では感染はリセットされない,,,"(Нейтрал):\nЦель Чумного Доктора - заразить всех живых игроков.\nОн выбирает одного игрока для заражения с помощью кнопки 'Убить', после чего игрок который будет в радиусе зараженного игрока в течении X времени, станет зараженным.\nПрогресс заражения не сбрасывается после встреч и т.д.","(Neutros):\nO objetivo do Médico da Peste é infectar todos os jogadores vivos.\nEles começam escolhendo um jogador para infectar e, depois disso, qualquer pessoa que passar um período de tempo definido próxima do jogador infectado será infectada também.\nO progresso da infecção é cumulativo e não é reiniciado com a distância ou após reuniões.",
ChefInfoLong,"You can use the kill button to give the dish to that person. If the player is hanged with the dish given to all players, They wins alone, and if he/she survives when someone wins, They wins additionally.",キルボタンを使ってその人に料理を渡せる。\n全員に料理を渡した状態で吊られると単独勝利、また誰かが勝利した時生存していると追加勝利へとなる。
CountKillerInfoLong,Count Killer can kill all players. You can win the game if you kill \n set number of times.,カウントキラーはすべてのプレイヤーを殺すことができる。\n設定回数キルすると勝利できる。
JackalMafiaInfoLong,"Initially the kill is blocked. \nAfter the jackal is dead, it can be killed.",初期状態ではキルが封じられている。\nジャッカルが死亡後、自身もキルが可能になる。\n仕様はジャッカルと同様。
RemotekillerInfoLong,"The Remote Killer can kill all players.\nChoose your target with the Kill button, then enter a vent to remotely kill your target.\nYou can't perform regular kills.\nThe Remote Killer wins if more than half of the remaining players are Remote Killers and the other players are harmless roles.",リモートキラーはすべてのプレイヤーを殺すことができる。キルボタンで対象を決め、ベントに入ると対象を遠隔でキルできる。\n普通のキルを行うことはできない。\n生存者の半数以上がリモートキラーかつ、他の生存者が無害な役職でリモートキラーが勝利する。
GrimReaperInfoLong,"【Victory Conditions】The Grim Reaper wins alone if either of the following is met:\n① Survivors consist of 1 Impostor, 1 Grim Reaper, and 0 crewmate roles.\n② The Grim Reaper survives and the crewmate faction achieves their victory condition (excluding task victory).\n\nThe Grim Reaper can curse one person per turn by pressing the kill button.\nA cursed person dies at the start of the meeting. However, if the Grim Reaper dies in the same turn, they can survive past the meeting start. The Grim Reaper cannot report body and is not counted towards the survivor count.","【勝利条件】以下のどちらかを満たせば死神の単独勝利\n①生存者がインポスター1人,死神1人,クルーカウントの役職が0人\n②死神生存かつ他の有害なキル役職が全滅\n\n死神はキルボタンを押すことで、1ターンに1人まで呪うことができる。\n呪われた人は会議開始と同時に死亡する。ただし、死神がそのターンに死亡すれば会議開始以降も生存できる。\n死神は死体通報ができず、生存人数にカウントされない。"
MadonnaInfoLong,"When you self-vote during a meeting, you can switch to Confession Mode.\nWhile in Confession Mode, if you vote for someone other than yourself, you will confess your love to that player.\nIf the target is not a Lovers, OneLove, or OneLove’s Crush, the confession succeeds, and you both become MadonnaLovers.\nIf the target is a Lovers, OneLove, or OneLove’s Crush, the confession fails, and you cannot become Lovers.\nWhen a confession fails, your role will change.\nMadonna cannot be assigned as a Lovers role.","会議で自投票すると告白モードに変更できる。\n告白モードの状態で自身以外の誰かに投票すると、投票先のプレイヤーに告白することができる。\n相手がラバーズ,片思い,片思いの想い人のいずれかでなければ告白が成功。その相手とマドンナラバーズになれる。\n相手がラバーズ,片思い,片思いの想い人のいずれかだと告白は失敗。ラバーズになれない。\n告白失敗時は役職が変化する。\nマドンナにラバーズは配役されない。"
WorkaholicInfoLong,"Has more tasks than a Crewmate.\nIf you complete all tasks while alive, you achieve a solo win.\nCompleting all tasks after death will not grant a win.",クルーよりもタスクが多い。\n生存中にタスクを全て完了することで単独勝利できる。\n死亡後にタスクを全て完了しても勝利できない。
MonochromerInfoLong,"Wins if you survive until the end and the Crewmate team wins.\nIf the Crewmates win by tasks, you will be included in the victory.\nOtherwise, you will steal the win.\n\nDuring task turns, from the Monochromer perspective, the skins of all other players (except Ultrastar) become gray, making them indistinguishable.\nYou can change this in the settings to display them in white and black instead of gray.\n\nIn the white/black display mode, players are divided based on their original skin colors, as shown below:\n\n<#ee54bb>Pink</color>, <#f07d0d>Orange/color>, <#f6f657>Yellow</color>, <#d7e1f1>White</color>, <#38ffdd>Cyan</color>, <#50f039>Lime</color>, <#ecc0d3>Rose</color>, <#f0e7a8>Banana</color>, <#d76464>Coral</color> → White<#c61111>Red</color>, <#132ed2>Blue</color>, <#11802d>Green</color>, <#3f474e>Black</color>, <#6b2fbc>Purple</color>, <#71491e>Brown</color>, <#5f1d2e>Maroon</color>, <#758593>Gray</color>, <#918877>Tan</color> → Black","最後まで生存しているかつ、クルー陣営が勝利すると勝利できる。\nタスク勝利だと自身も追加、それ以外だと乗っ取り勝利する。\nタスクターン中、モノクラーからのみ他のプレイヤー全員(ウルトラスターを除く)のスキンがグレーになり、識別できなくなる。\nグレーではなく白,黒で表示するように設定で変更が可能。\n白,黒表示では元々のスキンの色で分けられており、以下の通りである。\n\n<#ee54bb>ピンク</color>,<#f07d0d>オレンジ</color>,<#f6f657>イエロー</color>,<#d7e1f1>ホワイト</color>,<#38ffdd>シアン</color>,<#50f039>ライム</color>,<#ecc0d3>ローズ</color>,<#f0e7a8>バナナ</color>,<#d76464>コーラル</color>→白\n<#c61111>レッド</color>,<#132ed2>ブルー</color>,<#11802d>グリーン</color>,<#3f474e>ブラック</color>,<#6b2fbc>パープル</color>,<#71491e>ブラウン</color>,<#5f1d2e>マルーン</color>,<#758593>グレー</color>,<#918877>タン</color>→黒"
JackaldollInfoLong,"Sides with the Jackal team.\nCan recognize both Jackal and Jackal Mafia.\nIf your master is eliminated, your role may change depending on the settings.\nHas no tasks.",ジャッカル陣営の味方をする。\nジャッカル、ジャッカルマフィアと互いに認識できる。\nご主人が全滅した場合設定に応じて役職が変わったりなどする。\nタスクはない。
DoppelGangerInfoLong,"Cannot kill anyone except the shapeshift target.\nAlso cannot revert shapeshifting once transformed.\nWhile shapeshifted, a count increases by 0.1 per second, and after killing the shapeshift target, the count increases by 1 per second until a report occurs.\nIf the count exceeds the value required for an additional victory and you survive until the end of the game, you achieve an additional win.\nIf the count reaches the value required for a win, you instantly win at that moment.\nCannot use vents or sabotages.",シェイプ対象以外キルが出来ない。\nまた、シェイプシフトを解除することもできない。\nシェイプシフト中にカウントが0.1/s溜まり、シェイプ対象をキルすると、通報までカウントが1/s貯まる。\n追加勝利に必要なカウントを超えゲーム終了まで生存していると追加勝利、\n勝利に必要なカウントに達するとその時点で自身が勝利する。\nベントやサボタージュは使用不可能
MassMediaInfoLong,"Can use the Kill button to track a target.\n\nThe Mass Media can see the location of their target, but when the target is nearby, their vision turns completely dark.\nIf the target is killed and the Mass Media reports the body,\nthey can guess who killed the target through a voting event.\nOnce the guess is made, the meeting ends immediately.\nIf the Mass Media skips voting, no guess is made.\nIf the guess is correct, the Mass Media wins.\nIf the guess is wrong, the Mass Media dies.\nThe Mass Media cannot use any information devices (such as admin map or vitals).\nThe tracking target and related data are reset at each meeting.\nWhen the Mass Media reports the target’s body, any role-related or attribute-related effects will not be applied.",キルボタンを使ってその人を追跡することが出来る。\nマスメディアは追跡相手の位置が分かるが、追跡相手が近いと視界が真っ暗になる。\n追跡相手がキルされ、自身が通報した場合、\n誰が追跡相手をキルしたのかを投票で推測することが出来る。\n推測を行った場合は会議が即座に終了する。スキップの場合は推測が行われない。\n推測があっていた場合、マスメディアの勝利、間違っていればマスメディアが死亡する。\nまた、情報機器を使用することが出来ない。追跡相手等は会議でリセットされる。\nマスメディアが対象の死体を通報する時にのみ、属性(役職付与属性含む)の効果は適応されない
BankerInfoLong,"Earn points by completing tasks or killing players.\nPoints are consumed when changing modes or starting a turn.\nYou can switch between Kill Mode and Task Mode by entering a vent.\n\nIf you have a certain amount of points at the end of the game, you achieve an additional victory.","タスク、キルを行うことでポイントが貯まる。\nモード変更、ターン開始時にポイントを消費する。\nベントに入ることでキルモード,タスクモードを切り替えることが出来る。\n試合終了時点で一定ポイント所持していると追加勝利。"
BakeCatInfoLong,"At the start, everyone believes you are a Crewmate.\nIf you are killed, you survive the attack and join the killer’s team instead.\nAfter joining a team, you gain the ability to kill.\nYou have no tasks.\nIf the game ends while you remain unaffiliated, you win with the Crewmates.",始めは自身がクルーだと全員が思い込む。\nキルされると、キルを防いでキルしてきた陣営に所属する。\n所属後、キルが可能になる。\nタスクはない。\n無所属のまま試合が終わるとクルーと一緒に勝利する。
ChameleonInfoLong,"Belongs to a different team each turn.\nIf the team you belong to at the end of the game wins, you win as well.",ターン毎に所属しているチームが異なる。\nゲーム終了時点に所属していたチームが勝利すると自身も勝利する
PhantomThiefInfoLong,"By using the Kill button, you can select a target whose role you want to steal.\nWhen the PhantomThief selects a target, a notice is sent at the start of the next meeting, revealing the target’s information (if enabled in settings).\nIf you are alive and the target is alive when you meet your victory conditions, you can steal the target’s role and win. The target will lose in this case.\nIf the target dies, you can choose a new target, but you cannot overwrite the target while they are alive.\nIf the number of surviving players drops below the configured amount, you can no longer select a target.",キルボタンを使用することで、役職を盗むターゲットを指定できる。\n怪盗がターゲットを指定すると次の会議開始時に予告状が送られ、ターゲットの情報が公開される。(設定有)\n自身が生存かつターゲットが生存した状態で勝利条件を満たしている時、ターゲットの役職を奪って勝利できる。この時、ターゲットは敗北となる。\nターゲットが死亡すると再指定することができる。ただし、ターゲット生存中の上書きはできない。\n生存者が設定人数を下回ると、ターゲットを指定できなくなる。
EmptinessInfoLong,"You are empty like a hollow box. No role. No faction. No allies, of course. With no role and no faction, you have no victory condition. And that means you can do nothing...",君は空箱のように何もない。\n役職も。陣営も。勿論味方も。\n役職も陣営もないので勝利条件もない。\nだからといって出来ることもない。
CurseMakerInfoLong,"By pressing the Kill button and approaching a target for a certain time, you can curse them.\nWhen you press the one-click button, you kill yourself and all cursed targets.\nIf the game ends after using this ability, you achieve a solo victory.\nCurses are lifted after a certain number of turns.",キルボタンを押し、対象に一定時間近づく事で呪うことができる。\nワンクリックボタンを押した時、自身と呪っている相手全員を殺す。\n能力発動後、試合が終了すれば単独勝利になる。\n呪いは一定ターンが経過すると解除される。
JackalAlienInfoLong,The Jackal changes into various roles or abilities each turn according to a set probability.\nThe role and ability for each turn can be revealed during meetings.,ターン毎に設定された確率に応じて、様々な役職や能力に変化するジャッカル。\nターン毎の役職や能力は会議時に知ることができる。
FoxInfoLong,"If you survive until the end of the game, you win solo (if the task victory condition is enabled).\n\nYou cannot repair sabotage, but you possess a vent. \nYou receive one Kill Guard card for each completed task. \nDuring a task turn, if you remain in contact with a player for too long, everyone will discover that you are the Fox. \n\nStarting from the first turn, if you do not go to the room displayed below your name, \nyour survival will be revealed at the next meeting.",ゲーム終了時まで生存していると単独勝利(タスク勝利時の設定有)\n\nサボタージュが修復できないが、ベントを持つ。\n設定タスク完了毎にキルガードが1枚付与される\nタスクターン中、プレイヤーと長く接触すると、自身が妖狐であることが全体に分かってしまう。\n\n初手ターン以降、名前の下に表示される部屋に行かないと\n次会議、自身が生存していることが通知されてしまう
SantaClausInfoLong,"By completing all tasks, you can create a gift.\nAfter creating a gift, you can drop it by entering a designated vent.\n\nDrop the required number of gifts to achieve victory.\n\nDuring the meeting in the turn when a gift is dropped, a notification will indicate that the gift has been delivered.\n\nAfter dropping a gift, the tasks reset and become available again.",タスクを全て完了させることでプレゼントを作成することができる。\nプレゼント作成後、\n指定されたベントに入ることでプレゼントを投下することができる。\n\n指定数プレゼントを投下すれば勝利。\n\nプレゼントを投下したターンの会議でプレゼントが届いた通知が来る\n\nプレゼントを投下するとタスクが再度復活する
VultureInfoLong,"By pressing the report button, you can eat a body.\nPerform the required number of pinches to achieve victory.\nCompleting tasks allows you to see kill flashes and receive arrows pointing to bodies.\n\nBodies ate during that turn will be marked with <#6f4204>×</color> during meetings.",通報ボタンを押すことで死体をつまみぐいする事ができる。\n一定回数つまみぐいを行うと勝利。\nタスクを行うことでキルフラッシュが見えたり、死体への矢印を受け取ることができる\n\nそのターンにつまみぐいされた死体は会議で<#6f4204>×</color>がつく。
TurncoatInfoLong,"The target is marked with <#371a1a>★</color>.\n\nAt the end of the game, if the target loses and you are alive, you achieve an additional victory.\nIf the target dies, the traitor can see the target's role.",ターゲットに<#371a1a>★</color>マークがついている。\n\nゲーム終了時、ターゲットが敗北し、自身が生存していると追加勝利。\nターゲットが死亡すると裏切者視点ターゲットの役職が分かるようになる。
VegaInfoLong,"A combination role with <color=#b0c4de>Altair</color>.\n\nVega is a devoted partner who wants to meet Altair.\nOnce per turn, Vega can meet Altair and press the Kill button to have a secret rendezvous.\nAfter a certain number of rendezvous, Altair receives a random buff attribute.\nIf Altair dies or their role changes, Vega will follow them after the next meeting.",<color=#b0c4de>彦星</color>とのコンビネーション役職。\n\n彦星に会いたい健気な織姫。\n1ターンに一度、彦星と合流しキルボタンを押すことで逢い引き出来る。\n一定回数逢い引きすると彦星にランダムなバフ属性がつく。\n彦星が死亡、または役職変化した場合会議後に後追いする
AltairInfoLong,"A combination role with <color=#f1d9d9>Vega</color>.\n\nAltair tries to sink the ship for Vega.\nHe has a Kill button and can use vents.\nBy meeting Vega for a rendezvous, he can gain various buff attributes.\nAdditionally, depending on the number of rendezvous, he can receive enhancements such as reduced kill cooldowns and the ability to see killable roles.",<color=#f1d9d9>織姫</color>とのコンビネーション役職。\n\n織姫のために船を沈めようとする彦星。\nキルボタンを持ちベントを使える。\n織姫と合流し逢い引きする事で様々なバフ属性を貰える。\nまた、逢い引き回数に応じてキルクール短縮、キル可能役職がわかる等の強化が施される。
StrawdollInfoLong,"Achieve victory by making the required number of kills on your behalf while transformed.\n\nUse the Kill button to select a target, and press the Phantom button to transform into that target.\nIf you get close to the target while transformed, you will die.\nIf the target is alive and is killed while you are transformed, the kill is prevented and the target dies instead.\nAfterwards, the transformation is canceled and you are teleported to the activation point.",変身した状態で設定回数キルを身代わりさせれば勝利。\n\nキルボタンでターゲットを指定し、ファントムボタンを押すことでターゲットに変身することができる。\n変身した状態でターゲットと近付くと自身が死亡する。\nターゲットが生存かつ変身中にキルされるとキルを防ぎ、ターゲットが代わりに死亡する\nその後、変身が解除され、発動地点にテレポートする。
MissioneerInfoLong,By self-voting you can choose one mission from several options each turn.\n\nCompleting a mission grants points equal to the set total of (Level + Category).\nMissions do not change until they are reset.\n\nReach a certain number of points to achieve victory.,自投票をすることで、毎ターン複数から一つのミッションを選ぶことができる。\n\nミッションをこなすと「レベル + カテゴリ」の設定合計ポイントを入手できる。\nミッションは再設定するまで変更されない。\n\n一定ポイントに達すると勝利。
FoolInfoLong,"A combination role with <#be7c35>Nue</color>.\n\n- Kill a killable role once and the Crewmates win\n- If enabled in settings and you are alive when the Crewmates win\n\nMeeting either condition grants an additional victory.\nA neutral role whose body becomes an Impostor, gaining Kill and vent abilities.\n\nIf guessed by Nue, you die and Nue gains a self-destruct attack ability.\nFortune-telling results will show you as an Impostor.","<#be7c35>鵺(ぬえ)</color>とのコンビネーション役職。\n\n・キル可能役職を1度キルし,クルーが勝利\n・設定有効かつ,自身が生存した状態でクルーが勝利\nのどちらかの条件を満たすと追加勝利。\n体がインポスターになってしまいキル、ベントが解放されたニュートラル\n\n鵺に推測されると死亡し、鵺が自爆特攻能力を持つようになってしまう。\n占い結果がインポスターになる。"
JackalWolfInfoLong,,ジャッカルウルフはすべてのプレイヤーを殺すことができる。\nまた、設定されているインポスターの能力を併せて持つことができる。\nインポスターが残っておらず、生き残っているジャッカルの人数がクルーと同じかそれ以上でジャッカルが勝利する。
ImoriInfoLong,"Stay in a vent for the required amount of time and you'll be able to kill (you must leave the vent to use the kill button). The required time starts at the value set for ""Vent Time For First Kill"" and increases by ""Vent Time Increase per Kill"" every time you get a kill, so you must hide in a vent for longer and longer between kills. Win by being the last one standing.",ベント(通気口)に指定の秒数以上とどまるとキル可能になる(ベントを出ないとキルボタンは使えない)。\n必要な滞在秒数は「最初のキルに必要なベント滞在秒数」から始まり、キルする度に「キル毎に増加するベント滞在秒数」の分だけ増えていく。\nつまりキルを重ねるほど、次のキルまでにベントに隠れておく時間が長くなっていく。\n最後の生存者になれば勝利。,,,,,
#NeutralInfoLong

# ImpostorDescInfos
QuickKillerDesc,"If you perform a kill while <b>{0}</b> or more players are alive,\nyou enter Quick Mode for <b>{1}</b> seconds.\nDuring Quick Mode, the kill cooldown is 0 seconds.\nAfter Quick Mode ends, the kill cooldown returns to normal.",<b>{0}</b>人以上生存している状態でキルをすると、\n<b>{1}</b>秒間の間、クイックモードになる\nクイックモード中はキルクールが0sになる。\nクイックモード終了時、キルクールが戻る。
BorderKillerDesc,"<b>{0}</b> or more players must be killed by you, otherwise you cannot win even if the Impostors win.",<b>{0}</b>人以上自身がキルを行わないと、インポスターが勝利しても自身は勝利できない。
AntiReporterDesc,"By using the one-click button while the Kill button is lit, you can disable the emergency meeting button and report button of the nearest player (excluding Impostors) for <b>{0}s</b> (up to <b>{1}</b> times).",キルボタンが光っている状態でワンクリックボタンを使用すると、\n1番近くにいるプレイヤー(インポスターを除く)の\n緊急会議ボタン・死体通報の使用を<b>{0}</b>無効化できる。(最大<b>{1}</b>回まで)
BalloonerDesc,"When the blast radius is greater than 0,\nusing the one-click button will pop the balloon and explode nearby players.\n\nAdditionally, during a task turn, walking <b>{0}m</b> will inflate the balloon, increasing the blast radius by <b>{1}</b>x (up to <b>{2}x</b>).\nHowever, after a meeting, air will escape from the balloon, reducing the blast radius by <b>{3}x</b>. {4}",爆破範囲が0より大きい状態で\nワンクリックボタンを使用することで風船が破裂し周囲のプレイヤーを爆破できる。\n\nまた、タスクターン中に<b>{0}</b>歩くことで\n風船が膨らみ爆破範囲が<b>{1}</b>x広がる。(最大<b>{2}x</b>まで)。\nただし、会議後に風船から空気が抜け<b>{3}x</b>爆発範囲が狭まる。{4}
BalloonerDescSuicide,"\n\n<u>When using the pop ability, you will also be caught in the explosion.</u>",\n\n<u>破裂能力使用時、自身も爆発に巻き込まれる。</u>
BomberDesc,"By using the one-click button while the Kill button is lit, you can attach a bomb to a kill target (up to <b>{0} times</b>).\nThe bomb will explode after <b>{1}</b> s, causing the attached player to die and take nearby players with them.\nBombs will not explode once a meeting begins.",キルボタンが光っている状態でワンクリックボタンを使用することで、キルターゲットに爆弾を付与できる。(最大<b>{0}回</b>)\n爆弾は<b>{1}</b>秒経過すると爆発し、付与された人は周囲の人を巻き込んで死亡する。\n爆弾は会議が始まると爆発しない。
JumperDesc,"By using the one-click button, you can set a destination.\nAfter setting the destination, using the one-click button again allows you to jump to the destination, passing through <b>{1}</b> landing points at intervals of <b>{0}</b> seconds.\nLanding points are marked with a red circle and will affect nearby players.",ワンクリックボタンを使用することで目的地を指定できる。\n目的地を指定後、再度ワンクリックボタンを使用することで\n<b>{0}</b>秒間隔で<b>{1}</b>回着地を経由しながら目的地までジャンプすることができる。\n着地点には赤い丸で通知され、近くにいたプレイヤーを巻き込んでしまう。
WitchDesc,"<b>{0}</b> switches between Kill and Spell.\nIf you kill while Spell is active, you can curse the target.\nCursed players will receive a † during meetings and will die after the meeting unless the Witch is expelled.",<b>{0}</b>「Kill」と「Spell」が切り変わる。\nSpellの表示でキルすると呪うことが出来る。\n呪いをかけられた人は会議で「†」が付き魔女を追放しなければ会議後に死亡する。
WitchPhantomButtonDesc,"<u>By using the one-click button while the Kill button is lit</u>, you can curse a kill target.\nCursed players will receive a † during meetings and will die after the meeting unless the Witch is expelled.",<u>キルボタンが光っている状態でワンクリックボタンを使用することで</u>、キルターゲットを呪うことができる。\n呪いをかけられた人は会議で「†」が付き魔女を追放しなければ会議後に死亡する。
WhichdoubleclickDesc,"<u>Pressing the Kill button once allows you to curse a kill target.</u>\nCursed players will receive a †"" during meetings and will die after the meeting unless the Witch is expelled.\n\nPressing the Kill button twice allows a normal kill.""",<u>キルボタンを一回押すことでキルターゲットを呪うことができる。</u>\n呪いをかけられた人は会議で「†」が付き魔女を追放しなければ会議後に死亡する。\n\nキルボタンを2回押せば通常のキルができる。
Which_Kill,By performing a kill,キルを行う事で
Which_Vent,By performing a Vent,ベントに入ることで
Which_Phantom,By performing a PhantomButton,ファントムボタンを押すことで
SniperDesc,"An Impostor who can snipe distant enemies.\nThey have <b>{0} bullets</b>.\nFire the gun from the point where you shapeshifted towards the point where shapeshifting is canceled, hitting one player.\nPlayers near the bullet's path will be notified with a '!'.",遠くの敵を狙撃できるインポスター。\n弾を<b>{0}発</b>所持しており、\nシェイプシフトした地点から解除した地点の方向に銃を発砲し、プレイヤーを一人撃ち抜く。\n弾が近くを通ったプレイヤーは！で通知される。
SniperDescAimAssist,"\n<u>While aiming (during shapeshift), stopping allows you to check if there is a player in the direction you are aiming.</u>",\n<u>エイム中、(シェイプシフト中)に立ち止まると狙っている方向にプレイヤーがいるか確認ができる。</u>
SniperDescArrow,\n\n<u>The sniped location will be shown to everyone with an arrow for <b>{0} seconds</b>.</u>,\n\n<u>狙撃した場所が<b>{0}秒間</b>矢印で全員に表示される。</u>
SniperDescCantKill,\n\n<u>You cannot perform a normal kill while carrying bullets.</u>,\n\n<u>弾を所持している間は通常キルができない。</u>
DecrescendDesc,"Kill cooldown and other effects gradually worsen after <b>{0} kills</b>.\nIf you kill again while weakened, the kill cooldown increases <b>{1}→{2}→{3} (max {4})</b>... and the weakening progresses further.",<b>{0}回</b>キルするとキルクール増加等だんだん弱くなる。\n弱化中に更にキルをするとキルクールが<b>{1}→{2}→{3}(最大{4})</b>...と増え{5}たり\n弱化が進行していく。
DecrescendDescVision,\n</u>Vision narrows like <b>{0}→{1}→{2} (minimum {3})</b></u>...,\n</u>視界が<b>{0}→{1}→{2}(最低({3}))</b></u>...のように狭まくなっ
MareDesc,"An Impostor specialized in sabotaging lights.\nDuring a blackout, the kill cooldown becomes <b>{0} seconds</b> and movement speed is increased by <b>{1}x</b>. {2}\nOutside of a blackout, {3}",停電に特化したインポスター。\n停電中はキルクールが<b>{0}秒</b>になり、移動速度が<b>{1}x</b>加算される。{2}\n停電中以外は{3}
MareDescNameColor,"\n<u>However, your name will appear red to other players.</u>",\n<u>ただし、他人から名前が赤く見えてしまう。</u>
MareDescNonKill,<u>Cannot perform kills.</u>,<u>キルが行えない。</u>
MareDescCanKill,<u>Kill cooldown and movement speed return to normal</u>,<u>キルクールと移動速度が元に戻る</u>
ProBowlerDesc,"Shapeshift to dig a hole.\nAfter digging, press the Kill button to {0}<b>{1}</b> the kill target.\n\nAfter the meeting, the hole is filled.\nYou can dig up to <b>{2} times</b>.",シェイプシフトをして穴を掘る。\n穴を掘った後、キルボタンを押すことでキルターゲットを{0}<b>{1}</b>させる。\n\n会議後、穴は埋まる。\n穴は<b>{2}回</b>まで掘れる。
ProBowlerDescBowl,"<u>Roll to the dug hole,</u>",<u>掘った穴まで転がし、</u>
ProBowlerDescTeleport,"<u>Teleport directly to the dug hole,</u>",<u>掘った穴に直接テレポートさせ、</u>
SerialKillerDesc,"Although the kill cooldown is shorter compared to other Impostors, if you do not perform a kill within <b>{0} seconds</b> after your first kill, you will self-destruct.",キルクールが他のインポスターに比べて短い反面、1度目のキルを行った後\n<b>{0}秒</b>以内にキルしないと自爆する。

# MadmateDescInfos

# CrewmateDescInfos
MayorDesc,"Holds <b>{0}</b> votes during meetings, which can be cast all at once on one person or skipped.\n<u>{1}{2}</u>",会議の票を<b>{0}</b>票持ち、まとめて一人または\nスキップに入れることができる。<u>{1}{2}</u>
MayorDescInfo,"\n\nWhen the number of alive players drops to <b>{0}</b> or fewer, the total votes become <b>{1}</b>.",\n\n生存人数が<b>{0}</b>人以下になると投票数が合計<b>{1}</b>票になる。
MayorPortable,"\n\nAdditionally, if there is no sabotage occurring, you can enter a vent to press the emergency meeting button.",\n\nまた、サボタージュが発生していない状態でベントに入ることで緊急会議ボタンを押すことができる。
SheriffDesc,Can kill the Impostor team <u>{0}{1}{2}</u>.\nKilling a Crewmate will {3} self-destruct. <u>{4}</u> There are no tasks.\nCan perform kills up to <b>{5}</b> times.,インポスター陣営<u>{0}{1}{2}</u>をキルすることができる。\nクルーメイトをキルすると{3}自殺する。<u>{4}</u>タスクはない。\n<b>{5}</b>回までキルを行うことができる。
SheriffDescAllAlive,"The ability can be used starting from the meeting following the death of any player, and",プレイヤーの誰かが死亡した次の会議から能力が使用でき、
SheriffDescMisfireKillsTarget,After killing the target,相手を殺した後
SheriffDescCanKillNeutralOption,Some Neutrals,一部ニュートラル

# NeutralDescInfos
VultureDesc,"By pressing the report button, you can eat on a dead body. {1}{0}\n\nBy completing tasks, you can see kill flashes and receive arrows pointing to bodies.\nBodies that were ate on that turn will be marked with <#6f4204>×</color> during meetings. {2}",通報ボタンを押すことで死体をつまみぐいする事ができる。{1}{0}\n\nタスクを行うことでキルフラッシュが見えたり、\n死体への矢印を受け取ることができる\nそのターンにつまみぐいされた死体は会議で<#6f4204>×</color>がつく。{2}
VultrueDescSoloWin,\n\nAchieving <b>{0}</b> ate will result in an instant solo victory.,\n\n<b>{0}</b>回つまみぐいを行うとその時点で単独勝利する
VultrueDescAddWin,"\n\nIf you perform <b>{0}</b> ate and survive until the end of the game, you gain an additional victory.",\n\n<b>{0}</b>回つまみぐいを行い、ゲーム終了時に自身が生存していれば追加勝利する
VultrueDescEatShape,"\n<u>When ate, the shapeshift cancellation animation is visible to everyone</u>",\n<u>つまみぐいを行うと、シェイプ解除のアニメーションが全員に見える</u>
BankerDesc,"If you have <b>{0}</b> points at the end of the game, you gain an additional victory.\n\nPoints are earned by completing tasks (<b>{1}</b> points) and performing kills (<b>{2}</b> points), but are consumed when changing modes (<b>{3}</b> points) or at the start of a turn (<b>{4}</b> points).\nYou can switch between Kill mode and Task mode by enterin","試合終了時点で<b>{0}</b>ポイント所持していると追加勝利\n\nポイントは、\nタスクを行うことで<b>{1}</b>ポイント、キルを行うことで<b>{2}</b>ポイント入手するが、\nモード変更で<b>{3}</b>ポイント、ターン開始時に<b>{4}</b>ポイントを消費する。\nベントに入ることでキルモード,タスクモードを切り替えることが出来る。"
TerroristDescInfo,"\n\nHowever, if the cause of death is “suicide,” victory cannot be achieved even if all tasks have been completed.",\n\nただし、死因が「自殺」の場合はタスクを全て完了させている状態でも、勝利できない
PhantomThiefDesc,"By using the Kill button, you can designate a target whose role you want to steal.\n\nIf <b>{1}</b> or more players are alive and the target dies, you can reselect the target.\n\nIf you meet the victory conditions while the target is still alive,\nyou steal the target's role and achieve a <b>{2}</b> victory.\nAt this time, the target's role becomes Emptiness and they lose.",キルボタンを使用する事で、役職を盗むターゲットを指定できる。\n\n{0}<b>{1}</b>人以上生存しており、ターゲット死亡するとターゲットを再指定できる\n\nターゲットが生存した状態で勝利条件を満たしている時、\nターゲットの役職を奪って自身が<b>{2}</b>勝利する。\nこの時、ターゲットの役職は空虚者になり、敗北する。
PhantomThiefDescInfo,A <b>{0}</b> warning letter will be delivered at the meeting following the target designation.\n\n,ターゲットを指定した次の会議に{0}予告状が届く。\n\n
PhantomThiefDescY0, ,、
PhantomThiefDescY1,<b>The target's team is indicated</b>,<b>ターゲットの陣営を記した</b>
PhantomThiefDescY2,<b>The target is indicated</b>,<b>ターゲットを記した</b>
PhantomThiefDescY3,<b>The target role</b>,<b>ターゲットの役職記した</b>
SantaClausDesc,"You can create a present by completing all tasks.\n\nAfter creating a present,\nenter the designated vent to drop the present.\n\nDropping a present <b>{0}</b> times results in a <b>{1}</b> victory.\n\nWhen a present is dropped, a notification will be shown at the next meeting indicating that the present has been delivered.",タスクを全て完了することでプレゼントを作成することができる。\n\nプレゼント作成後、\n指定されたベントに入ることでプレゼントを投下することができる。\n\n<b>{0}</b>回プレゼントを投下すると<b>{1}</b>勝利。\n\nプレゼントを投下すると次の会議でプレゼントが届いた旨の通知が届く。
CountKillerDesc,The Count Killer can kill all players.\nAchieving <b>{0}</b> kills results in a <b>{1}</b> victory.,カウントキラーはすべてのプレイヤーを殺すことができる。\n<b>{0}</b>回キルすると<b>{1}</b>勝利できる。
DoppelGangerDesc,"Cannot kill anyone other than the shapeshift target.\nYou also cannot cancel shapeshifting.\nWhile shapeshifting, the count accumulates at <b>{0}</b>/s, and killing the shapeshift target increases the count to 1/s until reporting.\nIf the count exceeds <b>{1}</b> and you survive until the end of the game, you gain an additional victory.\nReaching a count of <b>{2}</b> results in an immediate victory.\nVents and sabotages cannot be used.",シェイプ対象以外キルが出来ない。\nまた、シェイプシフトを解除することもできない。\nシェイプシフト中にカウントが<b>{0}</b>/s溜まり、シェイプ対象をキルすると、通報までカウントが1/s貯まる。\nカウントが<b>{1}</b>を超えゲーム終了まで生存していると追加勝利、\nカウントが<b>{2}</b>に達するとその時点で自身が勝利する。\nベントやサボタージュは使用不可能
JackalDesc,"The Jackal can kill all players.\nIf no Impostors remain and the number of surviving Jackal counts is equal to or greater than the number of Crewmates, the Jackal wins. {0}",ジャッカルはすべてのプレイヤーを殺すことができる。\nインポスターが残っておらず、生き残っているジャッカルカウントの人数が\nクルーと同じかそれ以上でジャッカルが勝利する。{0}
JackalDescSidekick,"\n\nWhen the Kill button is glowing, pressing the one-click button will turn the <b>{0}</b> nearest player (excluding the Jackal team) into a Jackal Doll.",\n\nキルボタンが光っている状態でワンクリックボタンを押すと、\n{0}一番近くにいるプレイヤー(ジャッカル陣営を除く)をジャッカルドールにできる。
JackalDescImpostorSideKick,<u>Excluding Impostors</u>,<u>インポスター以外で</u>
ArsonistDesc,"By using the Kill button and staying close for a certain period, you can apply oil to the target.\nOnce all surviving Crewmates have been oiled,\nuse the <b>{0}</b> button to set the ship on fire and achieve victory.",キルボタンを使い一定時間密着すると、ターゲットに油を塗れる。\n生存しているすべてのクルーに油を塗ったら\n<b>{0}</b>ボタンを使用し船を燃やして勝利する。
MadonnaDesc,"By voting for yourself during a meeting, you can switch to Confession Mode.\nWhile in Confession Mode, voting for another player allows you to confess to that player.\nIf the target is not a Lover, OneLove, or OneLove's Beloved, the confession succeeds, and you become Madonna Lovers with them.\nIf the target is a Lover, OneLove, or OneLove's Beloved, the confession fails, you cannot become Lovers, and your role changes to <b>{0}</b>.\n\nAdditionally, if you do not confess by the end of <b>{1}</b> day(s), you will die.\nMadonna is never assigned Lovers.","会議で自投票すると告白モードに変更できる。\n告白モードの状態で自身以外の誰かに投票すると、投票先のプレイヤーに告白することができる。\n相手がラバーズ,片思い,片思いの想い人のいずれかでなければ告白が成功。その相手とマドンナラバーズになれる。\n相手がラバーズ,片思い,片思いの想い人のいずれかだと告白は失敗。ラバーズになれず役職が<b>{0}</b>に変更される。\n\nまた、<b>{1}</b>日目終了時点で告白を行わないと死亡する。\nマドンナにラバーズは配役されない。"
StrawdollDesc,"Achieve victory by having <b>{0}</b> kills substituted while transformed.\n\nUse the Kill button to designate a target and press the Phantom button to transform into the target.\n{1}\nIf the target is alive and killed while transformed, the kill is prevented and the target dies instead.\nAfterwards, the transformation is canceled and you are teleported to the activation point {2}.",変身した状態で<b>{0}</b>回キルを身代わりさせれば勝利。\n\nキルボタンでターゲットを指定し、ファントムボタンを押すことでターゲットに変身することができる。\n{1}\nターゲットが生存かつ変身中にキルされるとキルを防ぎ、ターゲットが代わりに死亡する。\nその後、変身が解除され、発動地点{2}にテレポートする。
StrawdollDescDistance,"<u>If you approach the target while transformed, you will die.</u>",<u>変身した状態でターゲットに近づくと自身が死亡する。\n</u>
StrawdollDescVent,<u>Inside the vent near</u>,<u>の近くにあるベント内</u>

# HideAndSeek
HASFoxInfoLong,(HideAndSeek):\nThey win the game with other Roles (except Troll) only if they are alive at the game end.,(かくれんぼ):\nトロールを除くいずれかの陣営が勝利したときに生き残っていれば、勝利した陣営に追加で勝利することができる。,（躲猫猫）:\n狐狸活到最后便与获胜阵营一同获胜。,"(躲貓貓):\n除了其他的中立陣營以外,只要狐妖活下來即可獲勝\n他們將跟著遊戲結束的獲勝陣營一起獲勝。","(Прятки):\nЕсли какая-либо роль, кроме Тролля побеждает и выживает, то победившая роль может одержать дополнительную победу.","(Esconde-Esconde): \nEles ganham adicionalmente com qualquer classe (exceto Troll), se estiverem vivos no final.",
HASTrollInfoLong,"(Hide and Seek):\nYou solo victory when you are killed. In this case, even if the Fox is alive, they will lose.",(かくれんぼ):\n鬼にキルされたときに単独勝利となる。この場合、狐が生き残っていても狐は敗北となる。,（躲猫猫）:\n若猎人被抓，则猎人单独获胜。\n在这种情况下，即使狐狸未被抓，狐狸也会输掉游戏。,(躲貓貓):\n當誘捕者被偽裝者殺死，被殺的誘捕者就宣告獲勝\n在這個例子中，狐妖即使活著也宣告失敗。,(Прятки):\nТролль побеждает в одиночку если его убивают.,"(Esconde-Esconde): \nVocê ganha sozinho se for morto. Neste caso, mesmo que a Rapoza esteja viva, ela perderá.",

# GM
GMInfoLong,"(None):\nThe GM (Game Master) is an observer role.\nTheir presence has no effect on the game, and all players know who the GM is. The GM role will be assigned to the host, who will automatically become a ghost at the start of the game.",(なし):\nGM(ゲームマスター)はオブザーバー役職である。\nGMはゲーム自体には何の影響も与えず、すべてのプレイヤーは誰がGMであるかがわかる。必ずホストに割り当てられ、始めから幽霊状態になっている。,（无阵营）：\nGM(管理员)是房主专属的观察者职业。从游戏开始时便以幽灵状态在旁边观战。 \n该职业本身对游戏没有影响，且会议中对所有玩家可见。 ,"（不屬於任何陣營）：\nGM(遊戲大師)是遊戲的觀察者, \nGM對遊戲進行過程沒有影響,所有玩家都知道GM是誰,該職業絕對會分配給房主。\nGM(遊戲大師)從開始遊戲時就處於死亡狀態。","(Никто):\nМастер Игры — это роль, которая наблюдает за игрой в роле призрака. \nОн не влияет на игру, и все игроки всегда знают кто Мастер Игры. Всегда назначается только хосту лобби и становится призраком в самом начале игры.","(Nenhum): \nO Mestre de Jogo é uma classe de observação. \nA sua presença não afeta o jogo, e todos os jogadores sabem quem é o MJ. A classe de MJ será dada ao anfitrião, que será um fantasma desde o começo do jogo.",

# GhostRole
GhostbuttonerInfoLong,Only granted to the crew faction that has dead.\nActivating the guardian ability allows you to call an emergency meeting.,(幽霊役職):\n死亡したクルー陣営にしか付与されない。\n守護能力を発動すると緊急会議を起こすことが出来る。
GhostNoiseSenderInfoLong,"Only granted to the crew faction that has dead.\nWhen the guardian ability activates, the target unleashes the Noise Maker ability upon their death.\nIf the death occurs without leaving a corpse, the ability will not activate.",(幽霊役職):\n死亡したクルー陣営にしか付与されない。\n守護能力を発動すると対象者が死亡した時対象者がノイズメーカーの能力を発揮する。\n死体が残らない死に方をした場合、能力は発揮されない
GhostReseterInfoLong,"Only granted to the crew faction that has dead.\nAttempting to activate the guardian ability resets the target's kill count. Depending on settings, ability stats may also reset.",(幽霊役職):\n死亡したクルー陣営にしか付与されない。\n守護能力を発動しようとすると対象者のキルクールがリセットされる。\n設定によってアビリティ能力もリセットされる。
GhostRumourInfoLong,"Only granted to the crew faction that has dead.\nActivate the Guardian ability. At the next meeting, if the target is still alive, you may reveal their role to all players. This ability can only be used once.",(幽霊役職):\n死亡したクルー陣営(設定によってはマッドメイト)にしか付与されない。\n守護能力を発動し、次会議の時、守護対象が生存していれば守護対象の役職を全員に通知することができる。\n能力は1度のみ使用できる。
DemonicTrackerInfoLong,Only granted to the Madmate faction that has dead.\nThe location of the target of a Guardian ability will now be revealed to Impostors.,(幽霊役職):\n死亡したマッドメイトにしか付与されない。\n守護能力の使用相手の居場所がインポスターに通知されるようになる。
DemonicCrusherInfoLong,Only granted to the Madmate faction that has dead.\nAttempting to activate the Guardian ability will render all survivors' communication devices unusable for a set period.,(幽霊役職):\n死亡したマッドメイトにしか付与されない。\n守護能力を発動しようとすると\n一定時間生存者全員情報機器が使えなくなる。
DemonicVenterInfoLong,"Only granted to the Madmate faction that has dead.\nWhen attempting to activate a guardian ability, the vent closest to the target user opens.",(幽霊役職):\n死亡したマッドメイトにしか付与されない。\n守護能力を発動しようとすると\n使用相手から一番近いベントが開く
DemonicSupporterInfoLong,Only granted to the Madmate faction that has dead.\nCan Use Sabotage,(幽霊役職):\n死亡したマッドメイトにしか付与されない。\nサボタージュが使用可能になる。
AsistingAngelInfoLong,"Only granted to the crew/neutral faction that has dead.\nWhen the assist target wins after using the Guardian Ability for the first time, you also gain an additional victory.\n\nAfter selecting an assist target, attempting to activate the Guardian ability on them grants them Kill Guard for a set duration.\nIf activated on anyone other than the assist target,\nthe location where it was activated is notified to the assist target.\nUsing this ability increases the next cooldown.\n\nGhost, Ghost Role Setting: Regardless of role, cannot see others' roles.\nOriginal victory conditions are removed, and tasks are also removed.","(幽霊役職):\n死亡したクルー/ニュートラルにしか付与されない。\n初めての守護能力を使用したアシスト対象が勝利すると自身も追加勝利する。\n\nアシスト対象選択後、守護能力をアシスト対象に発動しようとすると、\nアシスト対象に一定時間のキルガードを付与する。\nアシスト対象以外に発動した場合、\n発動した時の位置がアシスト対象者に通知される。\n能力を使用した場合、次のクールダウンが増加する。\n\n幽霊,幽霊役職設定に関わらず他人の役職などが見えない。\n元の勝利条件は無くなり、タスクもなくなる。"
GuardianAngelInfoLong,"Only granted to the crew faction that has dead.\nWhen someone protected by your Guardian Ability for a set period is about to be killed, you block the kill with a barrier.",(幽霊役職):\n死亡したクルー陣営にしか付与されない。\n一定時間守護能力で守った人がキルされそうになった時、キルをバリアで防ぐ。

# 属性
LastImpostorInfoLong,"(Add-ons):\nAn Add-on granted to the last Impostor remaining.\nKill cooldown is reduced according to this setting.\nNot granted to Bounty Hunters, Serial Killers, or Vampires.",(属性):\n最後のインポスターに付与される属性。\nキルクールが設定した時間まで短くなる。\n一部インポスター役職には付与されない。,（效果）:\n这个效果在内鬼仅剩一人时赋予该内鬼。\n使其击杀冷却缩短。\n该效果对赏金猎人、嗜血杀手以及吸血鬼不适用。,"(附加效果):\n該效果給予在場上的最後一位偽裝者，擁有該效果的偽裝者刀人冷卻時間會變短，該效果不會給予:\n賞金獵人, 連環殺手或吸血鬼 (可以設定冷卻)","(Атрибут):\nАтрибут, присваивается последнему Предателю. \nВремя отката убийства становится меньше, чем обычно. \nНе назначается Охотнику за головами, Серийному убийце или Вампиру.","(Atributos): \nUm Atributo dado ao último Impostor. \nO tempo de recarga (abate) é reduzido segundo a configuração. \nNão é dado para Caçadores de Recompensas, Serial Killers ou Vampiros.",
LastNeutralInfoLong,"(Add-ons):\nAn Add-on granted to the last Neutral remaining.\nIf you Cankill , Kill cooldown is reduced according to this setting.",(属性):\n最後のニュートラルに付与される属性。\nもしキル能力があれば設定した時間になる。\nまた生存時追加勝利するかを設定で決めることが出来る。
WorkhorseInfoLong,(Add-ons):\nAn Add-on granted to the first living Crewmate finishing all the tasks.\nYou are assigned additional tasks necessary for the tasks win.\nNot granted to roles with no tasks or with abilities triggered by finishing tasks.,(属性):\n最初に生きてタスクを終えたクルーに付与される属性。\n追加タスクが割り当てられる。\nクルーメイト以外にも割り当てる設定でもタスクが無い、タスク完了で能力が発動する役職には付与されない。,(附加效果):\n该附加效果赋予给第一个完成所有任务并存活的船员。\n你需要完成额外的任务来达成任务胜利。\n此效果不会赋予那些没有任务或者通过完成任务才能使用能力的诸多职业。,(屬性):\n此效果會被賦予在第一個完成任務且存活的船員。\n實習生必須做完附加任務來獲勝，\n此效果不會賦予在那些需要通過完成任務來觸發技能的職業上。,"(Атрибут):\nДополнительные задания присваиваются первому живому Члену Экипажа, который выполнит все задания. \nЕму назначаются дополнительные задания, необходимые для победы с помощью заданий. \nНе может присваиваться ролям которые не имеют заданий, или ролям со способностями которые активируются после выполнения заданий.","(Atributos):\nUm atributo dado ao primeiro tripulante que finalizar todas as tarefas.\nVocê recebe tarefas adicionais necessárias para vencer. \nNão é dado a classes quem não têm tarefas, ou com habilidades ativadas ao finalizar todas as tarefas.",
TwinsInfoLong,"(Add-ons):\nIt is an attribute granted to the basic Crewmate, Madmate depending on the setting, Nonkiller Neutrals. It's a pair attribute. You can tell who is assigned to whom.",(属性):\n基本クルー陣営、設定によってはマッドメイト、\nキル不可ニュートラルに付与される。2人1組の属性。\nお互いに付与されているということが分かる
FactionInfoLong,"An attribute that is always assigned to the designated role.\nDepending on the settings, Factions will display a “δ” mark.\nIf any member of the Faction wins alone, the entire Faction wins.\n\nFor Lovers, the party is granted, but victory within the party is not possible.",設定された役職に必ずアサインされる属性。\n設定によって、徒党(ととう)同士「δ」マークがつく。\n徒党の誰かが単独勝利すると、徒党全員勝利する。\n\nラバーズの場合、徒党は付与されるが徒党での勝利はできない。
OneWolfInfoLong,Imposter-exclusive Addon that makes it difficult to understand fellow imposters\n\nA OneWolf imposter is invisible to imposters who are not OneWolves.,(属性):\n仲間のインポスターが分からなくなる、インポスター限定属性\n\n一匹狼ではないインポスターから一匹狼は見えない。

# バフ属性
WatchingInfoLong,Add-ons:\nYou can see everyone's votes even if anonymous voting is on.,(属性):\n全員の投票先を見ることができる。,(效果):\n会议时窥视者可以看到所有人的投票。,(附加效果):\n會議時觀察者可以看到所有人的投票。,(Атрибут):\nНаблюдатель может видеть все цвета голосов несмотря на анонимное голосование.,"(Atributos):\nVocê consegue ver os votos de todos, mesmo que os votos anônimos estejam ligados.",
SpeedingInfoLong,Add-ons:\nPlayer Speed becomes a set value,(属性):\n他のプレイヤーよりも速度が速くなる。
MoonInfoLong,Add-ons:\nOnly Not Impostor.\nDisable power outages,(属性):\n停電の影響を無効化できる。\nインポスターには付与されない。
GuesserInfoLong,Add-ons:\nOn Meeting Can Guess.,(属性):\n会議中に誰かの役職を推測でき、的中すると対象をキルすることができる。\nただし、推測が外れると自殺する。\n\nチャットに「/bt (ID) (役職名)」と送信することで推測ができる。\nプレイヤー名の左側に表示されている数字が、そのプレイヤーのIDである。
LightingInfoLong,Add-ons:\nOnly Not Impostor.\nHave Impostor vision.,(属性):\nインポスター視界になる。\nただし、停電の影響は受ける。
ManagementInfoLong,Add-ons:\nShows overall task progress,(属性):\nプレイヤー全体でのタスク進捗が分かる。\nパーセント表示に設定で変更が可能。
ConnectingInfoLong,"Add-ons:\nOnly over 2players and Give Only Impostor , Madmate , WolfBoy\nThis Role player Mark Ψ.",(属性):\n2人以上でしか排出されない。\nインポスター、マッドメイト系役職、狼少年にのみ付与される属性。\nコネクティング同士でΨのマークがついており、お互いが同陣営であることを確認できる。\nただし、狼少年はコネクティングが付与されていることを自覚できず、他のコネクティングのプレイヤーから一方的に確認できる。
SerialInfoLong,Add-ons:\nGive to Only Kill Roles.\nKillCoolDown becomes a set value.,(属性):\nキル可能役職にのみ付与される属性。\nキルクールが設定した時間まで短くなる。
PlusVoteInfoLong,Add-ons:\nHave more than one vote in the meeting.,(属性):\n会議の票を複数持ち、まとめて一人または\nスキップに入れることができる。(設定有)\nノットヴォウターが付与されている場合は機能しない。
OpenerInfoLong,"Add-ons:\nOpenDoor,This Room All Open Door","(属性):\nドアを開けるとその部屋の全てのドアが開く。\nマップがSkeld,MiraHQの時は効果が発揮されない。"
SeeingInfoLong,"Add-ons:\nif Player Killed , Seeing Can See Killflash.",(属性):\nプレイヤーが死亡するごとに、シーイングはキルフラッシュを見ることができる。(設定有)
RevengerInfoLong,"Add-ons:\nif My Executed, RandomPlayer Revenge",(属性):\n追放された時、ランダムで誰か1人を道連れできる。\nどの陣営を道連れできるか設定で変更が可能。
AutopsyInfoLong,Add-ons:\nCan See Allplayer DeathReason,(属性):\n死亡した人の死因を見ることが出来る。(設定有)
TiebreakerInfoLong,"Add-ons:\nIf Vote result Tie,My Vote Preferred.",(属性):\n同数投票であるプレイヤーもしくはスキップうち、タイブレーカーに1番多く投票された方を優先できる。\nタイブレーカーも同数の場合、同数投票のまま会議が終了する。\n天秤会議では機能しない。
GuardingInfoLong,Add-ons:\nGive Nomal Kill Guard,(属性):\nガードすることが出来る。(設定有)
MagicHandInfoLong,Add-ons:\nGive to Only Kill Roles\nKill distance becomes a set value.,(属性):\nキル可能役職にのみ付与される属性。\nキルディスタンスが設定値になる。
AntiTeleporterInfoLong,Add-ons:\nThe Anti Teleport Modifier prevents the player from getting teleported to the Meeting Table if a body gets reported or an Emergency Meeting is called.\nThe player will start the round where the previous one ended (Emergency Meeting Call/Body Report).,(属性):\n会議や死体レポートなどが起こってもその後にテレポートせず、元居た場所からスタートします。,(附加效果):\n如果有尸体被报告或紧急会议被召集，通讯兵效果可以防止玩家被远程传送到会议桌。\n玩家将在上一回合结束时的位置继续（紧急会议/尸体报告）.
StackInfoLong,The attributes you set will be applied at the start of the game.,設定した属性がゲーム開始時に付与される。
PowerfulInfoLong,An attribute granted only to roles capable of performing kills. \nThe kill power of a standard kill becomes 2.,キル可能役職にのみ付与される属性。\n通常キルのキルパワーが2になる。
AbsorbInfoLong,Prevents you from being killed while the number of survivors remains above the set threshold or until the set number of days has passed.,設定人数以上が生存または、設定日数までの間、キルをガードする。

# デバフ属性
SlowStarterInfoLong,Add-ons:\nGive to Impostor Only.\nCan't make a kill until the number of imposters is reduced.,(属性):\nインポスターにしか付与されない。\n味方の生存人数が一定人数を下回るまでキルできない。
NonReportInfoLong,Add-ons:\nCan't report.,(属性):\n緊急会議ボタン・死体通報が使用できない。\nどちらか片方のみに設定で変更が可能。
NotvoterInfoLong,Add-ons:\nMy Vote Count is 0,(属性):\n投票数が0票となる。投票で能力発動する役職は能力のみ使用できる。
ElectorInfoLong,Add-ons:\nCan't Vote Skip.,(属性)\n投票スキップが出来ない。
WaterInfoLong,Add-ons:\nCan't Fix Electrical.,(属性):\n停電を直せない。
SlackerInfoLong,Add-ons:\n Can't Fix Reactors.,"(属性):\nリアクター,O2を直せない。"
ClumsyInfoLong,Add-ons:\n Can't Fix Comms.,(属性):\n通信妨害を直せない。
TransparentInfoLong,Add-ons:\nAllPlayer Can't My Report,(属性):\n自身の死体を誰も通報出来なくなる。
AmnesiaInfoLong,"Add-ons:\nHe is not aware that he is Amnesia.\n Also, his position is not known until the end of the first meeting of the set number of days.\n Only the camp can know. (Madmate is judged neutral.) \n\nWhen the awakening is ON in a task and he is not an Imposter, he remembers his position after completing a certain number of tasks.\n\n If the setting is ON, the position ability is not demonstrated.",(属性):\n自身がアムネシアだと自覚できない。\nまた、自身の役職が設定日数目の会議が終了するまで分からない。\n陣営のみ知ることができる。(マッドメイトはニュートラル判定)\nタスクで覚醒がONかつ自身がインポスターではない時、一定数タスクを終わらせると自身の役職を思い出す。\n設定がONの場合、役職能力が発揮されない。
InfoPoorInfoLong,Add-ons:\nCant Use Devices.,(属性):\n情報機器が使用できない。\nファングルの望遠鏡への効果はない。
NewsInfoLong,,設定された条件を満たし、生存していると、会議で貴方の役職が生存していることが通知されてしまう。
SunglassesInfoLong,Vision is slightly reduced,視界が一定倍率低下する。

# ニュートラル属性
LoversInfoLong,"Lovers is an additional Neutrals role assigned to 2 random players on top of their defined roles.\nIf you and your lover both survive til the end, you both will win.\nIf one of you dies, the other will also die. If crewmates get a task victory, you both will lose.",全プレイヤーの中からランダムで2人に他の役職と重複して配役されるニュートラル。\nラバーズが2人とも生き残っている状態で試合終了すれば勝利。\nまた、生存者がラバーズの2人のみの場合、追加勝利設定でも単独勝利となる。\nラバーズの片方が死んだときにもう片方も死ぬ。クルーのタスクが完了すると敗北。\n追加勝利ではないラバーズが複数組生き残っている場合、設定された勝利優先順位に応じる。,恋人为两名玩家的组合。\n恋人存活到游戏结束则恋人独自获胜。\n船员阵营的恋人玩家没有任务。\n从恋人阵营玩家可以看到两名恋人玩家昵称旁有心形标志。\n恋人一同赴死。\n恋人中的一方在会议中被放逐时，另一方将死亡并变为不可以被报告的尸体。,"(中立),\n遊戲開始系統會隨機抽取兩人當戀人,該職業可以和其他職業屬於同一個玩家身上\n戀人將獲勝在遊戲結束時如果兩個戀人都活著.\n但是當一個戀人死去,另一個戀人也會跟著死去\n如果船員完成所有任務,戀人即宣告失敗。","(Нейтралы):\nДополнительно с какой-либо ролью Любовники назначаются 2 случайным игрокам. \nЕсли оба Любовника останутся живы, то они выиграют. \nКогда умрёт хотя бы один Любовник, то моментально умрёт и второй. Они проиграют когда Члены Экипажа выполнят все задания.","(Neutros): \nOs Amantes, é um papel dado a 2 jogadores aleatórios, somado a sua classe já definida. \nSe você e seu amante sobreviverem até o final, vocês ganharão. \nCaso um dos dois morra, o outro também morre. Se os Tripulantes ganharem por tarefas, os dois perdem.",
RedLoversInfoLong,"Lovers is an additional Neutrals role assigned to 2 random players on top of their defined roles.\nIf you and your lover both survive til the end, you both will win.\nIf one of you dies, the other will also die. If crewmates get a task victory, you both will lose.",全プレイヤーの中からランダムで2人に他の役職と重複して配役されるニュートラル。\nレッドラバーズが2人とも生き残っている状態で試合終了すれば勝利。\nまた、生存者がレッドラバーズの2人のみの場合、追加勝利設定でも単独勝利となる。\nレッドラバーズの片方が死んだときにもう片方も死ぬ。クルーのタスクが完了すると敗北。\n追加勝利ではないラバーズが複数組生き残っている場合、設定された勝利優先順位に応じる。,恋人为两名玩家的组合。\n恋人存活到游戏结束则恋人独自获胜。\n船员阵营的恋人玩家没有任务。\n从恋人阵营玩家可以看到两名恋人玩家昵称旁有心形标志。\n恋人一同赴死。\n恋人中的一方在会议中被放逐时，另一方将死亡并变为不可以被报告的尸体。,"(中立),\n遊戲開始系統會隨機抽取兩人當戀人,該職業可以和其他職業屬於同一個玩家身上\n戀人將獲勝在遊戲結束時如果兩個戀人都活著.\n但是當一個戀人死去,另一個戀人也會跟著死去\n如果船員完成所有任務,戀人即宣告失敗。","(Нейтралы):\nДополнительно с какой-либо ролью Любовники назначаются 2 случайным игрокам. \nЕсли оба Любовника останутся живы, то они выиграют. \nКогда умрёт хотя бы один Любовник, то моментально умрёт и второй. Они проиграют когда Члены Экипажа выполнят все задания.","(Neutros): \nOs Amantes, é um papel dado a 2 jogadores aleatórios, somado a sua classe já definida. \nSe você e seu amante sobreviverem até o final, vocês ganharão. \nCaso um dos dois morra, o outro também morre. Se os Tripulantes ganharem por tarefas, os dois perdem.",
YellowLoversInfoLong,"Lovers is an additional Neutrals role assigned to 2 random players on top of their defined roles.\nIf you and your lover both survive til the end, you both will win.\nIf one of you dies, the other will also die. If crewmates get a task victory, you both will lose.",全プレイヤーの中からランダムで2人に他の役職と重複して配役されるニュートラル。\nイエローラバーズが2人とも生き残っている状態で試合終了すれば勝利。\nまた、生存者がイエローラバーズの2人のみの場合、追加勝利設定でも単独勝利となる。\nイエローラバーズの片方が死んだときにもう片方も死ぬ。クルーのタスクが完了すると敗北。\n追加勝利ではないラバーズが複数組生き残っている場合、設定された勝利優先順位に応じる。,恋人为两名玩家的组合。\n恋人存活到游戏结束则恋人独自获胜。\n船员阵营的恋人玩家没有任务。\n从恋人阵营玩家可以看到两名恋人玩家昵称旁有心形标志。\n恋人一同赴死。\n恋人中的一方在会议中被放逐时，另一方将死亡并变为不可以被报告的尸体。,"(中立),\n遊戲開始系統會隨機抽取兩人當戀人,該職業可以和其他職業屬於同一個玩家身上\n戀人將獲勝在遊戲結束時如果兩個戀人都活著.\n但是當一個戀人死去,另一個戀人也會跟著死去\n如果船員完成所有任務,戀人即宣告失敗。","(Нейтралы):\nДополнительно с какой-либо ролью Любовники назначаются 2 случайным игрокам. \nЕсли оба Любовника останутся живы, то они выиграют. \nКогда умрёт хотя бы один Любовник, то моментально умрёт и второй. Они проиграют когда Члены Экипажа выполнят все задания.","(Neutros): \nOs Amantes, é um papel dado a 2 jogadores aleatórios, somado a sua classe já definida. \nSe você e seu amante sobreviverem até o final, vocês ganharão. \nCaso um dos dois morra, o outro também morre. Se os Tripulantes ganharem por tarefas, os dois perdem.",
BlueLoversInfoLong,"Lovers is an additional Neutrals role assigned to 2 random players on top of their defined roles.\nIf you and your lover both survive til the end, you both will win.\nIf one of you dies, the other will also die. If crewmates get a task victory, you both will lose.",全プレイヤーの中からランダムで2人に他の役職と重複して配役されるニュートラル。\nブルーラバーズが2人とも生き残っている状態で試合終了すれば勝利。\nまた、生存者がブルーラバーズの2人のみの場合、追加勝利設定でも単独勝利となる。\nブルーラバーズの片方が死んだときにもう片方も死ぬ。クルーのタスクが完了すると敗北。\n追加勝利ではないラバーズが複数組生き残っている場合、設定された勝利優先順位に応じる。,恋人为两名玩家的组合。\n恋人存活到游戏结束则恋人独自获胜。\n船员阵营的恋人玩家没有任务。\n从恋人阵营玩家可以看到两名恋人玩家昵称旁有心形标志。\n恋人一同赴死。\n恋人中的一方在会议中被放逐时，另一方将死亡并变为不可以被报告的尸体。,"(中立),\n遊戲開始系統會隨機抽取兩人當戀人,該職業可以和其他職業屬於同一個玩家身上\n戀人將獲勝在遊戲結束時如果兩個戀人都活著.\n但是當一個戀人死去,另一個戀人也會跟著死去\n如果船員完成所有任務,戀人即宣告失敗。","(Нейтралы):\nДополнительно с какой-либо ролью Любовники назначаются 2 случайным игрокам. \nЕсли оба Любовника останутся живы, то они выиграют. \nКогда умрёт хотя бы один Любовник, то моментально умрёт и второй. Они проиграют когда Члены Экипажа выполнят все задания.","(Neutros): \nOs Amantes, é um papel dado a 2 jogadores aleatórios, somado a sua classe já definida. \nSe você e seu amante sobreviverem até o final, vocês ganharão. \nCaso um dos dois morra, o outro também morre. Se os Tripulantes ganharem por tarefas, os dois perdem.",
GreenLoversInfoLong,"Lovers is an additional Neutrals role assigned to 2 random players on top of their defined roles.\nIf you and your lover both survive til the end, you both will win.\nIf one of you dies, the other will also die. If crewmates get a task victory, you both will lose.",全プレイヤーの中からランダムで2人に他の役職と重複して配役されるニュートラル。\nグリーンラバーズが2人とも生き残っている状態で試合終了すれば勝利。\nまた、生存者がグリーンラバーズの2人のみの場合、追加勝利設定でも単独勝利となる。\nグリーンラバーズの片方が死んだときにもう片方も死ぬ。クルーのタスクが完了すると敗北。\n追加勝利ではないラバーズが複数組生き残っている場合、設定された勝利優先順位に応じる。,恋人为两名玩家的组合。\n恋人存活到游戏结束则恋人独自获胜。\n船员阵营的恋人玩家没有任务。\n从恋人阵营玩家可以看到两名恋人玩家昵称旁有心形标志。\n恋人一同赴死。\n恋人中的一方在会议中被放逐时，另一方将死亡并变为不可以被报告的尸体。,"(中立),\n遊戲開始系統會隨機抽取兩人當戀人,該職業可以和其他職業屬於同一個玩家身上\n戀人將獲勝在遊戲結束時如果兩個戀人都活著.\n但是當一個戀人死去,另一個戀人也會跟著死去\n如果船員完成所有任務,戀人即宣告失敗。","(Нейтралы):\nДополнительно с какой-либо ролью Любовники назначаются 2 случайным игрокам. \nЕсли оба Любовника останутся живы, то они выиграют. \nКогда умрёт хотя бы один Любовник, то моментально умрёт и второй. Они проиграют когда Члены Экипажа выполнят все задания.","(Neutros): \nOs Amantes, é um papel dado a 2 jogadores aleatórios, somado a sua classe já definida. \nSe você e seu amante sobreviverem até o final, vocês ganharão. \nCaso um dos dois morra, o outro também morre. Se os Tripulantes ganharem por tarefas, os dois perdem.",
WhiteLoversInfoLong,"Lovers is an additional Neutrals role assigned to 2 random players on top of their defined roles.\nIf you and your lover both survive til the end, you both will win.\nIf one of you dies, the other will also die. If crewmates get a task victory, you both will lose.",全プレイヤーの中からランダムで2人に他の役職と重複して配役されるニュートラル。\nホワイトラバーズが2人とも生き残っている状態で試合終了すれば勝利。\nまた、生存者がホワイトラバーズの2人のみの場合、追加勝利設定でも単独勝利となる。\nホワイトラバーズの片方が死んだときにもう片方も死ぬ。クルーのタスクが完了すると敗北。\n追加勝利ではないラバーズが複数組生き残っている場合、設定された勝利優先順位に応じる。,恋人为两名玩家的组合。\n恋人存活到游戏结束则恋人独自获胜。\n船员阵营的恋人玩家没有任务。\n从恋人阵营玩家可以看到两名恋人玩家昵称旁有心形标志。\n恋人一同赴死。\n恋人中的一方在会议中被放逐时，另一方将死亡并变为不可以被报告的尸体。,"(中立),\n遊戲開始系統會隨機抽取兩人當戀人,該職業可以和其他職業屬於同一個玩家身上\n戀人將獲勝在遊戲結束時如果兩個戀人都活著.\n但是當一個戀人死去,另一個戀人也會跟著死去\n如果船員完成所有任務,戀人即宣告失敗。","(Нейтралы):\nДополнительно с какой-либо ролью Любовники назначаются 2 случайным игрокам. \nЕсли оба Любовника останутся живы, то они выиграют. \nКогда умрёт хотя бы один Любовник, то моментально умрёт и второй. Они проиграют когда Члены Экипажа выполнят все задания.","(Neutros): \nOs Amantes, é um papel dado a 2 jogadores aleatórios, somado a sua classe já definida. \nSe você e seu amante sobreviverem até o final, vocês ganharão. \nCaso um dos dois morra, o outro também morre. Se os Tripulantes ganharem por tarefas, os dois perdem.",
PurpleLoversInfoLong,"Lovers is an additional Neutrals role assigned to 2 random players on top of their defined roles.\nIf you and your lover both survive til the end, you both will win.\nIf one of you dies, the other will also die. If crewmates get a task victory, you both will lose.",全プレイヤーの中からランダムで2人に他の役職と重複して配役されるニュートラル。\nパープルラバーズが2人とも生き残っている状態で試合終了すれば勝利。\nまた、生存者がパープルラバーズの2人のみの場合、追加勝利設定でも単独勝利となる。\nパープルラバーズの片方が死んだときにもう片方も死ぬ。クルーのタスクが完了すると敗北。\n追加勝利ではないラバーズが複数組生き残っている場合、設定された勝利優先順位に応じる。,恋人为两名玩家的组合。\n恋人存活到游戏结束则恋人独自获胜。\n船员阵营的恋人玩家没有任务。\n从恋人阵营玩家可以看到两名恋人玩家昵称旁有心形标志。\n恋人一同赴死。\n恋人中的一方在会议中被放逐时，另一方将死亡并变为不可以被报告的尸体。,"(中立),\n遊戲開始系統會隨機抽取兩人當戀人,該職業可以和其他職業屬於同一個玩家身上\n戀人將獲勝在遊戲結束時如果兩個戀人都活著.\n但是當一個戀人死去,另一個戀人也會跟著死去\n如果船員完成所有任務,戀人即宣告失敗。","(Нейтралы):\nДополнительно с какой-либо ролью Любовники назначаются 2 случайным игрокам. \nЕсли оба Любовника останутся живы, то они выиграют. \nКогда умрёт хотя бы один Любовник, то моментально умрёт и второй. Они проиграют когда Члены Экипажа выполнят все задания.","(Neutros): \nOs Amantes, é um papel dado a 2 jogadores aleatórios, somado a sua classe já definida. \nSe você e seu amante sobreviverem até o final, vocês ganharão. \nCaso um dos dois morra, o outro também morre. Se os Tripulantes ganharem por tarefas, os dois perdem.",
OneLoveInfoLong,"A neutral that is cast in duplicate with other positions.\nHe is in love with a certain person.\nIf the game ends with both the unrequited love and the person in love surviving the love with the person in love will be fulfilled and they will win the game together.\nAlso if there are only two survivors one love and one person in love they win alone even with the additional victory setting.\nIf the one-sided love dies the one-sided love dies a follow-up death but if the one-sided love dies the one-sided love does not die.\nLovers are not cast for the Soucriant.\nThere is a certain probability that two unrequited loves will be cast as one of the two lovers, and that both lovers will be cast as one of the two lovers.",他の役職と重複して配役されるニュートラル。\nとある人に恋心を抱いている。\n片思いと想い人がどちらも生き残っている状態で試合終了すれば、想い人との恋が実り、一緒に勝利できる。\nまた、生存者が片想いと想い人の2人のみの場合、追加勝利設定でも単独勝利となる。\n想い人が死亡すると片想いは後追い死するが、片思いが死亡しても想い人は死亡しない。\n想い人にラバーズは配役されない。\n一定確率で片思いが2人に配役され、両片思いになる時がある。\n追加勝利ではないラバーズが複数組生き残っている場合、設定された勝利優先順位に応じる。
MadonnaLoversInfoLong,"A neutral that is cast in duplicate with other positions for the Madonna and the opponent confessed by the Madonna.\nIf the game ends with both Madonna Lovers still alive, the game is won.\nIf only two Madonna Lovers are left alive, the game is also won alone, even with the additional win setting.\nWhen one of the Madonna Lovers dies, the other also dies. Defeat occurs when the crew's task is completed.",マドンナとマドンナから告白された相手に他の役職と重複して配役されるニュートラル。\nマドンナラバーズが2人とも生き残っている状態で試合終了すれば勝利。\nまた、生存者がマドンナラバーズの2人のみの場合、追加勝利設定でも単独勝利となる。\nマドンナラバーズの片方が死んだときにもう片方も死ぬ。クルーのタスクが完了すると敗北。\n追加勝利ではないラバーズが複数組生き残っている場合、設定された勝利優先順位に応じる。
AmanojakuInfoLong,"After the end of the meeting on the set number of days a neutral is randomly cast from among the surviving crew members or players in neutral positions, duplicating other positions.\nAdditional win if the crew camp loses.\nHowever if the crew camp wins it loses.",設定日数目の会議終了後、生存しているクルー/ニュートラル役職のプレイヤーの中からランダムに他の役職と重複して配役されるニュートラル。\nクルー陣営が敗北すれば追加勝利。\nただし、クルー陣営が勝利すると敗北する。

# マーダーミステリー
MurderMystery,MurdererMystery,マーダーミステリー
MurderMysteryInfo,MurdererMystery,殺人鬼と保安官、クルーに分かれるゲーム。\n\n殺人鬼陣営はクルーを全滅させれば勝利。\nクルー陣営は殺人鬼を全滅させれば勝利。\n\n殺人鬼はキルボタン、クルーと保安官は弓を使ってキルが行える。\nクルーは全タスク完了後、矢を所持できる\n\n緊急会議、死体通報を行うことはできない。
MMArcher,ArcherSheriff,保安官
MMArcherInfo,Shoot down the killer.,殺人鬼を撃ち抜け
MMArcherInfoLong,"Press the Phantom button, move in the opposite direction of where you want to fire the arrow,\nand press the Phantom button again to shoot the arrow.\nPlayers hit by the arrow die instantly (cause of death: Hit).\nIf you hit an ally, you may self-destruct depending on the settings.\nThe arrow disappears when it hits a wall or after a certain amount of time.",ファントムボタンを押し、矢を放ちたい方向と逆方向に移動し、\nもう一度ファントムボタンを押すことで矢を放つことができる。\n矢が当たったプレイヤーはその場で死亡する(死因:命中)\n同陣営を打った場合、設定によっては自殺する。\n矢は壁に当たるか一定時間経過すると消滅する。
MMArcherArrowTimeForTaskend,Arrows held Former Crewmate,元クルーの矢の所持数
MMArcherArrowMiss,Accidentally an ally,仲間に誤射時の挙動
MMArcher_Miss0,Both die,両者死亡
MMArcher_Miss1,Shooter dead,自身のみ死亡
MMArcher_Miss2,target dead,相手のみ死亡
MM_ArceherIsAlive,Sheriff is Alive,保安官生存中
MM_ArceherIsDead,Sheriff is Dead,保安官死亡...
MM_ArceherIsDead_Crew,\nReport → Get Bow&Arrow,\n死体通報 → 保安官の弓を入手
MMTimeLimit,TimeLimit,制限時間
MMSeeImpostorArrow,1m CanSeeArrow,残り1分になると殺人鬼に矢印を表示する
MMCrewvision,ActiveSabotage Crewvision,残り1分のクルー視界
MMImpostorvision,ActiveSabotage ImpostorVision,残り1分のインポスター視界
CrewmateInfo_MM,,タスクを終わらせ、弓を入手しよう
ImpostorInfo_MM,,クルーを全滅させろ

# ヘルプ
Count,Count,カウント
Basis,Basis,判定

# Mein Options
KillFlashDuration,"""Kill Flash"" Duration",キルフラッシュの長さ,击杀闪烁持续时间,殺人閃光持續時間,"Длительность ""Вспышки Убийства""","Duração do ""Clarão de Abate""",
RoleOptions,Role Options,役職設定,职业设置,職業設定,Настройка Ролей,Opções de Classe,
ModeOptions,Mode Options,モード設定,模组设置,模式設定,Настройка режима,Opções de Modos,
HideAndSeek,Hide and Seek,かくれんぼ,躲猫猫,躲貓貓,Прятки,Esconde-Esconde,
ONspecialMode,SpecialMode,特殊モード
ColorNameMode,Color Name Mode,色名前モード,显示颜色名称,名字將被顏色名稱替換,Режим: Никнейм соответствует цвету,Modo Nomes de Cores,
CanSeeImpostorRole,Impostors can check each other's job titles.,インポスターがお互いの役職を確認できる
InsiderMode,InsiderMode,インサイダーモード
InsiderModeCanSeeTask,Knowing the number of tasks,タスク完了数を知ることができる
AllPlayerSkinShuffle,AllPlayerSkinShuffle,プレイヤーのスキンをシャッフルする
RandomSpawn,Random Spawn,ランダムスポーン,随机出生点,隨機出生點,Случайный спавн,Spawn Aleatório,
RandomMapsMode,Random Maps Mode,ランダムマップモード,随机地图模式,隨機地圖模式,Случайная карта,Modo de Mapas Aleatórios,
AddedTheSkeld,Include TheSkeld,TheSkeld</color>を追加,添加骷髅舰地图,將The Skeld地圖列入選項,Добавить TheSkeld,Incluir TheSkeld,
AddedMIRAHQ,Include MIRAHQ,MIRAHQ</color>を追加,添加米拉总部地图,將MIRA HQ地圖列入選項,Добавить MiraHQ,Incluir MIRAHQ,
AddedPolus,Include Polus,Polus</color>を追加,添加波鲁斯地图,將Polus地圖列入選項,Добавить Polus,Incluir Polus,
AddedTheAirShip,Include TheAirShip,TheAirShip</color>を追加,添加飞艇地图,將The AirShip列入選項,Добавить TheAirship,Incluir TheAirShip,
AddedTheFungle,Include TheFungle,TheFungle</color>を追加
LadderDeath,Fall From Ladders,ハシゴから転落,从梯子上下滑时有可能摔死,從梯子上下滑時可能會摔死,Падение с Лестницы,Queda de Escadas,
LadderDeathChance,Fall To Death Chance,転落する確率,从梯子上摔死的概率,從梯子上下滑摔死機率,Шанс разбиться насмерть,Chance de Queda,
LadderDeathNuuun,Fall To,ぬーんでも転落するか
LadderDeathZipline,Fall To ZipLine,"ジップライン<size=30%>昇,降</size>でも転落するか"
DisableTaskWin,Disable Task Win,タスク勝利を無効化,禁用任务胜利,禁用任務勝利,Отключить победу по заданиям,Desativar Vitória por Tarefas,
NoGameEnd,No Game End,ゲームを終了しない,测试模式,遊戲不會結束模式,Игра Не Закончится,Jogo Sem Fim,
HideGameSettings,Hide Game Settings,ゲーム設定を隠す,隐藏游戏设置,隱藏遊戲設定,Скрыть настройки Игры,Esconder Configurações,
HideGameSettingsDuringGame,Hide Game Settings During Game,試合中はゲーム設定を隠す
AutoDisplayLastResult,Auto Display Last Result,自動的に試合結果を表示,自动显示最终结果,自動顯示上一回合結果,Отображать результат последней игры в чате,Mostrar Ultimo Resultado,
AutoDisplayKillLog,Auto Display Kill Log,自動的にキルログを表示,自动显示击杀日志,自動顯示擊殺紀錄,Отображать историю убийств в чате,Mostrar Log de Mortes Automaticamente,
ChangeNameToRoleInfo,Show Role Descriptions to Unmodded Client,役職説明を非modクライアントにも表示する,对未安装本mod的玩家显示职业说明,對未安裝本模組的玩家顯示職業說明,Показать краткую информацию о роли в начале игры,Mostrar Descrição de Classe para Clientes Sem Mod,
SuffixMode,Suffix,名前の二行目,附加标签,名字標籤,Суффикс,Sufixo,
SuffixMode.None,Never,なし,不更换,關閉,Никто,Nunca,
SuffixMode.Version,Version,バージョン,版本,版本,Версия,Versão,
SuffixMode.Streaming,Streaming,配信中,直播中,直播中,Стримит,Ao Vivo,
SuffixMode.Recording,Recording,録画中,录制中,錄影中,Записывает,Gravando,
SuffixMode.RoomHost,Room Host,部屋主,房主,房主,Хост Румы,Anfitrião,
SuffixMode.OriginalName,OriginalName,元の名前,玩家名称,玩家原名稱,Настоящий Никнейм,Nome Original,
SuffixMode.Timer,Timer,ルームタイマー
ApplyDenyNameList,Apply DenyName List,DenyNameリストを適用する,启用违禁昵称名单,自動禁止具有不良名字的人加入,Применить файл запрещённых имён (DenyName),Aplicar Lista de Nomes Proibidos (DenyName),
KickPlayerFriendCodeNotExist,Kick Players Whose Friend Code Does Not Exist,フレンドコードを持たないとkickする,踢出好友编号无效的玩家,將沒有好友代碼的玩家自動踢出,Кикнуть игроков у которых нет Кода Друга,Expulsar Jogadores Sem Código de Amigo,
KickInitialName,Kick Inital Name,初期ネームをキックする
BanKickjoinplayer,Kicked by a mod 5 times will be banned,5回MODによってキックされるとBANする
BanKickjoinplayerInfo,IsNonCount => ・kick at Vanilla ・Non HopeList kick,バニラでのキックと参加希望によるキックを除く
ApplyBanList,Apply BanList,BANリストを適用する,启用封禁名单,啟用封禁名單,Применить файл с забаненными игроками (BanList),Aplicar Lista de Banimentos (BanList),
KiclHotNotFriend,KiclHotNotFriend,フレンドではないプレイヤーをkickする
AntiCheat,AntiCheat,アンチチート
KickBanOptionWhiteList,Whitelisted players are not eligible,<#f5edba>ホワイトリストに登録されているプレイヤーは入室可能</color>
EnableDebugMode,Enable Debug Mode,デバッグモードを有効化する,开启调试模式,啟用偵錯模式,Включить режим отладки,Ativar Modo de Depuração,
EnableTOHkDebugMode,Enable Debug Mode,TOH-Kのデバッグモードを有効化する,开启调试模式,啟用偵錯模式,Включить режим отладки,Ativar Modo de Depuração,
Spawndummy,Spawndummy,ダミーを出現させる
DummyAssignRole,DummyAssignRole,ダミーに役職をアサインする
ExperimentalMode,Experimental Mode,試験的設定
ExAftermeetingflash,After Meeting flash,会議後にフラッシュを入れる
BlackOutwokesitobasu,Reset Camera Anti BlackOut,リセットカメラ式暗転対策
BlackOutwokesitobasuInfo,(Cant Spawn AirShip),(AirShipは会議後スポーン先を選択できなくなります)
ExHideChatCommand,Meeting Can't see ChatCommand,会議時チャットコマンドを非表示にする
ExHideChatCommandInfo,"(Can't Use Voice,BetterCrew Room in CustomServer)",(公式鯖使用、または、CT卓でのみON)
FixSpawnPacketSize,Set When Disconnect above 8-9 People,8～9人以上で切断される現象の修正
FixSpawnPacketSizeInfo,<#ff1919>Disconnect Player,<#ff1919>切断者が発生した場合のみ
ExRpcWeightR,Rpc Weight,Rpcの送信頻度を制限する
ExCallMeetingBlackout,Meeting Blackout,会議前に視界を暗転させる
ExCallMeetingBlackoutInfo,Automatically ON if some Role are included,一部役職が入っている場合は自動的にON
ExIntroWeight,Intro communication,イントロの通信量分割
ExIntroWeightInfo,Enable only when the intro disconnect occurs,イントロ落ちがでたときのみ有効に
ExChatMonochrome,Chat Delete Color,一部のシステムメッセージの色を無くす
UseZoom,UseZoom (ModClient Only),ズームを有効にする(ModClient Only)
SoloWinOption,%role%SoloWin,%role%の勝利優先順位
RandomPreset,RandomPreset,ランダムプリセット
AddedPreset,Added {0},{0} を追加する
SlotRole1,SlotRole 1,排他的設定 1
SlotRole2,SlotRole 2,排他的設定 2
SlotRole3,SlotRole 3,排他的設定 3
SlotRole4,SlotRole 4,排他的設定 4
SlotRole5,SlotRole 5,排他的設定 5
SlotRole6,SlotRole 6,排他的設定 6
SlotRole7,SlotRole 7,排他的設定 7
SlotRole8,SlotRole 8,排他的設定 8
SlotRole9,SlotRole 9,排他的設定 9
SlotRole10,SlotRole 10,排他的設定 10
SlotRole11,SlotRole 11,排他的設定 11
SlotRole12,SlotRole 12,排他的設定 12
SlotRole13,SlotRole 13,排他的設定 13
SlotRole14,SlotRole 14,排他的設定 14
SlotRole15,SlotRole 15,排他的設定 15

## マップ改造
MapModification,Map Modifications,マップ改造,地图修改,,Модификации для карт,Modificações do Mapa,
DisableAirshipMovingPlatform,Disable Moving Platform <#ff3300>Ⓐ</color>,昇降機のリフトを無効化  <#ff3300>Ⓐ</color>,禁用升降机(飞艇地图),,Отключить движущуюся платформу  <#ff3300>Ⓐ</color>,Desativar Plataformas Voadoras <#ff3300>Ⓐ</color>,
AirShipVariableElectrical,Variable Electrical <#ff3300>Ⓐ</color>,電気室の構造変化  <#ff3300>Ⓐ</color>,改变配电室构造(飞艇地图),電力室構造變化  <#ff3300>Ⓐ</color>,Двери в Электрощитовой меняются случайно  <#ff3300>Ⓐ</color>,Elétrica Varia <#ff3300>Ⓐ</color>,
ResetDoorsEveryTurns,Reset Doors After Meeting  (<#ff3300>Ⓐ</color><#980098>Ⓟ</color><#ff9900>Ⓕ</color>),会議後にドア状況をリセットする  <#ff3300>Ⓐ</color><#980098>Ⓟ</color><#ff9900>Ⓕ</color>,,,Сбросить статус дверей после собраний,Redefinir Portas Após Reunião(Airship/Polus),
DoorsResetMode,Reset Mode,リセットモード,,,Режим сброса дверей,Modo de Redefinição,
AllOpen,All Open,全て開放,,,Все Открыты,Todas Abertas,
AllClosed,All Closed,全て閉鎖,,,Все Закрыты,Todas Fechadas,
RandomByDoor,Random By Door,ドアごとにランダム,,,Случайно для каждой двери,Aleatoriamente Por Porta,
DisableFungleSporeTrigger,Prevent Spores Trigger  <#ff9900>Ⓕ</color>,きのこの胞子を無効化  <#ff9900>Ⓕ</color>
Can'tUseVent,Can't Use Vent,ベントを無効化
CantUseVentTrueCount,True Count,適用する生存人数
MaxInVentMode,Vent Max Time Mode,ベント内の最大時間を設ける
MaxInVentTime,Vent Max Time,ベント内の最大時間
CantUseZipLineTotop,Can't Use ZipLine To top  <#ff9900>Ⓕ</color>,ジップライン(上昇)が使えない  <#ff9900>Ⓕ</color>
CantUseZipLineTodown,Can't Use ZipLine To down  <#ff9900>Ⓕ</color>,ジップライン(下降)が使えない  <#ff9900>Ⓕ</color>
AirShipPlatform,AfterMeeting Set Platform,会議後、昇降機のリフトを移動させる  <#ff3300>Ⓐ</color>

## サボタージュ
Sabotage,SabotageOption,サボタージュ設定
ChangeSabotageWinRole,Change Sabotage Win,サボタージュでの勝利を変更する
OptionSabotageFinAllKill,SabotageWin AllKill,サボタージュで勝利時、勝利者以外をキルする
CommsCamouflage,Camouflage During Comms Sabotage,コミュサボ時のカモフラージュ,通信破坏时伪装,通訊破壞時所有玩家變成小灰人,Камуфляж при Саботаже Связи,Camuflagem Durante Comunicação,
LightsOutSpecialSettings,Fix Lights Special Settings,停電の特殊設定,停电特殊设定,關燈特殊設定,Специальные настройки при саботаже света,Configuração Especial de Consertar Luzes,
DisableAirshipViewingDeckLightsPanel,Disable Viewing Deck Lights Panel <#ff3300>Ⓐ</color>,展望の配電盤を無効化 <#ff3300>Ⓐ</color>,禁用瞭望台配电箱(飞艇地图),關閉觀景台的配電箱  <#ff3300>Ⓐ</color>,Отключить починку света на ''Смотровой Палубе''  <#ff3300>Ⓐ</color>,Desativar Painel de Luzes do Deck Panorâmico <#ff3300>Ⓐ</color>,
DisableAirshipGapRoomLightsPanel,Disable Gap Room Lights Panel <#ff3300>Ⓐ</color>,昇降機の配電盤を無効化 <#ff3300>Ⓐ</color>,禁用升降机配电箱(飞艇地图),關閉間隙室右側的配電箱  <#ff3300>Ⓐ</color>,Отключить починку света в ''Комнате Пролета''  <#ff3300>Ⓐ</color>,Desativar Painel de Luzes da Sala Suspensa <#ff3300>Ⓐ</color>,
DisableAirshipCargoLightsPanel,Disable Cargo Lights Panel <#ff3300>Ⓐ</color>,貨物室の配電盤を無効化 <#ff3300>Ⓐ</color>,禁用货舱配电箱(飞艇地图),關閉貨艙的配電箱  <#ff3300>Ⓐ</color>,Отключить починку света в ''Грузовом Отсеке''  <#ff3300>Ⓐ</color>,Desativar Painel de Luzes das Cargas <#ff3300>Ⓐ</color>,
BlockDisturbancesToSwitches,Block Switches When They Are Up,配電盤妨害を無効化,,,Блокировать переключатели когда они подняты,Interruptores Sempre Ligados,
SabotageActivetimerControl,Sabotage Duration Control,サボタージュの制限時間を変更する,更改修理时限,重新設定緊急任務時間,Изменить время саботажа,Controle da Duração de Sabotagem,
SkeldReactorTimeLimit,<#666666>TheSkeld</color> Reactor Duration,<#666666>TheSkeld</color>のリアクター制限時間
SkeldO2TimeLimit,<#666666>TheSkeld</color> oxygen interference Duration,<#666666>TheSkeld</color>のO<sub>2</sub>制限時間
MiraReactorTimeLimit,<#ff6633>MIRAHQ</color>,<#ff6633>MIRAHQ</color>のリアクター制限時間
MiraO2TimeLimit,<#ff6633>MIRAHQ</color>,<#ff6633>MIRAHQ</color>のO<sub>2</sub>制限時間
PolusReactorTimeLimit,<#980098>Polus</color> Reactor Duration,<#980098>Polus</color>のリアクター制限時間,波鲁斯抗震稳定器修理时限,Polus地震抑制器破壞最大時間,Polus время саботажа Реактора,Duração do Reator em Polus,
AirshipReactorTimeLimit,<#ff3300>TheAirShip</color> Reactor Duration,<#ff3300>TheAirShip</color>のリアクター制限時間,飞艇坠毁路线修理时限,Airship間隙室破壞最大時間,Airship время саботажа Реактора,Duração do Reator em Airship,
FungleReactorTimeLimit,<#ff9900>TheFungle</color> Reactor Duration,<#ff9900>TheFungle</color>のリアクター制限時間,反应堆时间限制（蘑菇岛地图）,,Время саботажа Реактора на The Fungle,,
FungleMushroomMixupDuration,<#ff9900>TheFungle</color> Mushroom Mixup Duration,<#ff9900>TheFungle</color>のキノコカオス効果時間,蘑菇混合持续时间（蘑菇岛地图）,,Длительность грибного переполоха на The Fungle,,
ModifySabotageCooldown,Sabotage Cooldown Control,サボタージュのクールダウン制御,,,Контролировать откат саботажа,Controle do Tepo de Recarga da Sabotagem,
SabotageCooldown,Sabotage Cooldown,サボタージュのクールダウン,,,Откат саботажа,Tempo de Recarga da Sabotagem,
CommsSpecialSettings,Comms Special Settings,通信妨害の特殊設定
CommsDonttouch,Comms Don't touch,一定時間通信妨害を修復できない
CommsDonttouchTime,Comms Don't touchTime,修復できない時間
LightOutDonttouch,LightOut Don't touchTime,一定時間停電を修復できない
LightOutDonttouchTime,Light Out Don't touch Time,修復できない時間
AllowCloseDoors,Allow Door Sabotage,ドア閉鎖が出来ない,允许关门,可以關門,Разрешить закрытие дверей,Permitir Sabotar Portas,
AfterTurnCantCloseDoor,AfterTurnCantCloseDoor,ターン開始から一定時間ドア閉鎖ができない

### 会議系
MeetingAndVoteOpt,Meeting And Vote Options,会議と追放の設定
SyncButtonMode,Sync Button Mode,ボタン回数同期モード,所有船员共享会议次数,全場拍桌數同步模式,Общая кнопка встречи,Modo de Botão Sincronizado,
SyncedButtonCount,Max Number of Buttons Allowed,合計ボタン使用可能回数,紧急会议可用次数,全場最大拍桌數量,Максимальное количество нажатий на Кнопку,Número Máximo de Usos do Botão,
AllAliveMeeting,Meeting When No One is Dead,全員生存時の会議,全员存活时的会议设定,全員存活會議,Все живые на собрании,Reunião Com Todos Vivos,
AllAliveMeetingTime,Meeting Time When No One is Dead,全員生存時の会議時間,全员存活时的会议时间,全員存活會議時間,Время когда все живы на собрании,Tempo de Reunião Com Todos Vivos,
AdditionalEmergencyCooldown,Additional Emergency Cooldown,追加の緊急ボタンクールダウン,附加紧急会议冷却时间,附加緊急會議冷卻時間,Дополнительный откат собраний,Tempo de Emergência Adicional,
AdditionalEmergencyCooldownThreshold,Applied Living Player Count,適用する生存人数,适用存活人数,適用於幾個存活人數,Применяемый Порог Выживания,Número de Vivos Para Aplicar,
AdditionalEmergencyCooldownTime,Additional Cooldown,追加するクールダウン,附加冷却时间,附加冷卻時間,Дополнительный откат,Tempo Adicional,
VoteMode,Voting Mode,投票モード,投票相关设定,投票設定,Режим голосования,Modo de Votação,
WhenSkipVote,When Skip Vote,スキップ時,跳过投票相当于投给自己,當跳過投票時,Когда пропускаете Голосование,Quando Pular Voto,
WhenSkipVoteIgnoreFirstMeeting,Ignore First Meeting,初回会議を除く,忽略首次会议,忽略首次會議,Игнорировать первое собрание,Ignorar Primeira Reunião,
WhenSkipVoteIgnoreNoDeadBody,Ignore When No DeadBody,死体がない時を除く,无尸体时忽略,沒有屍體時無法選擇,Игнорировать когда Нет Трупов,Ignorar Se Não Tiver Corpo,
WhenSkipVoteIgnoreEmergency,Ignore When Emergency Button,緊急ボタンを除く,忽略紧急会议按钮,緊急會議中無法選擇,Игнорировать кнопку собраний,Ignorar Se Tiver Botão de Emergência,
WhenNonVote,When No Votes,無投票時,不投票相当于投给自己,沒有投票時,Когда никто не Голосовал,Quando Sem Votos,
Default,Default,デフォルト,默认,預設,Обычное,Padrão,
Suicide,Suicide,自殺,自杀,,Суицид,Suicídio,
SelfVote,Self Vote,自投票,自票,投自己,Само Голос,Votar Em Si,
Skip,Skip,スキップ,跳过,跳過,Пропуск,Pular,
WhenTie,When Tied Vote,同数投票時,平票时,平票時,Когда ничья,Quando Empatar Votos,
TieMode.Default,Default,デフォルト,默认,預設,Обычное,Padrão,
TieMode.All,Eject All,全員追放,全体放逐,全員放逐,Изгнать всех,Exilar Todos,
TieMode.Random,Eject Random,ランダムに追放,随机放逐,隨機放逐,Изгнать случайно,Exilar Aleatório,
ShowRoleAtFirstMeeting,ShowRoleAtFirstMeeting,最初の会議で役職を表示,在第一次会议上展示角色,在第一次會議上展示角色,Покажите роль на первой встрече,Mostrar função na primeira reunião,
LowerLimitVotingTime,Minimum Voting Time,会議時間の下限,蚀时者存活时会议时间最低下限,時間小偷在場時會議時間最低下限,Уменьшить длительность голосования на,Tempo Mínimo de Votação,
LimitMeetingTime,Increase limit,会議時間の伸びる限界,增加限制,會議時間延長上限,Лимит увеличения времени встреч,Aumentar Limite,
ShowVoteResult,Can See Vote Result,追放を確認
ShowVoteJudgment,Judgment,判定元

### タスク無効
TaskOption,TaskOption,タスク設定
DisableTasks,Disable Tasks,タスクを無効化する,禁用某些任务,禁用某些特定的任務,Отключить задания,Desativar Tarefas,
DisableSwipeCardTask,Disable SwipeCard Tasks,カードタスク,禁用刷卡任务,禁用刷卡任務,Отключить задание ''Провести Карту'',Desativar Tarefas de Passar Cartão,
DisableSubmitScanTask,Disable SubmitScan Tasks,医務室のスキャンタスク,禁用扫描任务,禁用掃描任務,Отключить задание ''Сканирование'',Desativar Tarefas de Raio-X,
DisableUnlockSafeTask,Disable UnlockSafe Tasks,金庫タスク,禁用解除歧管任务,禁用保險櫃任務,Отключить задание ''Открытие Сейфа'',Desativar Tarefas de Abrir Cofre,
DisableUploadDataTask,Disable UploadData Tasks,ダウンロードタスク,禁用上传数据任务,禁用上傳任務,Отключить задание ''Загрузка Данных'',Desativar Tarefas de Baixar Dados,
DisableStartReactorTask,Disable StartReactor Tasks,原子炉起動タスク,禁用启动反应堆任务,禁用啟動反應堆任務,Отключить задание ''Запустить Реактор'',Desativar Tarefas de Acionar Reator,
DisableResetBreakerTask,Disable ResetBreaker Tasks,ブレーカーリセットタスク,禁用重置反应堆任务,禁用重置斷路器任務,Отключить задание ''Рычаги(Airship)'',Desativar Reiniciar Disjuntores,
DisableCatchFish,Disable CatchFish Task,釣りタスク
DisableDivertPower,Disable DivertPower Task,送電タスク
DisableFuelEngins,Disable FuelEngins Task,給油タスク
DisableInspectSample,DisableInspectSample Task,サンプル採取タスク
DisableRebootWifi,DisableRebootWifi Task,Wi-Fi再起動タスク
DisableInseki,Disable ClearAsteroids Task,隕石除去タスク
DisableCalibrateDistributor,Disable CalibrateDistributor Task,アスタリスクタスク
DisableVentCleaning,Disable VentCleaning Task,ベント掃除タスク
DisableHelpCritter,Disable HelpCritter Task,孵化タスク
Disablefixwiring,Disable Fixwiring Task,配線タスク
DisableFixWeatherNodeTask,Disable FixWeatherNode Tasks,気象ノードタスク,,,,,
UploadDataIsLongTask,DownLoad Task is All LongTask,DLタスクを全てロングタスクに分類する

### 幽霊
GhostOptions,Ghost Options,幽霊の設定
GhostCanSeeOtherRoles,Can See Other Roles,他人の役職を見ることができる,幽灵可见他人职业,幽靈可以看見所有玩家職業,Призраки могут видеть все роли,Fantasmas Podem Ver Outros Papéis,
GhostCanSeeOtherTasks,Can See Other Tasks,他人のタスク進捗を見ることができる,幽灵可见他人任务进度,,Призраки могут видеть прогресс заданий других игроков,Fantasmas Podem Ver Tarefas de Outros,
GhostCanSeeOtherVotes,Can See Other Votes,他人の投票先を見ることができる,幽灵可见投票情况,幽靈可以看見所有玩家的投票,Призраки могут видеть цвета голосов,Fantasmas Podem Ver Outros Votos,
GhostCanSeeDeathReason,Can See Cause Of Death,死因を見ることができる,幽灵可以看见死因,幽靈可以看見死因,Призраки могут видеть причины смерти,Fantasmas Podem Ver Causa da Morte,
GhostCanSeeKillerColor,Can See KillerColor,死因の色をキラーの色にする
GhostCanSeeAllTasks,Can see AllTasks,全体のタスク進捗を見ることができる
GhostCanSeeKillflash,Can see Killflash,キルフラッシュを見ることが出来る
GhostCanSeeNumberOfButtonsOnOthers,Can See Num Emergency Meetings,他人の緊急ボタン残数を見ることができる
GhostIgnoreTasks,Ghosts Exempt From Tasks,死人のタスクを免除する,幽灵无视任务,幽靈可以免除任務,Призраки игнорируют задания,Fantasmas Isentos de Tarefas,
GhostIgnoreTasksplayer,Option Active AlivePlayercount,設定数以上生存していると免除

### 割り当て
RoleAssigningAlgorithm,Role Assigning Algorithm,役職割り当てのアルゴリズム,职业分配算法,職業分配算法,Алгоритм назначения Ролей,Algoritmo de Atribuição de Classes,
RoleAssigningAlgorithm.Default,Default,デフォルト,默认随机算法,預設算法,По умолчанию,Padrão,
RoleAssigningAlgorithm.NetRandom,.NET System.Random,.NET System.Random,.NET 系统随机算法,NET系統隨機算法,Случайный,Sistema Aleatório .NET,
RoleAssigningAlgorithm.HashRandom,HashRandom,HashRandom,哈希随机算法,Hash值隨機算法,HashRandom,,
RoleAssigningAlgorithm.Xorshift,Xorshift,Xorshift,Xorshift随机算法,Xorshift隨機算法,Xorshift,,
RoleAssigningAlgorithm.MersenneTwister,Mersenne Twister,Mersenne Twister,Mersenne Twister随机算法,Mersenne Twister隨機算法,MersenneTwister,,

### デバイス無効
DevicesOption,Devices Option,デバイスの設定
DisableDevices,Disable Devices,デバイスを無効化,禁用设备,禁用裝置,Отключить устройства,Desativar Dispositivos,
DisableSkeldDevices,Disable Skeld Devices,<#666666>TheSkeld</color>のデバイス無効化,禁用骷髅舰设备,禁用The Skeld中的設備,Отключить устройства на TheSkeld,Desativar Dispositivos de Skeld,
DisableMiraHQDevices,Disable MiraHQ Device,<#ff6633>MIRAHQ</color>のデバイス無効化,禁用米拉总部设备,禁用Mira HQ中的設備,Отключить устройства на MiraHQ,Desativar Dispositivos de MiraHQ,
DisablePolusDevices,Disable Polus Device,<#980098>Polus</color>のデバイス無効化,禁用波鲁斯设备,禁用Polus中的設備,Отключить устройства на Polus,Desativar Dispositivos de Polus,
DisableAirshipDevices,Disable Airship Device,<#ff3300>TheAirShip</color>のデバイス無効化,禁用飞艇设备,禁用The Airship中的設備,Отключить устройства на Airship,Desativar Dispositivos de Airship,
DisableFungleDevices,Disable Fungle Devices,<#ff9900>TheFungle</color>のデバイス無効化
DisableSkeldAdmin,Disable Admin,アドミン無効化,禁用管理室地图,禁用管理室地圖,Отключить стол администратора,Desativar Admin,
DisableMiraHQAdmin,Disable Admin,アドミン無効化,禁用管理室地图,禁用管理室地圖,Отключить стол администратора,Desativar Admin,
DisablePolusAdmin,Disable Admin,アドミン無効化,禁用管理室地图,禁用管理室地圖,Отключить стол администратора,Desativar Admin,
DisableAirshipCockpitAdmin,Disable Cockpit Admin,アドミン無効化(コックピット),禁用飞艇(驾驶舱)管理室地图,禁用The Airship(駕駛艙)的管理室地圖,Отключить стол администратора в ''Кабине'',Desativar Admin da Cabine,
DisableAirshipRecordsAdmin,Disable Records Admin,アドミン無効化(アーカイブ),禁用飞艇(档案室)管理室地图,禁用The Airship(檔案室)的管理室地圖,Отключить стол администратора в ''Архиве'',Desativar Admin da Sala de Arquivos,
DisableSkeldCamera,Disable Camera,カメラ無効化,禁用骷髅舰监控,禁用骷髅舰监控设备,Отключить камеры,Desativar Câmeras,
DisablePolusCamera,Disable Camera,カメラ無効化,禁用波鲁斯监控设备,禁用波鲁斯监控设备,Отключить камеры,Desativar Câmeras,
DisableAirshipCamera,Disable Camera,カメラ無効化,禁用飞艇监控,禁用飞艇监控设备,Отключить камеры,Desativar Câmeras,
DisableMiraHQDoorLog,Disable DoorLog,ドアログ無効化,禁用米拉总部门禁记录,禁用米拉总部门禁日志,Отключить журналы,Desativar Portaria,
DisablePolusVital,Disable Vital,バイタル無効化,禁用波鲁斯生命监测装置,禁用波鲁斯生命监测装置,Отключить пульсы,Desativar Vitais,
DisableAirshipVital,Disable Vital,バイタル無効化,禁用飞艇生命监测装置,禁用飞艇生命监测装置,Отключить пульсы,Desativar Vitais,
DisableFungleVital,Disable Vital,バイタル無効化
IgnoreConditions,Ignore Conditions,除外条件,忽略条件,忽略條件,Игнорируют условия,Ignorar Condições,
IgnoreImpostors,Ignore Impostors,インポスター</color>を除く,忽略内鬼,偽裝者陣營除外,Игнорируют Предатели,Ignorar Impostores,
IgnoreMadmates,Ignore Madmates,マッドメイト系</color>を除く,忽略叛徒,叛徒職業除外,Игнорируют Безумцы,Ignorar Tripulantes Loucos,
IgnoreNeutrals,Ignore Neutrals,ニュートラル</color>を除く,忽略独立阵营,中立陣營除外,Игнорируют Нейтралы,Ignorar Neutros,
IgnoreCrewmates,Ignore Crewmates,クルー</color>を除く,忽略船员,船員陣營除外,Игнорируют Члены Экипажа,Ignorar Tripulantes,
IgnoreAfterAnyoneDied,Ignore After Anyone Has Died,死人</color>が出た後を除く,忽略幽灵,當所有人都死亡時除外,Игнорируют умершие игроки,Ignorar Depois de Alguém Morrer,
TimeLimitDevices,Device TimeLimit,デバイスに制限時間を設ける
TurnTimeLimitDevice,Device TimeLimit in Turn,ターンごとにデバイスの制限時間を設ける
TimeLimitAdmin,Admin Time Limit,アドミンの制限時間
TimeLimitCamAndLog,Camera and DoorLog Time Limit,カメラ・ドアログの制限時間
TimeLimitVital,Vital Time Limit,バイタルの制限時間
CanSeeTimeLimit,Can See Device TimeLimit,会議で残り時間を見ることができる
CanseeImpTimeLimit,Can See Impostor,インポスターが見れる
CanseeMadTimeLimit,Can See Madmate,マッドメイトが見れる
CanseeCrewTimeLimit,Can See CrewMate,クルーが見れる
CanseeNeuTimeLimit,Can see Nuetral,ニュートラルが見れる
ReviveTimelimitplayercount,Add based on the number of people,一定人数以下になると制限時間が増加する
ReviveTimelimitplayercount_Info,Changes will take effect starting from the next turn after the number of players falls below the set limit.,設定人数以下になった次のターンから反映されます。\n増加する時間が負の値の場合、制限時間は減少します。
ReviveAddAdmin,Add Admin,追加するアドミンの制限時間
ReviveAddCamAndLog,Add Camera/DoorLog,追加するカメラ/ドアログの制限時間
ReviveAddVital,AddVital,追加するバイタルの制限時間
DisableForceRecordsAdomin,Records admin is unavailable,除外者でもｱｰｶｲﾌﾞｱﾄﾞﾐﾝを無効化
DisableDevicesIgnoreComleteTask,Ignore TaskComplete Crewmate,タスクを完了させないと使用できない

### 便利機能
ConvenientOptions,Convenient Options,便利機能
FirstTurnMeeting,First Turn Call Meeting,開始後、緊急会議を発動させる
FirstTurnMeetingCantability,Force Meeting Can't Ability,強制会議中に能力が使えない
FixFirstKillCooldown,Normalize First Kill Cooldown,初期スポーン時のクールダウン修正,修正首刀冷却时间,修正開場時的殺人冷卻時間,Нормализовать откат убийства в начале Игры,Normalizar Tempo de Recarga do Primeiro Abate,
CanseeVoteresult,Can See Voteresult,投票結果を名前の下に表示する
CommnTaskResetAssing,Common Task Reset Assing,通常タスクを共通にしない
TeamHideChat,Team Hide Chat,秘匿チャット
ImpostorHideChat,Impostor Hide Chat (/ic),インポスター秘匿チャット(/ic)
JackalHideChat,Jackal Hide Chat (/jc),ジャッカル秘匿チャット(/jc)
LoversHideChat,Lovers Hide Chat (/lc),ラバーズ秘匿チャット(/lc)
ConnectingHideChat,Connecting Hide Chat (/cc),コネクティング秘匿チャット(/cc)
OutroCrewWinreasonchenge,Display match results in non-client outros,非クライアントのアウトロで試合結果を表示
OptionBatchSetting,OptionBatchSetting,一括設定
OptionAllImpostorKillCool,AllImpostorKillCooldown,インポスターのキルクールダウン
OptionAllNeutralKillCool,AllNeutralKillCooldown,ニュートラルのキルクールダウン

### サドンデスモード
SuddenDeathMode,SuddenDeathMode,サドンデスモード
SuddenDeath,SuddenDeath,サドンデス
SuddenDeathIntro,Get rid of them all as fast and as quick as you can.,素早く手っ取り早く全員始末しろ
SuddenDeathModeInfo,Survive to the end by any means necessary.,どんな手を使ってでも最後まで生き残れ
SuddenSharingRoles,Allplayer Role,全員の役職を共通にする
SuddenCannotSeeName,Can't See Other Name,他人の名前が見えない
SuddenDeathTimeLimit,Nomal Time TimeList,リアクターが発動するまでの時間
SuddenDeathReactortime,Reactor TimeLimit,リアクター制限時間
SuddenPlayerArrow,Notice Arrow,位置情報を矢印で受け取る
SuddenArrowSendTime,Notice Arrow Time,位置情報共有までの時間
SuddenArrowSenddis,Arrow update interval,位置情報更新間隔
SuddenRemainingPlayerCount,Can See Alive PlayerCount,残り人数が見える
SuddenCanSeeKillflash,Can See KillFlash,誰かが死亡した時キルフラッシュが見える
SuddenKillcooltime,First KillCooldown,スポーン後のキルクールダウン
SuddenfinishTaskWin,Can't Kill Role Finish Task Win,タスク完了で勝利する
SuddenTeam,Team Mode,チーム戦にする
SuddenTeamYellow,Team Yellow,黄チームを有効にする
SuddenTeamGreen,Team Green,緑チームを有効にする
SuddenTeamPurple,Team Purple,紫チームを有効にする
SuddenTeamOption,Lobby position set team,ロビー内の位置でチーム分けをする
SuddenTeamMax,One Team Max Player (IsRandom),1チームの最大人数(ランダムの場合)
SuddenTeamRole,Team Set Role,チームごとに役職を分ける
SuddenRedTeamRole,Red Team Role,赤チームの役職
SuddenBlueTeamRole,Blue Team Role,青チームの役職
SuddenYellowTeamRole,Yellow Team Role,黄チームの役職
SuddenGreenTeamRole,Green Team Role,緑チームの役職
SuddenPurpleTeamRole,Purple Team Role,紫チームの役職
SuddenDeathRed,Team Red,赤チーム勝利
SuddenDeathBlue,Team Blue,青チーム勝利
SuddenDeathYellow,Team Yellow,黄チーム勝利
SuddenDeathGreen,Team Green,緑チーム勝利
SuddenDeathPurple,Team Purple,紫チーム勝利

SuddendeathLobbyError,"<size=120%><u><#ff1919>! Someone is not on the team! </color></u></size><size=80%>Color the name (★ mark) in the lobby! <#c61111>Left bottom</color>, <#132ed2>Middle bottom</color>, <#f6f657>Right bottom</color>, <#11802d>Right top</color>, <#6b2fbc> in <color>n<color><#6b2fbc> lobby top left</color>, you can belong to a team!",<size=120%><u><#ff1919>！チームに所属していない人がいます！</color></u></size>\n<size=80%>ロビーの名前(★マーク)に色をつけてネ！\n\nロビー内の<#c61111>左下</color>、<#132ed2>真ん中下</color>、<#f6f657>右下</color>、<#11802d>右上</color>、<#6b2fbc>左上</color>のいずれかにいるとチームに所属できます

## モード説明
HideAndSeekInfo,Hide and Seek:\nNo emergency meetings. Crewmates (Blue) can only win by finishing tasks\nand impostors (Red) can only win by killing all crewmates.,<size=120%><#e478ff>かくれんぼ:</color><size=60%>\n会議を開くことはできず、クルーはタスク完了、インポスターは全クルー殺害でのみ勝利することができる。\nインポスターは赤、クルーは青に体の色が変更される。,躲猫猫:\n不能开会；船员只能通过完成任务获得胜利；\n内鬼需要杀死所有船员来获得胜利；\n内鬼的皮肤颜色将变为红色，船员变为蓝色，以示区分。,躲貓貓:\n不能拍桌或舉報，船員只能做任務\n偽裝者的勝利條件為殺光所有船員\n狼人的顏色會轉變為紅色，船員則會變為藍色。,"Прятки:\nНикто не может созвать срочное собрание, Члены Экипажа могут победить, только выполняя задания. \nПредатели меняют цвет тела на красный, а экипажи на синий.","Esconde-Esconde:\nNão há reuniões de emergência. Tripulantes (Azul) podem ganhar apenas ao completar todas as tarefas,\ne Impostores (Vermelho) ganham apenas quando matarem todos os tripulantes.",
StandardHASInfo,Hide and Seek with Roles:\nNo emergency meetings. Crewmates can only win by finishing tasks and impostors can only win by killing all crewmates.,<size=120%><#00ff00>役職入りでかくれんぼ:</color><size=60%>\n会議を開くことはできず、クルーはタスク完了、インポスターは全クルー殺害でのみ勝利することができる。,躲猫猫（模组）:\n没有会议阶段；船员只能完成任务；\n内鬼需要杀死所有船员来获得胜利。,躲貓貓(附加普通模式職業):\n不能拍桌或舉報，船員只能做任務\n偽裝者的勝利條件為殺光所有船員\n偽裝者的顏色會轉變為紅色，船員則會變為藍色。,"Прятки с Ролями:\nНикто не может созвать срочное собрание, Члены Экипажа могут победить, только выполнив задания, А Предатели могут победить, только убив всех Членов Экипажа.","Esconde-Esconde com Classes:\nNão há reuniões de emergência. Tripulantes podem ganhar apenas ao completar todas as tarefas, e Impostores ganham apenas quando matarem todos os tripulantes.",
NoGameEndInfo,No Game End:\nA mode for debugging with no victory. The only way to end the game is to have the host SHIFT+L+ENTER.,<#ff1919><size=120%>ゲームを終了しない</color><size=60%>\n勝利判定が存在しないデバッグ用のモード。ホストのSHIFT+L+ENTER以外でのゲーム終了ができない。,测试模式:\n本模式用于进行测试。本模式没有游戏结束判定，房主按下shift+L+enter可以结束游戏。,"遊戲不會結束模式:\n該模式僅限用來測試,這裡沒有勝利條件\n該模式無法通過正常勝利條件結束,僅能讓房主使用SHIFT+L+ENTER或指令/dis來結束遊戲。","Игра Не Закаончится:\nРежим отладки, в котором нет основы для выигрыша.\nИгра не может быть завершена, если Хосту не использует команду в лобби SHIFT+L+ENTER.","Jogo Sem Fim:\nUm modo para testes, sem vitória. A única forma de finalizar o jogo é o anfitrião usar SHIFT+L+ENTER.",
SyncButtonModeInfo,Sync Button Mode:\nA mode where all players share the total buttons available.,<#33ff99><size=120%>ボタン回数同期モード:</color><size=60%>\nプレイヤー全員のボタン回数が同期されているモード。(設定有),所有船员共享会议次数:\n游戏中存在全员共有的最大紧急会议次数。(可以进行设置),全場拍桌數同步模式:\n該模式會讓全場玩家的拍桌數同步。(可以設定拍桌數),"Синхронизация Кнопки:\nЭтот режим ограничивает максимальное количество срочных собраний, которые можно созвать в целом. (в настройках)",Modo de Botão Sincronizado:\nUm modo em que os jogadores dividem o número total de botões disponíveis. (configurável),
SabotageActivetimerControlInfo,Sabotage Duration Control:\nCan alter the duration of certain sabotages.,<size=120%><#990000>サボタージュの時間制御:</color><size=60%>\n一部サボタージュの制限時間を変更することができる。(設定有),破坏调整:\n可以调整一部分破坏的限制时间。(可以进行设置),控制緊急任務時間:\n該模式可以讓某些地圖的破壞時間重新設定。 (可以設定),Изменить Время Саботажа:\nВозможность изменить время саботажа реактора. (в настройках),Controle de Duração da Sabotagem:\nPode alterar a duração de algumas sabotagens. (configurável),
RandomMapsModeInfo,Random Maps Mode:\nA mode in which the map changes randomly.,<size=120%><#ffcc66>ランダムマップモード:</color><size=60%>\nランダムにマップが変わるモード。(設定有),随机地图:\n随机选择地图游玩的模式。(可以进行设置),隨機地圖模式:\n該模式會隨機挑選地圖。 (可以設定),Случайная Карта:\nРежим в котором карты случайным образом меняются в каждой игре. (в настройках),Modo de Mapas Aleatórios:\nUm modo em que o mapa muda aleatoriamente a cada partida. (configurável),
DisableDevicesInfo,DisableDevices:\nVarious devices can be disabled.,<#00ff99><size=120%>デバイスを無効化:</color><size=60%>\n各種機器を無効化することができる。,禁用设备:\n可以禁用各种设备。,禁用設備:\n可以禁用各種設備。,Отключенные Устройства:\nРазличные устройства могут быть отключены,Desativar Dispositivos:\nDiversos dispositivos podem ser desativados.,
InsiderModeInfo,InsiderMode:\nImpostor Know AllPlayer Roles,<size=120%><#ff1919>インサイダーモード:</color><size=60%>\nインポスターが全プレイヤーの役職を知ることができるモード。(設定有)
SuddenDeathInfo,SuddenDeathMode:\nGameEnd is AllPlayer Die.,<size=120%><#ff9966>サドンデスモード:</color><size=60%>\nゲーム終了条件が生存者の数が1以下になる。最後まで生き残った人の勝利。\n設定によっては全員同じ役職などスタンダードではできない配役も出来る。

## 詳細設定
Cooldown,Cooldown,クールダウン,冷却时间,冷卻時間,Откат,Tempo de Recarga,
KillCooldown,Kill Cooldown,キルクール,击杀冷却时间,殺人冷卻時間,Откат убийства,Tempo de Recarga (abate),
CanVent,Can Vent,ベントを使える,可以使用通风管道,可以使用通風口,Может использовать Вентиляцию,Pode Usar Dutos,
ImpostorVision,Impostor Vision,インポスター視界,拥有内鬼视野,擁有偽裝者的視野,Имеет дальность Обзора Предателя,Visão (Impostor),
CanUseSabotage,Can Sabotage,サボタージュを使用できる,可以破坏,可以破壞,Может использовать Саботаж,Pode Sabotar,
CanCreateSideKick,Can Make SideKick,サイドキックを作成できる,可以指名叛徒,可以招募叛徒,Он может назначить Безумцев,Pode Criar Tripulante Louco Ajudante,
DoubleTriggerThreashould,Double Trigger Threashould,ダブルトリガー閾値
KillAnimation,Teleport on kill,キル時にテレポートする
Duration,Duration,シェイプ持続時間
PlayShapeAnimate,play animate,アニメーションを再生する
cantaskcount,TaskCount,能力を発揮するタスク数
MeetingMaxTime,One meeting Times,1会議での能力使用可能回数
TaskAwakening,Unaware until certain tasks are completed,一定タスクを完了させるまで自覚できない
AwakeningTaskcount,Number of tasks to become self-aware,自覚可能になるタスク数
AbilityAwakening,Unaware of ability until it becomes available,能力使用可能になるまで自覚できない
CanUseActiveComms,Can Use Ability in Comms,通信妨害中でも能力が発揮される
VentCooldown,VentCooldown,ベントクールダウン
AddGuardCount,Number of times you can guard,ガード可能回数
OptionCount,Maximum,能力使用可能回数
DefaultShapeshiftCooldown,Default Shapeshift Cooldown,デフォルトの変身クールダウン,默认变形冷却时间,預設變身時間,Обычная перезарядка Оборотня,Tempo de Recarga Padrão (Mutar),
DefaultShapeshiftDuration,Default Shapeshift Duration,デフォルトの変身持続時間
DefaultEngineerCooldown,Default EngineerCooldown,デフォルトのエンジニアクールダウン
DefaultEngineerInVentMaxTime,Default EngineerInVentMaxtime,デフォルトのベント内での最大時間
doOverride,Override %role%'s Tasks,%role%のタスクを上書きする,特别设置%role%的任务数,特別設定%role%的任務,Изменить задания у %role%,Ignorar Tarefas de %role% (Mínimo1),
roleCommonTasksNum,%role% Common Tasks,%role%の通常タスクの数,%role%的普通任务数,%role%有普通任務,%role% имеет общие задания,Dar Tarefas Comuns a %role%,
roleLongTasksNum,%role% Long Tasks,%role%のロングタスクの数,%role%的长任务数,%role%的長任務數量,%role% долгие задания,Dar Tarefas Longas a %role%,
roleShortTasksNum,%role% Short Tasks,%role%のショートタスクの数,%role%的短任务数,%role%的短任務數量,%role% короткие задания,Dar Tarefas Curtas a %role%,
Killdistance,%role% Killdistance,%role%のキルディスタンス
KillRenge,Killdistance,キルディスタンス
KDShort,Short,ショート
KDMidium,Midium,ミドル
KDLong,Long,ロング
ChKilldis,Not Kill Role Chenge Killdistance,キル不可役職のキル範囲を変更する
TellerCanSeeRolename,Check results during task turn,名前の上に結果を残す
TellRole,"Tell the role, not the team",陣営ではなく役職を占う
OptionSetKillcooldown,Used Reset Killcool,能力使用後、キルクールをリセットする
TaskTrigger,Tasks Until Boost Activated,効果を発動するタスク数,,,Количество задач повышающие скорость,Tarefas Para Ativar Impulso,
AssignMode,Assign Algorithm Mode,アサインモード,分配算法,,Алгоритм назначения,Atribuir Modo do Algorítimo,
AssignAlgorithm.Fixed,Fixed,固定,固定,,Фиксированный,Fixo,
AssignAlgorithm.Random,Random,ランダム,随机,,Случайный,Aleatório,
RoleTypeMin,Minimum %roleType% Roles,%roleType%役職の最小人数,%roleType%职业的最小人数,,Минимум ролей для %roleType% ,Mínimo de Classes %roleType%,
RoleTypeMax,Maximum %roleType% Roles,%roleType%役職の最大人数,%roleType%职业的最大人数,,Максимум ролей для %roleType%,Máximo de Classes %roleType%,
%roleTypes%Maximum,Max Players In %roleTypes%,%roleTypes%の最大アサイン数,%roleTypes%最大玩家数,,Максимум для %roleTypes%,Máximo de Jogadores em %roleTypes%,
In%team%,(Team %team%),(%team%陣営),(%team%阵营),(%team%陣營),(Команда %team%),(Time %team%),
FixedRole,Fixed Role,アサインフィルターの設定,固定职业,,Фиксированная Роль,Classe Fixa,
Role,Role,役職,职业,,Роль,Classe,
AssingroleType,Assing %roletype%,%roletype%にアサインする

## Impostor Role Setting
AlienFirstAbility,Firse Turn Have Ability,初手ターンから能力を持っている
AlienHideAbility,Known mode task turn.,現在の能力がタスクターン中も分かる
AlienCVampire,<#ff1919>Vampire</color>.,<#ff1919>ヴァンパイア</color>になる確率
AlienCEvilHacker,<#ff1919>Evil Hacker</color>.,<#ff1919>イビルハッカー</color>になる確率
AlienCLimiter,<#ff1919> Limiter</color>,<#ff1919>リミッター</color>になる確率
AlienCPuppeteer,<#ff1919>Puppeteer</color>,<#ff1919>パペッティア</color>になる確率
AlienCNomal,<#b8d200>Nomal</color>,<#b8d200>ノーマル</color>状態になる確率
AlienCRemoteKiller,<#8f00ce> RemoteKiller</color>,<#8f00ce>リモートキラー</color>になる確率
AlienCStealth,<#ff1919> Stealth</color>,<#ff1919>ステルス</color>になる確率
AlienCNotifier,<#ff1919> Notifier</color>,<#ff1919>ノーティファー</color>になる確率
AlienCTimeThief,<#ff1919>TimeThief</color>,<#ff1919>タイムシーフ</color>になる確率
AlienCTairo,<#ff1919>BossWolf</color>,<#ff1919>大狼</color>になる確率
AlienCMole,<#ff1919>Mole</color>,<#ff1919>モグラ</color>になる確率
AlienCMayor,<#204d42>Mayor</color>,<#204d42>メイヤー</color>になる確率
AlienCProgressKiller,<#ff1919>ProgressKiller</color>,<#ff1919>プログレスキラー</color>になる確率
AlienCNekokabocha,<#ff1919>Nekokabocha</color>,<#ff1919>ネコカボチャ</color>になる確率
AlienCInsider,<#ff1919>Insider</color>,<#ff1919>インサイダー</color>になる確率
AlienCPenguin,<#ff1919>Penguin</color>,<#ff1919>ペンギン</color>になる確率
AlienCComebacker,<#ff9966>Comebacker</color>,<#ff9966>カムバッカー</color>になる確率
AlienUetuke,Have Planting,植え付け能力を持つ
AlienUetukeCount,Max Planting,植え付けれる回数
AlienUetukeTrun,Remove PlantingTarn,植え付けが解除されるターン数
BountyTargetChangeTime,Time Until Target Swaps,ターゲット変更時間,赏金目标切换时间,賞金目標切換時間,Время смены цели,Tempo Para Troca de Alvos,
BountySuccessKillCooldown,Kill Cooldown After Killing Bounty,ターゲット殺害時のキルクール,赏金猎人击杀赏金目标的奖励冷却时间,賞金獵人殺死賞金目標冷卻,Перезарядка после убийства цели,Tempo de Recarga ao Matar Alvo,
BountyFailureKillCooldown,Kill Cooldown After Killing Others,ターゲット以外殺害時のキルクール,赏金猎人击杀赏金目标以外玩家的惩罚冷却时间,賞金獵人殺死非賞金目標冷卻,Перезарядка после обычного Убийства,Tempo de Recarga ao Matar Outros,
BountyShowTargetArrow,Show Arrow Pointing To Target,ターゲットへの矢印を表示する,赏金猎人的目标以箭头显示位置,賞金獵人獲得指向目標的箭頭,Показывать стрелку указывающую на Цель,Mostrar Seta Apontando ao Alvo,
VampireKillDelay,Kill Delay,殺害までの時間(秒),吸血目标延迟死亡时间,殺人延遲,Длительность укуса(Секунды),Atraso do Abate (S),
VampireSpeedDown,Target Speeddown,噛んだ相手の移動速度が低下する
VampireSpeedDownCount,Speed Down Time,発動するまでの時間
WitchModeSwitchAction,Mode Switch Action,モード変更アクション,切换击杀模式,切換模式操作,Действие для Смены Режима,Trocar de Modo,
TriggerKill,Kill,キル,击杀,殺人鍵,Убийство,Matar,
TriggerVent,Vent,ベント,通风管,通風口,Вентиляция,Duto,
TriggerDouble,Double Click,ダブルクリック,双击,同時觸發兩個技能冷卻,Двойное нажатие,Duplo Clique,
OnPhantom,Ability Mode Chenge Mode,ワンクリックでモード変更
WitchOcButton,Shapeshift Button,ワンクリックボタンでスペル付与
MafiaCanKillImpostorCount,can kill impostor count,キル可能になるインポスター生存数
MafiaCanKillDay,can kill day,キル可能になる経過日数
MareAddSpeedInLightsOut,Add Mare Speed With Lights Out,停電時のメアーの加速値,梦魇熄灯时的额外速度,關燈時黑暗博士的額外速度,Скорость Ночного при Саботаже Света,Velocidade Adicional do Mare em Apagão,
MareKillCooldownInLightsOut,Kill Cooldown During Fix Lights,停電時のメアーのキルクール,梦魇熄灯时的击杀冷却,關燈時黑暗博士的殺人冷卻,Откат убийства Ночного при Саботаже Света,Tempo de Recarga (abate) Durante Apagão,
MareCanSeeNameColor,Electrical NameColor Red,停電時に名前が赤くなる
MareAllCanKill,Alltime cankill,常にキルできる
MareDarkKilldistance,Electrical Killdistance,停電時のキルディスタンス
PuppeteerPuppetCool,puppet enable time,パペット有効化までの時間
SerialKillerLimit,Time Until Suicide,自殺までの秒数,嗜血杀手自杀倒计时,連環殺手自殺倒數,Лимит времени до Самоубийства,Tempo Para Suicídio,
ShapeMasterShapeshiftDuration,Shapeshift Duration,シェイプマスターの変身持続時間,千面鬼变形持续时间,變形大師變形持續時間,Продолжительность морфа,Duração da Mutação,
FireWorksMaxCount,Fireworks Count,花火の所持数,烟花商人可放置烟花的最大数量,煙火工匠可設定煙火最大數量,Максимальное количество фейерверков,Número de Fogos de Artifício,
FireWorksRadius,Firework BomberExplosion Radius,花火の爆発半径,烟花商人烟花爆炸半径,煙火工匠的煙火爆炸半徑,Радиус фейерверка,Alcance da Explosão,
FireWorksCanKillAlways,Can Kill always,常にキルできる
FireWorksPaaaaaanCoolDown,booooooooon cooldown,打ち上げる時のクールダウン
SniperBulletCount,Ammo,所持弾数,最大子弹数量,子彈最大數量,Количество пуль,Balas,
SniperPrecisionShooting,Precision Firing,精密射撃モード,精准射击模式,精準射擊模式,Точный выстрел,Tiro Com Precisão,
SniperAimAssist,Aim Assist,エイムアシスト,瞄准辅助,瞄準輔助,Помощь в прицеливании,Assistência de Mira,
SniperAimAssistOneshot,One shot Assist,単発アシスト,一枪爆头辅助,單發瞄準,Помощь только с одним выстрелом,Assistência de One Shot,
SniperCanKill,Always Can Kill,弾丸所持中に通常キルできる
SniperCanShapeshift,after Shapeshift,弾丸を全て消費後に変身できる
SniperShowArrowTime,Snipe position see time,スナイプ位置の表示時間
SniperFriendlyFire,FriendlyFire,フレンドリーファイアを有効にする
TimeThiefDecreaseMeetingTime,Time Thief Time Stolen,減少する会議時間,蚀时者每次击杀缩短的会议时间,時間小偷每次殺人減少的會議時間,Уменьшить длительность обсуждения на,Tempo Roubado de Reunião,
TimeThiefReturnStolenTimeUponDeath,Return Stolen Time After Death,死亡後に盗んだ時間を返す,蚀时者死亡后会议时间重置,時間小偷死亡後將會議時間重設,Вернуть украденное время после его смерти,Devolver Tempo Roubado ao Morrer,
EvilTrackerCanSeeKillFlash,Can See ''Kill Flash'',インポスターキル時にフラッシュが見える,内鬼进行击杀时邪恶的追踪者可见击杀闪光,當狼人隊友殺人時邪惡的追蹤者可以看到閃光,Может видеть ''Вспышку Убийства'',"Pode Ver ""Clarão"" Quando Impostor Matar",
EvilTrackerTargetMode,Can Set Target,ターゲットの設定タイミング,目标更换时点,可以更換目標,Может установить цель,Pode Definir Alvos,
EvilTrackerTargetMode.Never,Never,なし,不更换,關閉,Никогда,Nunca,
EvilTrackerTargetMode.OnceInGame,Once In Game,試合毎,每局游戏一次,每局遊戲一次,В каждой игре,Uma Vez no Jogo,
EvilTrackerTargetMode.EveryMeeting,Every Meeting,ターン毎,每次会议,每回合,На каждой встрече,Toda Reunião,
EvilTrackerTargetMode.Always,Always,常時,一直,隨時,Всегда,Sempre,
EvilTrackerCanSeeLastRoomInMeeting,Can See Target's Last Room In Meeting,会議中、追跡対象の最終位置を表示する,可以在会议时知晓追踪目标的最后停留房间,可以在會議中看到目標最後位置,Может видеть местоположение Целей во время Собрания,Pode Ver a Última Posição do Alvo na Reunião,
EvilHackerCanSeeDistance,Can See Target Distance,ターゲットまでの距離を表示する
BomberKillDelay,Time in BomberExplosion,爆発までの時間
BomberExplosion,Bomb,爆弾所持数
TeleportKillerFall,Enable self-destruct,自爆を有効にする
TeleportKillerVentgaaa,Self-destructs if target is in vent,ターゲットがベント時に自爆する
TeleportKillerPlatformFall,Killed by falling from a lift while teleporting,ターゲットがリフト使用時に落下死する
TeleportKillerLadderFall,Falls to death from a ladder after teleporting,ターゲットが梯子使用時に落下死する
TeleportKillerDokkaaaan,Self-destructs if the opponent is already dead,ターゲットが既に死んでいると自爆する
TeleportKillerMaximum,Number of times you can teleport,テレポートできる回数
TeleportKillerKillCooldownReset,Also resets kill cooldown after teleporting,テレポート後、キルクールをリセットする
TeleportKillerChangeDeathReason,ChangeDeathReason,テレポートキル時の死因を変更する
AntiReporterMaximum,use ability count,<#ff1919>レポートボタン</color>を壊せる回数
AntiReporterResetMeeting,Reset after meeting,会議後に効果がリセットされる
AntiReporterResetse,Effect time,会議を開けない時間
MagicianMaximum,max count,マジック可能回数
MagicianShowDeadbody,magic die see meeting,マジックで消された人を会議で表示する
MagicianMagicUseKillCount,magic use kill count,マジック発動に必要なキル数
MagicianResetKillCount,after meeting reset kill count,会議後、キルカウントをリセットする
MagicianResetMagicTarget,after meeting magic target,会議後、マジック対象をリセットする
MagicianMeetingMark,Mark magic targets during meetings,会議中全員からマジック対象が見える
MagicianRadius,magic distance,マジックの範囲
StealthExcludeImpostors,Exclude Impostors From Blindness,暗転効果の対象からインポスターを除外する,,,Исключить Предателей из слепоты,Excluir Impostores da Cegueira,
StealthDarkenDuration,Blindness Duration,暗転の持続時間,,,Длительность слепоты,Duração da Cegueira,
StealthAddDarkenRoom,Ability button Add Darken Room,ワンクリックで暗転部屋を追加できる
StateAddRoomMax,Max Darken Room,同時に暗転させられる部屋数
NekoKabochaImpostorsGetRevenged,Impostors Get Revenged,<#ff1919>インポスター</color>を道連れにする,,,Предатели могут мстить,Impostores São Vingados,
NekoKabochaMadmatesGetRevenged,Madmates Get Revenged,<#ff7f50>マッドメイト</color>を道連れにする,,,Безумцы могут мстить,Tripulantes Loucos São Vingados,
NekoKabochaNeutralsGetRevenged,Neutrals Get Revenged,<#808080>ニュートラル</color>を道連れにする
NekoKabochaRevengeOnExile,Revenge When Exiled,追放された時に誰かを道連れにする,,,Месть во время изгнания,Vinagança Quando Exilado,
EvilHackerCanSeeDeadMark,Can See The Location of Dead-bodies,死体位置がわかる,,,Может видеть местоположение трупов,Pode Ver Local dos Corpos,
EvilHackerCanSeeImpostorMark,Can See The Location of Other Impostors,他のインポスターの位置がわかる,,,Может видеть местоположение других Предателей,Pode Ver o Local de Outros Impostores,
EvilHackerCanSeeKillFlash,Can See ''Kill Flash'',インポスターキル時にフラッシュが見える,,,Может видеть ''Вспышку Убийства'',"Pode Ver ""Clarão"" Quando Impostor Matar",
EvilHackerCanSeeMurderRoom,Can See The Murder Location,キルの発生場所がわかる,,,Может увидеть место убийства,Pode Ver Localidade do Assassinato,
EvilHackerShapeshiftAdmin,TaskTurn Cansee Addmin,シェイプシフト画面でアドミン情報を確認できる
PenguinAbductTimerLimit,Dragging Time,引き摺れる時間,,,Время перетаскивания,Tempo Para Arrastar,
PenguinMeetingKill,Kill If Meeting Starts During Dragging,会議開始時に引き摺り中ならキルする,,,Убить если встреча начнется во время перетаскивания,Matar Se Reunião Começar Enquanto Arrasta,
InsiderCanSeeImpostorAbilities,Can See Impostor Abilities,味方インポスターの能力が分かる,,,Может видеть роли других Предателей,Pode Ver Habilidades de Impostor,
InsiderCanSeeAllGhostsRoles,Can See All Ghost's Roles,幽霊全員の役職が分かる,,,Может видеть все роли Призраков,Pode Ver Todas As Classes dos Fantasmas,
InsiderCanSeeMadmates,Can See Madmates,マッドメイトが分かる,,,Может видеть Безумцев,Pode Ver Tripulantes Loucos,
InsiderKillCountToSeeMadmates,Kill Count To See Madmates,必要なキル数,,,Количество убийств при котором будет виден Безумец,Quantas Kills Para Ver Tripulante Louco,
InsiderSetCanSeeRoles,is SeeRoleSet,視認できる役職を指定する
InsiderCanSeeRoles,SetRole,視認できる役職
TairoDeathReason,ChangeDeathReason,シェリフ誤爆の死因を返り打ちにする
TairouNotify,Alive Message,生存時の専用メッセージ表示させる
Evillgamblergamblecollect,SuccessRate,ギャンブルの成功率
EvillgamblercollectkillCooldown,SuccessKillCooldown,成功時のキルクール
EvillgamblernotcollectkillCooldown,FailureKillCooldown,失敗時のキルクール
NotifierProbability,Rect,フラッシュが発生する確率
SpeedStarSpeed,Speed,スピード
EvilTellerTellTime,Tell Must Time,占いに必要な時間
EvilTellerDistance,Tell Distance,占いに必要な範囲
EvilTellertellrole,can see Target Chenge role,対象の役職が変更されても分かる
EvilTellerCanTellCount,Can Tell time,占い可能回数
ConnectSaverTageKillCooldown,use ability killcooldown,能力使用ターンのキルクール
ConnectSaverPlayerCount,use abilities alive player count,能力発動に必要な生存人数
ConnectSaverDeathReason,deathreason,キルしてない方の死因
LimiterTurnLimit,Limit Turn,自爆モードになるまでの日数
LimiterLastTurnKillCool,limit cooldown,自爆クール
LimiterTimeLimit,limitmode time,自爆モードまでの時間
LimiterKillLimit,limitmode killcount,自爆モードになるキル数
LimiterLimitMeeting,limitmode CallMeeting Not Bom,自爆モード中に会議が発生しても自爆しない
ProgressKillerMadseen,Can see Task completed MadMate,タスクを終えたマッドメイト系役職が分かる
ProgressWorkhorseseen,Can see Workhorse,ワークホースのプレイヤーが分かる
DecrescendoDecKillCount,Number of kills where weakening begins,弱化が始まるキル数
DecrescendoMaxKillcooldown,max killcooldown,キルクールの最大値
DecrescendoKillCoolx,killcooldown rate,キルクールの倍率
DecrescendoDecVision,remove vision,視界を減少させる
DecrescendoVisionx,vison rate,視界減少の倍率
DecrescendoMinVision,min vison,視界の最小値
DecrescendoCanUseVent,can use vent,弱化時にベントを使える
ReloaderKillCooldown,reload Killcool,リロード時のキルクール
ReloaderCount,maxtime,リロード可能回数
JumperJumpcount,Jumpcount,着地の経由回数
JumperOneCoolTime,Jumppos cool,目的地指定クールダウン
JumperCCoolTime,Jump cooldown,ジャンプクールダウン
JumperJumpDis,Jump time,ジャンプの間隔
JumperDistance,JumpDooon Distance,爆破範囲
EarnestWolfOverKillCount,max overkill,オーバーキル可能回数
EarnestWolfOverBairitu,overkill add killcooldown,オーバーキル時のキルクール増加率
EarnestWolfNomalKllDistance,nomal Killdistance,通常時のキルディスタンス
EarnestWolfOverKillDistance,overkill Killdistance,オーバーキルモードのキルディスタンス
EarnestWolfOverKillDontKillM,OverKill Not KillMotion,オーバーキルモード中、キルモーションを表示しない
EarnestWolfOverKillCantReport,OverKill Cant Report,オーバーキルでキルされると死体通報ができない
blastrange,BomberExplosion Range,爆発範囲
AmnesiacCantKillImpostor,Can't Kill Impostor,インポスターをキルできない
AmnesiacMatchSettingstoSheriff,Option Role,設定を思い込んでいる役職に合わせる
AmnesiacRealize,Can Realize,思い出すことができる
AmnesiacImpNeedtoKill,Realize Impostor Kill,インポスターを切ると思い出せる
AmnesiacNeedtoKill,Realize Kill,キルすると思い出せる
AmnesiacKillsRequired,Realize Must KillCount,思い出すのに必要なキル数
AmnesiacNeedtoLastImpostor,Realize LastImposter,ラストインポスター時に思い出す
AmnesiacCanUseVent,Can Use Vent After Realize,思い出すとベントが入れるようになる
AmnesiacCanUseSabotage,Can Use Sabotage After Realize,思い出すとサボタージュを起こせるようになる
AmnesiacIsWolfboy,Mode<#727171>WolfBoy</color>,<#727171>狼少年</color>だと思い込む
EvilSatelliteRandom,Shuffle Room,経路をランダムに表示する
CurserCurseKillCooldown,Target Killed Killcool,ターゲット切った時のキルクール
CurserCurseCount,AbilityTime,呪える回数
ProBowlerMaxUseCount,Max Use,穴を掘れる最大数
ProBowlerBowling,Bowling Animate,穴に向かって転がる
ProBowlerDeathReasonIsFall,DeathReason `Fall`,死因を転落死にする
EraserDelTimingAfterMeeting,Delete role AfterMeeing,役職削除を会議後にする
EraserCanDelCrewmate,Can Use<#8cffff>Crewmate</color>,<#8cffff>クルーメイト</color>に役職削除できる
EraserCanDelSheriffRole,Can Use<#f8cd46>Sheriff</color>,<#f8cd46>シェリフ系役職</color>に役職削除できる
EraserCanDelMadmate,Can Use<#ff7f50>Madmate</color>,<#ff7f50>マッドメイト</color>に役職削除できる
EraserCanDelNeutral,Can Use<#cccccc>Neutral</color>,<#cccccc>ニュートラル</color>に役職削除できる
EraserCanDelAddon,Can Delete Addon,相手の属性も削除する
QuickKillerCanuseplayercount,Quickmode Must playercount,クイックモードに必要な生存人数
QuickKillerTimer,QuickTime,クイックモードの効果時間
BorderKillerMissionKillcount,Mission KillCount,目標人数
BalloonerMinBoomDis,MinBoomDis,最小爆破範囲
BalloonerMaxBoomDis,MaxBoomDis,最大爆破範囲
BalloonerChargeWalk,Charge WalkStep,膨らむのに必要な移動距離
BalloonerChargeStep,Charge Step,加算される爆破範囲
BalloonerSuicide,Used Suicide,使用後自殺する
BalloonerAfterMeetingRemoveCharge,AfterMeeting Remove,会議後、減算される爆破範囲
BalloonerTargetImpostor,Target Impostor,インポスターを巻き込む
ShapeKillerCanDeadReport,Can Dead Reported,死者での偽装通報ができる
CharismaStarGatherCooldown,Gather Cooldown(>= Kill Cooldown),集合能力のクールダウン(>=キルクール)
CharismaStarGatherMaxCount,Gather Max Count,集合能力の使用回数,
CharismaStarNotGatherPlayerKill,Not Gather Player Kill,集合出来ないプレイヤーは自爆する,
CharismaStarCanAllPlayerGather,Can All Player Gather,全員を一気に集合できる
AssasinCanCallMeetingKill,Can Call Meeting Kill,追放以外でもアサシン会議を起こす
AssasinHasOtherRole,Has Other Role,他の役職の能力も持つ
AssassinHaveRole,Role,併せ持つ役職
AssassinMeetingTime,AssassinMeetingTime,アサシン会議の会議時間
ArcherLostArrowtimer,Arrow Active time,矢が消失するまでの時間
ArcherMyArrow,Tp Arrow,矢と一緒に飛ぶ
ArcherCanNomalKill,Can Use Kill. Has Arrow,矢を所持した状態でキルが行える
ArcherArrowTime,Have Arrow,矢の所持数
ArcherArrowSpeed,Arrow Speed,矢の速度
EvilBlenderSabotageLimittime,Sabotage limit,窒息死するまでの時間

## MadMate Role Setting
MadmateOption,MadMate Options,マッドメイト系役職の設定
MadmateCanFixLightsOut,Can Fix Lights,停電を直せる,叛徒系职业可以修理照明破坏,叛徒職業的玩家可以修理電燈,Безумцы могут чинить Свет,Loucos Podem Consertar Luzes,
MadmateCanFixComms,Can Fix Comms,通信妨害を直せる,叛徒系职业可以修理通讯,叛徒職業的玩家可以修理通訊,Безумцы могут чинить Связь,Loucos Podem Consertar Comunicações,
MadmateHasLighting,Have Impostor Vision,インポスター視界を持つ,叛徒系职业拥有内鬼视野,叛徒職業的玩家有跟偽裝者一樣的視野,Безумцы имеют дальность Обзора Предателя,Loucos Têm Visão de Impostor,
MadmateHasMoon,Ignore Fix Lights effect,停電を無効化する,不受熄灯影响,視野不受關燈影響,Не зависит от перебоев в подаче электроэнергии,Ignorar Efeitos do Apagão,
MadmateCanSeeKillFlash,Can See ''Kill Flash'',キルフラッシュが見える,叛徒系职业可以看到击杀闪光,叛徒職業的玩家可以看到殺人閃光,Безумцы могут видеть Вспышку Убийства,"Loucos Podem Ver ""Clarão de Abate""",
MadmateCanSeeOtherVotes,Can See Votes,他人の投票先が分かる,叛徒系职业可以看到其他人所投的票,叛徒可以看到所有人的投票,Безумцы могут видеть цвета Голосов,Loucos Podem Ver Votos,
MadmateCanSeeDeathReason,Can See Cause Of Death,死因が分かる,叛徒系职业可以看见死因,叛徒職業的玩家可以看到死因,Безумцы могут видеть Причины Смерти,Loucos Podem Ver Causa da Morte,
MadmateExileCrewmate,Revenge A Crewmate When Exiled,追放時クルーを道連れにする,"叛徒系职业在被放逐时复仇, 带走一名船员垫背",叛徒被丟出時會隨機拖一個船員一起下水,Безумцы сохраняют команду при изгнании,Loucos Vingam um Tripulante Quando Exilados,
MadmateCanSeeImpostor,Impostor NameColor is red,マッド視点インポスターの名前が赤くなる
MadmateTellOption,Tell Option,占い結果を変更する
MadmateVentCooldown,Vent Cooldown,ベントクールダウン,叛徒系职业跳管道冷却时间,叛徒職業的玩家跳管道冷卻,Откат вентиляции Безумцев,Tempo de Recarga de Dutos dos Loucos,
MadmateVentMaxTime,Max Vent Duration,ベント内での最大時間,叛徒系职业在管道中停留的最大时间,叛徒職業的玩家在管道中可以停留的最大時間,Время использования вентиляции Безумцев,Tempo Máximo de Loucos nos Dutos,
MadmateCanMovedByVent,Can be moved by vent,ベント移動ができる
SkMadCanUseVent,sidekickmadmate can use vent,ベントを使える
CanMakeMadmateCount,Sidekick Madmate Max Count,サイドキックマッドメイト,变形者可以招募叛徒的数量,變形者招募叛徒最大人數,Максимум союзников Безумца,Máximo de Tripulantes Loucos Ajudantes,
MadSnitchTasks,Mad Snitch Tasks,マッドスニッチのタスク数,背叛的告密者任务数,背叛告密者任務數量,Задания Безумного Стукача,Tarefas do Dedo-Duro Louco,
MadSnitchCanAlsoBeExposedToImpostor,Known to Impostors,インポスターからも視認できる,对内鬼同样可见,對偽裝者同樣可見,Также не защищен от Предателей,Visível Para Impostor,
MadGuardianCanSeeWhoTriedToKill,Can See Attempted Murderer,自身の殺害未遂者を知ることができる,背叛的守卫可以得知尝试对其击杀的玩家,背叛天使可以看到是誰嘗試殺害自己,Может видеть кто пытался его убить,Pode Ver Quem Tentou Matar,
MadReduecdVote,reduced Vote,減少する投票数
MadAvengerMeetingPlayerCount,Minimum number of people required for revolutionary meetings,革命会議に必要な最低人数
MadAvengerReserveTimeCanVent,Can Use Nomal Vent,革命準備が出来るまでベントが使える
MadAvengerCanSeeImpCount,Can See AlivempostorCount,生存しているインポスターの人数が見える
MadBaitRandomReport,Impostor Kill Random Report,ｲﾝﾎﾟｽﾀｰがキルしたら通報者をランダムにする
MadBaitIgnoreImpostor,IgnoreImpostor,対象からｲﾝﾎﾟｽﾀｰを除外する
MadChangerKillTargetCooldown,KillButton Cooldown,キル選択クールダウン
MadSuicideKillDeathreason,Use Killbutton deathreason,キルボタン使用時の死因
MadSuicideKillSuicidetargetkiller,Other seer killing target,他視点からはキルターゲットに殺される
MadSuicideAbilityDeathreason,Use AbilityButton deathreason,ワンクリボタン使用時の死因
MadBetrayerImpostorRevealTaskcount,Impostor RevialTaskCount,インポスターが分かるタスク数
MadHackerCanSeeDeadBodyPosition,CanSee DeadBody Positon,死体位置が見える
MadHackerCheckImposotor,CheckImpsotorKill,インポスターのキルか確認できる
MadWareReactorAddPoint,Reactor AddPoint,"緊急サボ(リア,O2,ヘリ)修復のポイント"
MadWareLightAddPoint,Light AddPoint,停電修復のポイント
MadWareCommsAddPoint,Comms AddPoint,通信妨害修復のポイント
MadWareKnowImpostorPoint,KnowImposotr Point,インポスターを把握できるポイント数
MadWareCanUseAddon,Give Addon Point,アドオンが付与されるポイント数
MadWareRemoveSabotageCooldown,RemoveSabotageCooldown,サボタージュクール減少秒数
MadWareRemoveSabotagePoint,RemoveSabotageCooldown point,サボタージュクールが減少されるポイント数

## CrewMate RoleSetting
BaitReportDelay,report delay,通報までの遅延
BaitMaxDelay,random report delay,ランダムでの追加遅延
LighterStartVision,Start Vision,最初の視界,,,,
LighterMaxVision,Max Vision,最大視界,完成任务后的视野,做完任務的視野,Дальность обзора,Aumento de Visão,
LighterTaskCompletedDisableLightOut,Ignore Fix Lights Effect,タスク完了時に停電を無効にする,完成任务的执灯人不受熄灯影响,完成任務的小燈人視野不受關燈影響,Имеет дальность Обзора Предателя,Ignorar Efeitos do Apagão,
LighterTriggerType,Ability Activation Condition,能力発動条件,,,Условие активации способности,Condição de Ativação da Habilidade,
LighterTaskTrigger,Tasks Until Boost Activated,効果を発動するタスク数,,,Количество задач повышающие скорость,Tarefas Para Ativar Impulso,
SabotageMasterSkillLimit,Ability Use Count(Excluding Doors),修理能力を使用できる回数(ﾄﾞｱ閉鎖は除く),修理大师修理破坏的最大次数,修理工修理破壞次數上限,Лимит способности (Кроме открытия дверей),Máximo de Usos da Habilidade (Menos Portas),
SabotageMasterFixesDoors,Can Open Multiple Doors,1度に複数のﾄﾞｱを開けられる,修理大师打开多扇关闭的门,修理工可以一次性修理多扇門,Может открыть все двери,Pode Abrir Múltiplas Portas,
SabotageMasterFixesReactors,Can Fix Both Reactors,リアクターに対して能力を使える,修理大师可以一人修理核反应堆,修理工可以獨自修理兩邊的反應堆,Может починить саботаж Реактора,Pode Consertar Reatores,
SabotageMasterFixesOxygens,Can Fix Both O2,酸素妨害に対して能力を使える,修理大师修理氧气破坏时另一边的氧气设备将会被同时修理,修理工可以獨自修理兩邊的氧氣,Может починить саботаж O2,Pode Consertar Ambos O2,
SabotageMasterFixesCommunications,Can Fix Both Comms In MIRA HQ,MIRA HQの通信妨害に対して能力を使える,修理大师在米拉总部地图修理通信破坏时另一边的通信破坏同时被修理,修理工可以獨自修理兩邊的通訊(Mira HQ),Может починить саботаж Связи на MiraHQ,Pode Concertar Ambas Comunicações (Mira HQ),
SabotageMasterFixesElectrical,Can Fix Lights With One Switch,停電に対して能力を使える,修理大师按一个按钮就可以修复照明破坏,修理工可以快速完成修理電燈,Может починить саботаж Света одним кликом,Pode Consertar Luzes Com um Botão,
SheriffCanKill%role%,Can Kill %role%,%role%をキルできる,警长可以执法%role%,警長可以槍死%role%,Может убить %role%,Pode Matar %role%,
SheriffCanKillNeutrals,Can Kill Neutrals,<#808080>ニュートラル</color>をキルできる,警长可以执法独立阵营,警長可以槍死中立,Может убить Нейтралов,Pode Matar Neutros,
SheriffCanKillLovers,Can Kill Lovers,<#ff6be4>ラバーズ</color>をキルできる
SheriffCanKillAll,<#4cb3fe>All ON</color>,<#4cb3fe>全てオン</color>,<#4cb3fe>全开</color>,<#4cb3fe>全開</color>,<#4cb3fe>Все ВКЛ</color>,<#4cb3fe>Todos Ligados</color>,
SheriffCanKillSeparately,Individual Settings,個別に設定,个别设定,個別設定,Выбрать кого,Configuração Individual,
SheriffMisfireKillsTarget,Misfire Kills Target,誤爆時、ターゲットも死ぬ,警长误杀好人会同时击杀目标,警長誤殺好人會同時擊殺目標,Шериф убивает цель вместе с собой,Pode Matar Alvo Incorreto,
SheriffShotLimit,Ammo,キル可能回数,最大执法次数,最大子彈數量,Количество выстрелов,Balas,
SheriffCanKillAllAlive,Can Kill When No One Is Dead,全員生存時にキルできる,全员存活时可以执法,全員存活時可以執法,Может убивать когда никто не умер,Pode Matar Com Todos Vivos,
DoctorTaskCompletedBatteryCharge,Battery Duration,充電持続時間,医生每次完成任务增加的设备充能数,醫生完成任務充電秒數,Длительность батарейки,Duração da Bateria,
SnitchEnableTargetArrow,Can See Arrow To Target,ターゲットを示す矢印が見える,告密者完成任务后可以通过箭头确认所有被发现目标,告密者完成任務後可以看到指向目標的箭頭,Может видеть стрелку цели,Pode Ver Seta Para o Alvo,
SnitchCanGetArrowColor,Can See Target Team Colored Arrow,矢印の色で陣営がわかる,对不同阵营的目标以不同颜色的箭头表示,對不同陣營的目標使用不同顏色的箭頭標示,Может видеть цвета стрелок,Pode Ver Seta Colorida Para Time Alvo,
SnitchCanFindNeutralKiller,Can Find Neutral Killers,ニュートラルのキル可能役職を見つけることが出来る,告密者也可以和拥有击杀能力的独立阵营玩家互相发现,告密者也可以和中立陣營帶刀職業互認,Может видеть Нейтральных Убийц,Pode Achar Assassinos Neutros,
SnitchRemainingTaskFound,Remaining tasks to be found,敵陣営に見つかるタスク残量,剩余任务数对敌对阵营可见,帶刀職業可見告密者剩餘任務數,Оставшиеся задания при которых он будет виден,Tarefas restantes para encontrar,
SpeedBoosterUpSpeed,Random Player's Speed Boost,加速値,增速者加速时的移动速度,被加速器加速的玩家的移動速度,Повысить скорость игрока на,Impulso de Velocidade,
SpeedBoosterTaskTrigger,Tasks Until Boost Activated,効果を発動するタスク数,效果发动所需任务数,效果發動所需任務數,Задачи повышающие скорость,Tarefas Para Ativar Impulso,
MayorAdditionalVote,Additional Votes Count,追加投票の個数,附加票数,附加票數,Дополнительные голоса,Votos Adicionais,
MayorHasPortableButton,Mayor Has Mobile Emergency Button,ポータブルボタンを持っている,市长跳通风管触发紧急会议,可以隨時拍桌,У Мэра есть портативная Кнопка,Botão Móvel de Emergência,
MayorNumOfUseButton,Number Of Mobile Emergency Button,ポータブルボタンの使用可能回数,市长紧急会议最大次数,隨時拍桌最大次數,Количество портативных Кнопок,Número de Botões de Emergência,
MayorAwakening,Enable awakening,覚醒を有効にする
MayorAwakeningPlayerCount,Many people will wake up,覚醒する生存人数
TimeManagerIncreaseMeetingTime,Increase voting time,伸びる会議時間,延长投票的时间,延長時間,Увеличить время встреч на,Aumentar Tempo de Votação,
UltraStarCankill,Cankill,キル能力を持つ
UltraStarKillCoolDown,KillCooldown,キルクールダウン
UltraStarcheckkill,Target Guard,役職などのガードを適応する
UltraStarVentCanseekillcool,VentCool is Killcool,ベントクールでキルクールを表記する
UltraStarCanseeallplayer,Allplayer Cansee UltraStar,会議時にウルトラスターが分かる
MeetingSheriffCanKillMadMate,CankillMadmates,<#ff7f50>マッド系役職</color>をキルできる
MeetingSheriffCanKillNeutrals,CankillNeutrals,<#808080>ニュートラル系役職</color>をキルできる
WhiteHackerTrackTimes,Track times,追跡可能回数
WhiteHackerCanUseTrackAbility,Can Use Track,トラッカーの能力が使える
ShyboyShytime,Seizure Cool Down,発作クールダウン
ShyboyAfterMeetingNotShytime,AfterMeeting NotShytime,会議後、クールが停滞する時間
ShyboyBooooom,ShyDie Booom!,シャイ死亡時に周囲を巻き込む
BalancerMeetingTime,Voting Time,天秤の投票時間
BalancerCanUseAllAlive,The ability cannot be activated while everyone is alive.,全員生存している間は能力を発動できない
BalancerCanUseMeetingAbility,ability use to target,天秤会議中は対象者以外に効果を発揮できない
WolfBoySchrodingerCatTime,SchrodingerCat Chenge Role Mad,シュレ猫の変化先をマッドにする
Wolfboycanwinkillcount,Can win killcount,特定の陣営を一定数キルしないと勝利不可
WolfBoyCountteam,%role% is count,%role%を勝利までのキル数にカウント
TellMaximum,Fortune-telling times,占い可能回数
AbilityVotemode,Fortune telling method,占い方法
TellerCollectRect,Rect,占い成功率
PonkotuTellerFTOption,dont option FortuneTeller,占い師と設定をそろえない
PonkotuTellerMyisFT,Ponkotu Teller is FortuneTeller,占い師と錯覚する
PonkotuDontChengeGame,Dont Chenge Game,占い結果が変わらない
NiceLoggerCoolTime,sensor cool,センサーのクールタイム
AndroidAddTaskBattery,task complete add battery,タスク完了毎の充電量
AndroidRemoveBattery,remove battery,バッテリーが減少する
AndroidRemove,remove,減少量
AndroidRemoveTime,remove second,減少するまでの時間
EfficientCollectRect,ability Chance,能力が発動する確率
SwitchSheriffCommsmode,commms mode,通信妨害発生時のモード
KingExileVoteCount,vote num,追放される票数
KingExileCrewDies,died FollowingSuicide player count,死亡時、後追いする人数
KingDeathReason,FollowingSuicide player deathreason,後追いした者の死因
KingAddon,died remove baffaddon,死亡時、バフ属性が剥奪される人数
KingRole,died role crewmate,死亡時、役職がクルーになる人数
KingCanGuesser,can guessed,ゲッサーで撃ち抜けれる
AmateurTellerTargetCanseePlayer,target can know,能力発動ターン中、占い対象に通知する
AmateurTellerTargetCanseeArrow,target can see arrow,占い対象に自身の位置を通知する
AmateurTellerCanUseAbilityTurnButton,can use button,能力発動中、緊急ボタンを使用できる
DictatorSelfVote,SelfVote,自投票で効果を発揮する
StolenerCanuseaddon,Can Use Addon,自身も属性の能力が使える
StolenerCanUseaddonOnfinish,Can Use Addon After Taskfinish,タスク完了後に能力が使用できる
SnowmanFirstVision,Start and Max Vision,開始時の視界
SnowmanMinVision,MinVision,最小の視界
ElectricalIgnoreMelt,IsElectrial Ignore Melt,停電中は視界減少しない
SnowmanMeltedSteps,Melted Steps,溶けきるまでの歩数
SeerDelayMode,Delay Mode,キルフラッシュに遅延を追加する
SeerLastMindelay,TaskComplete Min delay,タスク完了時の最小遅延
SeerLastMaxdelay,TaskComplete Max AddDelay,タスク完了時の最大追加遅延
SeerFirstMindelay,First Min delay,ゲーム開始時の最小遅延
SeerFirstMaxdelay,First Max AddDelay,ゲーム開始時の最大追加遅延
SeerMindelay,Mindelay,最小遅延
SeerMaxdelay,Maxdelay,最大遅延
PsychicCallRate,Call Rate,警報発生の確率
PsychicTaskAddrate,Dependence of alarm occurrence probability on task progress rate,警報発生確率をタスク進捗率に依存する
VentOpenerImp,Boot <#ff1919>Impostor</color>,<#ff1919>インポスター</color>をベントから追い出せる
VentOpenerMad,Boot <#ff7f50>Madmate</color>,<#ff7f50>マッドメイト</color>をベントから追い出せる
VentOpenerCrew,Boot <#8cffff>Crewmate</color>,<#8cffff>クルー</color>をベントから追い出せる
VentOpenerNeutral,Boot <#cccccc>Neutral</color>,<#cccccc>ニュートラル</color>をベントから追い出せる
VentOpenerCount,MaxBootCount,ベント追い出し可能回数
VentOpenerFuhatu,Not Boot target Remove Count,対象がいなかった場合も回数を消費する
VentOpenerBlockKill,Boot target can't kill my,追い出されたキラーは自身をキルできない
VentHunterCount,Trap Count,罠の所持数
VentHunterTime,Trap DisappearTime ,罠の有効時間
SatelliteCount,AbilityMax,探知可能回数,,,,
SatelliteComms,Comms Track,通信妨害中も監視することができる,,,,
WalkerWalkTaskCount,Room Task,部屋に行くタスク数
AllArounderRandomBait,Beit rate,<#00f7ff>ベイト</color>になる確率
AllArounderRandomInsender,Insender rate,<#eee8aa>インセンダー</color>になる確率
AllArounderRandomBakery,Bakery rate,<#8f6121>パン屋</color>になる確率
AllArounderRandomDicator,Dicator rate,<#df9b00>ディクテーター</color>になる確率
AllArounderRandomLighter,Lighter rate,<#eee5be>ライター</color>になる確率
AllArounderRandomMeetingSheriff,MeetingSheriff rate,<#f8cd46>ミーティングシェリフ</color>になる確率
AllArounderRandomsabotageMaster,SabotageMaster rate,<#0000ff>サボタージュマスター</color>になる確率
AllArounderRandomSeer,Seer rate,<#61b26c>シーア</color>になる確率
AllArounderRandomTimeManager,TimeManager rate,<#6495ed>タイムマネージャー</color>になる確率
AllArounderRandomTrapper,Trapper rate,<#5a8fd0>トラッパー</color>になる確率
AllArounderRandomMadmate,Madmate rate,<#ff7f50>マッドメイト</color>になる確率
AllArounderRandomOpportunist,Opportunist rate,<#00ff00>オポチュニスト</color>になる確率
AllArounderRandomNone,Crewmate rate,<#8cffff>クルーメイト</color>になる確率
InspectVoteMode,VoteMode,捜査方法
InspectSetRect,Set Rect,情報の確率を変更する
InspectDeathReason,Rect Death Reason,死因情報の確率
InspectColor,Rect Killer Color,キラーの明暗情報
InspectTargetTeam,Rect Target Team,ターゲットの所属陣営の情報
InspectKillerRole,Rect Killer Role,キラーの役職情報
InspectDeathTimer,Rect Death Timer,死後経過時間の情報
InspectTargetRoom,Rect Target Room,死亡した部屋の情報
CandleLighterStartVision,Start Vision(Widest Vision),初めの視界(一番広い視界),
CandleLighterCountStartTime,Time to Start Changing Vision,視界が変わり始めるまでの時間,
CandleLighterEndVisionTime,Time to End Vision,最後の視界になる時間,
CandleLighterEndVision,End Vision(Narrowest Vision),最後の視界(一番狭い視界),
ExpressSpeed,Speed,スピード,速度,,
maxMonitoringCount,maxMonitoringCount,監視可能回数
MerlinCanSeeNeutral,Can See Neutrals,マーリンが第三陣営も視認できるか
MerlinOnlyNeutralKiller,Only NuetralKiller,キル能力持つ第三陣営だけ視認できるか
MerlinCantSeeNeutralColor,Neutral NameColor Gray,名前の色をグレーに統一する
MerlinHasTask,Merlin Hastask,マーリンがタスクを持つか
MerlinCanSeeMadmate,Can See Madmates,マッドメイトも見える
AnalyzerTurnMax,Turn Maximum,1ターンでの使用可能回数
AnalyzerUseto,Can Use to %roleTypes%,%roleTypes%の残り人数を調べられる
FortunerAddGiveAddon,Set AddGiveAddoneList,付与する属性を上書きする
FortunerGiveOne,One use Give oneaddon,1回使用で属性を1つ渡す

## Neutral Role Setting
SchrodingerCatExiledTeamChanges,Team Changes When Ejected,吊られた際、陣営が変化する,薛定谔的猫被放逐时会加入其他阵营,薛定諤的貓被丟出時陣營會轉變,Команда меняется после его Изгнания,Time Muda Quando Exilado,
SchrodingerCatCanSeeKillableTeammate,Can See Killable Teammate,変化した陣営のキル役職が分かる,变更阵营后可见带刀职业,陣營轉變後可以看見帶刀的隊友,Может видеть всю команду в которой он состоит,Vê Aliado que Pode Ser Morto,
CanBeforeSchrodingerCatWinTheCrewmate,Can Win With Crewmates If No Team,役職変化前であれば、クルー陣営と勝利できる,薛定谔的猫未加入其他阵营前可以跟随船员阵营获胜,薛定諤的貓的陣營轉變前可以隨船員一起獲勝,Без команды он может победить с Членами Экипажа,Pode Ganhar Com Tripulantes,
EgoistNameColor,Impostor Can see Egoist,インポスターがエゴイストを視認できる
ExecutionerCanTargetImpostor,Can Target Impostors,インポスターもターゲットにできる,内鬼阵营玩家可以成为处刑人的目标,劊子手的目標可以是偽裝者陣營的玩家,Может иметь цель изгнать Предателя,Alvo Pode Ser Impostor,
ExecutionerCanTargetNeutralKiller,Can Target Neutrals,キルできるニュートラルもターゲットにできる,独立阵营玩家可以成为处刑人的目标,劊子手的目標可以是中立陣營的玩家,Может иметь цель изгнать Нейтрального Убийцу,Pode Ter Alvo Neutro,
ExecutionerChangeRolesAfterTargetKilled,Role Changes When Target Dies,ターゲットがキルされた後に変化する役職,处刑人目标死亡后将变为的职业,劊子手的目標被殺後轉變的職業,Роль после смерти его цели,Mudar Classe Caso Alvo Morra,
ArsonistDouseTime,Time Until Douse Complete,塗り時間,涂油所需时间,澆油所需時間,Длительность обливания,Tempo Para Completar Encharque,
ArsonistRange,Wetted range,塗り可能範囲
ArsonistFireOnclick,Fire OnClick,着火をベントからワンクリにする
ArsonistCanSeeAllplayer,in task Cansee Player count,タスクターン中、生存人数が見える
CanTerroristSuicideWin,Can Win By Suicide,死因が自殺でも勝利できる,恐怖分子可以通过自杀获胜,恐怖分子可以自殺來獲勝,Для победы достаточно сделать Суицид,Pode Ganhar Por Suicídio,
JackalImpostorCanSidekick,Can SideKick Impostor,インポスターをサイドキックできる
JackalbeforeImpCanSeeImp,Impostor NameColor is White,元仲間のネームカラーが白になる
Jackaldollimpgaimpnimieru,Impostor see my color is White,元仲間視点ネームカラーが白になる
JackalCanKillMafia,Jackal can kill JackalMafia,仲間のジャッカルが自身をキルできる
JackalCanAlsoBeExposedToJMafia,Jackal can see JackalMafia,ジャッカルが自身を視認できる
JackalMafiaCanAlsoBeExposedToJackal,can see Jackal,ジャッカル仲間を視認できる
PlagueDoctorInfectLimit,Infect Count,感染回数,,,Количество заражений,Limite de Infectados,
PlagueDoctorInfectWhenKilled,Infect When Killed,キルされた時に感染させる,,,Заразить убийцу при смерти заражённого,Infectar Ao Ser Morto,
PlagueDoctorInfectTime,Infect Time,感染に必要な時間,,,Время заражения,Tempo de Infecção,
PlagueDoctorInfectDistance,Infect Distance,感染する距離,,,Радиус заражения,Distância de Infecção,
PlagueDoctorInfectInactiveTime,Infect Invalid Time,行動開始から感染しない時間,,,Недействительное время заражения,Tempo Inativo da Infecção,
PlagueDoctorCanInfectSelf,Can Infect Self,自身も感染する,,,Может заразить себя,Pode Infectar A Si Mesmo,
PlagueDoctorCanInfectVent,Can Infect in Vent,ベント内外でも感染する,,,Может заразить в вентиляции,Pode Infectar no Duto,
PlagueDoctorDestroyPlague,Non PlagueDoctor DestroyPlague,ペスト医師が存在しない時、自然消滅する
GrimReaperCanButtom,CanUseemErgencyButton,緊急会議ボタンを使用できる
GrimReaperGrimActiveTime,GrimActiveTime,呪いの有効時間
MadonnaFallChenge,Chenge Role,告白失敗時に変化する役職
Madonnalimit,Limit Turn,告白しないといけない日数
MonochromerMonochro,Monochro,スキンを白と黒に分ける
MonochromerCanseeKiller,CanseeKiller,タスクターン中、キラーが分かる
MonochromerMarkColor,Mark Color is Team,星の色で陣営がわかる
JesterCanUseShapeshift,Can Shapeshift,変身できる
JackaldollRoleChe,Chenge Role,変更先の役職
JackaldolldieMode,Jackal Team All Die Mode,ご主人全滅時のモード
JackalSidekickPromotion,SideKick Jackal,サイドキックが昇格する
SideKickJackaldollMacCount,SideKick Max Count,サイドキックの最大数
CountKillerVictoryCount,Number of kills you can win,勝利に必要なキル数
CountKillerAddWin,Add Win,追加勝利
CountKillerAddWinToSoloWin,Add Win to Solo Win,追加勝利後に単独勝利へ移行
CountKillerSoloVictoryCount,Solo Win Must Kills,単独勝利に必要なキル数
DoppelGangerAddWinCount,Add Win Must Count,追加勝利に必要なカウント
DoppelGangerSoloWinCount,Solo Win Must Count,単独勝利に必要なカウント
DoppelGangerShapeCountUp,Shape count up,変身中に加算されるカウント
MassMediaShikai,Vision,追跡相手が近くにいる場合の視界
MassMediaMeetingTargetReset,Meeting Target Reset,会議でターゲットをリセットするか
MassMediaCanSeeKillflash,Target Kill Can See Killflash,ターゲットのキルフラッシュが見える
MassMediaCriminalprofile,Criminal,犯人候補にマークをつける
BankerFarstCoin,First Have Coin,最初に所持しているポイント
BankerTaskAddCoin,Taskcomplete Get Coins,タスクを行うことで手に入るポイント
BankerKillAddCoin,Kill Get Coins,キルすることで手に入るポイント
BankerChengeCoin,Mode Chenge Remove Coins,モード変更で消費するポイント
BankerTranRemoveCoin,TurnRmoveCoin,ターン開始時に消費するポイント
BankerWincoin,Win Must Coin,勝利に必要なポイント
BankerDieCanWin,Die Can Win,死亡していても勝利できる
BankerDieRemoveCoin,Die Remove Coin,死亡時に消費するポイント
BankerDieRemoveTurn,Die remove Turn Coin,死亡状態でターン開始時に消費するポイント
BakeCatDieKiller,Killer Suicide,キラーが自殺するか
BakeCatDieKillerTime,Killer Suicide time,キラーが自殺するまでの時間
BakeCatCountChenge,Count is Killer,カウントをキラーのカウントにする
PhantomThiefFarstCoolDown,Set Target Cooldown,ターゲット指定クールダウン
PhantomThiefCantSetCount,Set Target Min player count,ターゲット指定に必要な最低人数
PhantomThiefSoloWin,Solo Win,陣営の勝利も乗っ取る
PhantomThiefNotice,Send Notice,予告状を送る
PhantomThiefNoticeType,Notice Type,記載されるターゲットの情報
PhantomThiefRoomTask,Notified if you do not move to a specific room,特定の部屋に移動しないと通知される
NoticeNone,None,無し
NoticeTeam,Team,陣営
NoticePlayer,CrewmateName,対象者
NoticeRole,Role,対象者の役職
CueseMakerDelTurn,Cuese Delete Turn,呪いが解除されるまでのターン数
CueseMakerNoroiTime,Cuese Time,呪うのに必要な時間
CueseMakerDicstance,Cuese Distance,呪える範囲
FoxMeterCount,MeterCount,妖狐であるとわかるまでの接触時間
FoxMeterDistance,MeterDistance,接触範囲
FoxShowRoleOnlyKiller,CanSeeMyRole Only Killer,キラーにのみ妖狐であると開示する
FoxNoticeRoomTask,Notice RoomTask,毎ターン特定の部屋へ行かないと通知される
FoxDieAliveCount,DieAliveCount,設定人数以下になると死亡する
FoxCrewTaskFin,CrewTaskFin,クルーのタスク完了時の挙動
FoxGiveGuardTaskcount,Give Guard TaskCounts,何タスク完了毎にキルガードが1枚付与されるか
FoxGiveGuardMax,Have Kill Guard Max,キルガード所持上限数
FoxTellDie,Tell is Die,占われた時に死亡する
FoxCrewTaskFin_MyWin,Fox Win,乗っ取る
FoxCrewTaskFin_Lose,Fox Lose,乗っ取らない
FoxCrewTaskFin_NoGameEnd,No GameEnd(Taskfinish),生存中、タスク完了でゲームを終わらせない
FoxCrewTaskFin_Addwin,AddWin to crew,クルーと共に勝利する
FoxCanSeeImposotr,Can See Imposotr,インポスターに開示する
FoxCanSeeNeutralKiller,can see neutralkiller,ニュートラルキラーに開示する
FoxCanSeeOtherKiller,Can See OtherKiller,その他のキラーに開示する
SantaClausWinGivePresentCount,win Must Presennt,勝利に必要なプレゼント投下数
SantaClausGivePresent,Give AddOn Present,一部アドオンをプレゼントする
SantaClausMaxHavePresent,MaxHavePresent,同時にプレゼントを持てる数
VultrueCanSeeKillFlushTaskCount,Killflash task count,キルフラッシュが見えるタスク完了数
VultrueCanSeeOnikuArrowTaskCount,Arrow task count,矢印が見えるタスク完了数
VultrueWinEatcount,WinEatcount,勝利に必要なつまみぐい数
VultrueAddWinEatcount,Add Win Eatcount,追加勝利に必要なつまみ食い数
VultrueEatShape,Eat Shape,つまみぐいした時、シェイプの殻を表示する
TurncoatCanTargetImpostor,Can Target Impostor,<#ff1919>インポスター</color>をターゲットにできる
TurncoatCanTargetMadmate,Can Target Madmate,<#ff7f50>マッドメイト</color>をターゲットにできる
TurncoatCanTargetNeutral,Can Target Neutral,<#cccccc>ニュートラル</color>をターゲットにできる
VegaRendezvousCooldown,"Rendezvous Cooldown""",逢い引きのクールダウン,""",""\nVegaCanUseVent""",VegaCanUseVent,織姫がベントを使えるか
VegaAltairCanUseVent,AltairCanUseVent,彦星がベントを使えるか
VegaBuffThreshold,give Buff ThreaSholdcount,バフが貰える逢い引き回数
VegaKillCooldownThreshold,shorten Killcool ThreaSholdcount,キルクールが短縮される逢い引き回数
VegaKillCooldownAmount,shorten Killcool,短縮されるキルクール
VegaMinimumKillCooldown,Minimum Killcool,最短のキルクール
VegaRevealKillableFactions,know Killer Team,キル可能陣営がわかるか
VegaRKFThreshold,should Threashould,必要な逢い引き回数
VegaFactionBasedStarColor,TeamColor,陣営毎に星の色が変わる
VegaAddWin,Win Together,相方が勝利した場合その相方も追加勝利する
WorkaholicCanWinAtDeath,Can Win Death,死亡後も勝利できる
ChefTurnStartCooldown,TurnStart Cooldown,ターン開始後のクールダウン
StrawdollTargetCooldown,SetTarget Cooldown,ターゲット指定のクールダウン
StrawdollShapeCooldown,ShapeShift Cooldown,変身のクールダウン
StrawdollWinKilledCount,Win KilledCount,勝利に必要なキルされる回数
StrawdollTpToVent,Teleport to near vent,テレポート先をベント内にする
StrawdollSuicidetarget,Suicide target,身代わりがその場で死ぬ
StrawdollReprisaldistance,Reprisal Distance,自身が呪殺される距離
StrawdollStoptime,Stop Time,噛まれた時に動けない時間
MissioneerWinAssignmntPoint,Win Point,単独勝利に必要なポイント
MissioneerAddWinAssignmntPoint,AddWin Point,追加勝利に必要なポイント
MissioneerMeetingAssignmentcount,Max Meeting Assignment,新たなミッションの候補数
Missioneerlv1point,Lv1 point,Lv1のポイント
Missioneerlv2point,Lv2 point,Lv2のポイント
Missioneerlv3point,Lv3 point,Lv3のポイント
Missioneerlv4point,Lv4 point,Lv4のポイント
MissioneerKillpoint,Kill point,カテゴリ:キルのポイント
MissioneerMovepoint,Move point,カテゴリ:移動のポイント
MissioneerTaskpoint,Task point,カテゴリ:タスクのポイント
MissioneerEnabledKillTask,Enabled Category:kill,カテゴリ:キルが出る

## Unit Role Setting
BraidKillCooldown,Bread Task Complete Driver Killcool,ブレイドが全タスク完了時のキルクール
GiveKillFlash,Driver can see KillFlash,キルフラッシュが見える
GiveKnowDeathreason,Driver can see DeathReason,死因が分かる
GiveGuard,Driver has own time Guard.,1度キルを防げる
GiveWatchVotes,Driver can see Vote,他人の投票先が分かる
DriverCanSeeBraid,Driver can see Braid,ドライバーがブレイドを視認できる
BraidCanSeeDriver,Braid can see Driver,ブレイドがドライバーを視認できる
DriverTaskTrigger,TaskTrigger,効果を発動するタスク数
BraidCanVent,CanVent (Braid),ベントを使える
FoolIsTellResultImpostor,Tell result is Impostor,占い結果をインポスターにする
FoolAlivetoWin,FoolAlivetoWin,生存した状態でも勝利できる
FoolAndNueCanUseVotecount,can guess task count,推測できるタスク数
NueSuicidetimer,Suicide timer,キル後、自殺するまでの時間

## 属性設定
AssignOnlyTo%role%,Assign Only To %role%,%role%のみに割り当てる,只赋予%role%,,Назначить только для %role%,Atribuir Apenas a %role%,
WorkhorseNumCommonTasks,Additional Common Tasks,追加通常タスクの個数
WorkhorseNumLongTasks,Additional Long Tasks,追加ロングタスクの個数,额外长任务数,增加的長任務數量,Дополнительные долгие задания,Adicionar Tarefas Longas,
WorkhorseNumShortTasks,Additional Short Tasks,追加ショートタスクの個数,额外短任务数,增加的短任務數量,Дополнительные короткие задания,Adicionar Tarefas Curtas,
WoMaximum,WolfBoy Maximum,<#727171>狼少年</color>の最大アサイン数
Givekillcoondown,Givekillcoondown,キルクールダウンを更新するか
GiveGuesser,Give <#999900>Guesser</color>,<#999900>ゲッサー</color>を付与する
GiveWatching,Give <#800080>Watching</color>,<#800080>ウォッチング</color>を付与する
GiveManagement,Give <#cee4ae>Management</color>,<#cee4ae>マネジメント</color>を付与する
GiveSeeing,Give <#61b26c>Seeing</color>,<#61b26c>シーイング</color>を付与する
GiveAutopsy,Give <#80ffdd>Autopsy</color>,<#80ffdd>オートプシー</color>を付与する
GiveTiebreaker,Give <#00552e>Tiebreaker</color>,<#00552e>タイブレーカー</color>を付与する
GivePlusVote,Give <#93ca76> PlusVote</color>,<#93ca76>プラスポート</color>を付与する
GiveRevenger,Give <#ffcc99>Monster Cat</color>,<#ffcc99>リベンジャー</color>を付与する
GiveOpener,Give <#007bbb>GiveOpener</color>,<#007bbb>オープナー</color>を付与する
GiveLighting,Give <#ec6800>Lighting</color>,<#ec6800>ライティング</color>を付与する
GiveMoon,Give <#ffff33>Moon</color>,<#ffff33>ムーン</color>を付与する
GiveElector,Give <#544a47>Elector</color>,<#544a47>イレクター</color>を付与する
GiveInfoPoor,Gice <#555647>InfoPoor</color>,<#555647>インフォプアー</color>を付与する
GiveNonReport,Give <#006666>Not NonReportMode</color>,<#006666>ノンレポート</color>を付与する
GiveTransparent,Give <#7b7c7d>Transparent</color>,<#7b7c7d>トランスパレント</color>を付与する
GiveNotvoter,Give <#6c848d>Not voter</color>,<#6c848d>ノットヴォウター</color>を付与する
GiveWater,Give <#003f8e>Water</color>,<#003f8e>ウォーター</color>を付与する
GiveSpeeding,Give <#33ccff>Speeding</color>,<#33ccff>スピーディング</color>を付与する
GiveGuarding,Give <#7b68ee>Guarding</color>,<#7b68ee>ガーディング</color>を付与する
GiveClumsy,Give <#942343>Clumsy</color>,<#942343>クラムシー</color>を付与する
GiveSlacker,Give <#980098>Slacker</color>,<#980098>スラッカー</color>を付与する
GiveSunglasses,Give<#2e103d>Sunglasses</color>,<#2e103d>サングラス</color>を付与する
GivePowerful,Give<#f08e39>Powerful</color>,"<#f08e39>""パワフル</color>を付与する"""
GiveGuesserInfo,Guess the position and make the kill.,役職を推測してキルを行う
GiveWatchingInfo,Anonymous voting is turned off.,匿名投票がOFFになる
GiveManagementInfo,You can see the progress of tasks.,タスク進捗が分かる
GiveSeeingInfo,I see a kill flash.,キルフラッシュが見える
GiveAutopsyInfo,I can see the cause of death.,死因が見える
GiveTiebreakerInfo,Preferred by tie vote.,同数投票で優先される
GivePlusVoteInfo,Increased Votes,投票数が増加する
GiveRevengerInfo,Take a companion on the road at the time of expulsion,追放時道連れをする
GiveOpenerInfo,Open the door closure at once.,ドア閉鎖を一気に開ける
GiveLightingInfo,Become an imposter view,インポスター視界になる
GiveMoonInfo,Disable power outages,停電を無効化する
GiveElectorInfo,I can't skip.,スキップが出来ない
GiveInfoPoorInfo,Information equipment is not available.,情報機器が使えない
GiveNonReportInfo,I can't report it.,通報が出来ない
GiveTransparentInfo,His own corpse is not reported.,自身の死体が通報されない
GiveNotvoterInfo,The number of votes will be zero.,投票数が0になる
GiveWaterInfo,Power outage cannot be repaired.,停電を修復できない
GiveSpeedingInfo,Be faster on your feet.,足が速くなる
GiveGuardingInfo,Prevent a certain number of kills,一定数キルを防ぐ
GiveClumsyInfo,Unable to repair communication interference,通信妨害を修復できない
GiveSlackerInfo,Unable to repair emergency sabo,緊急サボを修復できない
GiveSunglassesInfo,Vision is slightly reduced,視界が少し減少する
GiveOpportunist,Give Opportunist,生存していると追加勝利できる
LastNeutralCantaskWin,Crew task wins can also win.,クルーのタスク勝利でも勝利できる
LastNeutralCanCrewWin,Crew victories outside of the task can also win.,タスク以外のクルー勝利でも勝利できる
ConverMode,Conver Mode,使用出来ない招集
NotButton,Cant Use Button,緊急会議ボタン
NotReport,Cant Use Report,死体通報
NonReportModeAll,Cant Conver,緊急会議ボタン・死体通報
AmnesiaCanRealizeDay,Realize after a lapse of days.,日数経過で記憶を取り戻す
AmnesiaRealizeDayCount,Number of days to restore memory,記憶を取り戻すまでの日数
AmnesiaCanRealizeTask,Realize after a TaskComplete,一定数タスク完了で記憶を取り戻す
AmnesiaRealizeTaskCount,Realize Tasks,記憶を取り戻すタスク数
AmnesiaCanRealizeKill,Realize of kills,一定数キルをすることで記憶を取り戻す
AmnesiaRealizeKillcount,Realize Kill Count,記憶を取り戻すキル回数
AmnesiaRealizeImpostorCount,Realize ImpsotCount,記憶を取り戻すインポスター人数
AmnesiaDontCanUseAbility,Can't use Role Ability,能力が使えない
AmnesiaDefaultKillCool,Default to kill-cool until you are aware of it,自覚するまでキルクールをデフォルトにする
AmanojakuAssingDay,Amanojaku Assign day,アサインされる日
AmanojakuSurvivetoWin,Alive to win,生存していないと勝利できない
AmanojakuCanwin,%winner% to win,%winner%勝利時に勝利できる
CanseeMeeting,OnlyseeMeeting,タスク進捗を会議中のみ確認できる
RoughPercentage,RoughPercentage,大まかな値にする
RevengeToNeutral,Get Revenged Neutral,<#cccccc>ニュートラル</color>を道連れにする
RevengeToCrewmate,Get Revenged CrewMate,<#8cffff>クルー</color>を道連れにする
PercentGage,PercentGage,パーセント表示にする
Cremateset,CrewMate GuessSet,<#8cffff>クルー陣営</color>の設定
Impset,Impostor GuessSet,<#ff1919>インポスター陣営</color>の設定
Madset,Madmate GuessSet,<#ff7f50>マッドメイト</color>の設定
Neuset,Neutral GuessSet,<#808080>ニュートラル</color>の設定
CanGuessTime,CanGuessCount,推測可能回数
OwnCanGuessTime,On Meeting CanGuessCount,1会議での推測可能回数
CanGuessVanilla,Can Guess Vanilla,バニラ役職を推測できる
CanGuessNakama,Can Guess Your Time(impostor/Crewmates onlyOption),同陣営を推測できる
CanGuessTaskDoneSnitch,Can Guess Task Done<#b8fb4f>Snitch</color>,タスクが完了した状態の<#b8fb4f>スニッチ</color>を推測できる
AddShotLimit,Replenish ammunition,弾丸を補充する
CanWhiteCrew,Can Guess White Crew,確白役職を推測できる
AddSpeed,AddSpeed,加速値(バニラの足の速さ + 設定値)
NumberOfLovers,Number Of Lovers (Pairs),ラバーズの組数(x2人数),恋人对数,戀人最大數量(2位玩家),Количество Любовников (x2участника),Quantidade de Amantes (Pares),
addaddons,%role% Add Addons,%role%に属性を付与する
LoversRole,Lovers can confirm positions with each other.,恋人同士で役職を確認できる,,,,
LoversRoleAddwin,Addwin,追加勝利
LoverSoloWin3players,Immediate victory with less than 3 survivors,生存人数が3人以下で即単独勝利する
OneLoverLovers,Probability of mutual love,両片思いになる確率
CanAssingMadmate,CanAssing Madmate,<#ff7f50>マッドメイト</color>に付与される
CanAssingCantKillNeutral,CanAssing Can'tKill Neutral,<#cccccc>キル不可ニュートラル</color>に付与される
TwinsCanUseHideChet,Twins Can Use HideChet,双子専用秘匿チャット(/tc)
TwinsDiefollow,follow die,片割れが死亡すると後追いする
TwinsAddWin,"If his partner wins, he himself wins",片割れが勝利すると自身も追加勝利する
CanSeeFactionMate,Can See Other Faction,徒党が見える
CantKillFaction,Cant Kill Faction(Only DeathReason'Kill'),徒党仲間をキルできない(死因キルのみ影響)
OneWolfImpostorKillMe,Impostor Kill OneWolf Mode,インポスターが一匹狼をキルした時
OneWolfMeCanKillImpostor,OneWolf Kill Impostor Mode,一匹狼がインポスターをキルした時
AssignAddon,Assign Addon,付与するアドオン
NewsSendDay,Send Day,報道される日
NewsSendPlayerCount,Send PlayerCount,報道される生存人数
Everyturn,Send for Everyturn,条件達成後、毎ターン送る
SunglassesVisionmagnification,VisionMagnification,視界の倍率
SunglassesVisionmagnification_Info,SunglassesCrewVision:{0} => {1}\nSunglassesImposotrVision:{2} => {3},サングラスクルー視界:{0} => {1}\nサングラスインポスター視界:{2} => {3}
AbsorbDisableDay,DisableDay,無効化される日
AbsorbDisablePlayerCount,DisablePlayerCount,無効化される生存人数

## 幽霊役職設定
GhostRoleOptions,GhostRole Options,幽霊役職の設定
GhostRoleCanSeeOtherRoles,GhostRole Can See Other Roles,他人の役職を見ることが出来る
GhostRoleCanSeeOtherTasks,GhostRole Can See Other Tasks,他人のタスク進捗を見ることが出来る
GhostRoleCanSeeOtherVotes,GhostRole Can See Other Votes,他人の投票先を見ることが出来る
GhostRoleCanSeeDeathReason,GhostRole Can See Cause Of Death,死因を見ることが出来る
GhostRoleCanSeeKillerColor,GhostRole Can See KillerColor,死因の色をキラーの色にする
GhostRoleCanSeeAllTasks,GhostRole Can See AllTasks,全体のタスク進捗を見ることが出来る
GhostRoleCanSeeNumberOfButtonsOnOthers,Ghost Can See Num Emergency Meetings,他人の緊急ボタン残数を見ることが出来る
GhostRoleCanSeeKillflash,GhostRole Can See KillFlash,キルフラッシュを見ることが出来る
AssgingMadmate,Assing Madmate,マッドメイトにもアサインされる
GhostButtonerCount,Max Call Meeting,会議を開ける回数
GhostNoiseSenderTime,AbilityTime,効果時間
GhostReseterResetAbilityCool,Reset Ability,アビリティもリセットされる
GhostReseterCount,CanUse AbilityTime,能力を発動できる回数
GuardianAngelGuardTime,Guard Time,護衛持続時間
DemonicCrusherAbilityTime,AbilityTime,効果時間
AsistingAngelCoolDown,First CoolDown,最初のクールダウン
AsistingAngelAddClowDown,Add CoolDown,追加されていくクールダウン
AsistingAngelGuardtime,Guard time,ガードされる時間
AsistingAngelLimitDay,Asist Target Set Time,アシスト対象の選択期限

## ランダムスポーンポイント
CanSeeNextRandomSpawn,Can See Next Spawn point,次のスポーンポイントが通知される
Junction,Junction,三叉路
OfficeLeft,Office Left,オフィス左
OfficeRight,Office Right,オフィス右
Rocket,Rocket,ロケット
Toilet,Toilet,トイレ
NapRoom,Nap Room,仮眠室
Bonfire,Bonfire,焚き火
JungleTop,Jungle Top,ジャングル上
JungleBottom,Jungle Bottom,ジャングル下
Precipice,Precipice,崖

Custom,CustomSpawn

## カススポ
CustomSpawn,CustomSpawn,カスタムスポーンを有効にする
EDCustomSpawn,CustomSpawn,カスタムスポーン
ED.Move,Move to Spawn,スポーンに移動する
ED.Movehere,Move it here,ここに移動させる
ED.Delete,Delete,削除する
ED.Back,Back,戻る
ED.NoAdd,No more can be added,これ以上追加できません
ED.Add,Add,追加
ED.EditColor,Edit Color,色を変更
ED.SetSpawnLabel,Set Spawn,スポーンを設定
ED.CSE,Custom Spawn Editor,カスタムスポーンエディタ

## 能力発動条件
TaskProgressRate,Task Progress,タスク進捗率,,,Прогресс заданий,Progresso das Tarefas,
TaskCount,Task Count,タスク数,,,Количество заданий,Número de Tarefas,

## 会議メッセージ
MeetingHelp,The list of commands can be viewed by sending /h,コマンド一覧は/hと送信することで確認できます。
SkillMode,{0}! \n\n\nvote→{1}\n\n,{0}になりました！\n\n{1}\n\n
VoteSkillMode,SelfVote→yoNomalVote\nSkipVote→Change Vote mode,自投票→自身に投票\n投票スキップ→投票モードに変更,,,,
VoteSkillFin,Change VoteMode,投票モードに変更されました,,,,

Mode.Divied,Divid Mode,<#6b3ec3>占い</color>モード
Mode.Inspect,Inspect Mode,<#977b48>捜査</color>モード
Mode.Balancer,Balancer Mode,<#cff100>天秤</color>モード
Mode.MeetingSheriff,Sheriff Mode,<#f8cd46>正義執行</color>モード
Mode.Satellite,Satellite Mode,<#ff1919>サテライト</color>モード
Mode.Madoonna,Confession Mode,<#f09199>告白</color>モード
Mode.ConnectSaver,Connect Mode,<#ff1919>コネクト</color>モード
Mode.AlienUetuke, Mode,<#ff1919>植え付け</color>モード
Mode.Dictator,Dictator,<#df9b00>独裁</color>モード
Mode.Guess,Guess Mode,<#be7c35>推測</color>モード

Mode.CrewSatellite,Search Mode,<#00e1ff>探知</color>モード,,,,,

Vote.Divied,Vote→Divination ability to activate,誰かに投票→占い能力発動
Vote.Inspect,Vote→Inspecter ability to activate,誰かに投票→対象が死亡時に情報を送信
Vote.Balancer,Vote(Select two)→Balancer ability to activate,誰かに投票(2人選択)→天秤の能力発動
Vote.MeetingSheriff,Vote→Sheriff ability to activate,誰かに投票→シェリフの能力発動
Vote.Satellite,Vote → UseAbility,誰かに投票 → 対象の経路を表示
Vote.ConnectSaver,Vote(tow)→ ability to activate,誰かに投票(2人選択)→対象の命を接続
Vote.Madonna,Vote→Confession,誰かに投票→告白
Vote.Dictator,Vote → DictatorAbility,誰かに投票 → その人を追放
Vote.AlienUetuke,Vote(for Impostor) → Precision,仲間のインポスターに投票 → その人に能力を植え付け
Vote.Nue,"Vote → Guess Fool.\n\nif guessed fool , you get kill and suicide ability.",投票 → 愚か者を推測\n\n愚か者を推測すると、\n誰か一人をキルした後に自殺する能力が解放されます。

Vote.CrewSatellite,Vote→,投票 → 対象がいた部屋を1つ表示,,,,,

Skill.Teller,I divined the {0}. The result was {1},{0}さんを占いました。\n結果は..{1},,,,
Skill.MadTeller,"i divined the {0}.\nBad,I'm failed.:(",{0}さんを占おうとしましたが\n占いに失敗しました...(´・ω・｀)ｼｮﾎﾞｰﾝ\n\n
Skill.Tellerfin, ,です
Skill.MadReduced,\n\n★,\n\n★さっきの会議で{0}の投票数が{1}票減っていたぞ!!
Skill.Balancer,I've {1} the {0} person.,{0}を{1}さんにしました。
Skill.MadoonnaMyCollect,I confessed to {0}!\nHe and I became Lovers.\n\n,{0}に告白しました。\n{0}とマドンナラバーズになりました！\n\n
Skill.MadoonnaMynotcollect,I confessed to {0}!\nBut he has a girlfriend... :(\n\nYou Role is {1} Next Turn.\n\n,{0}に告白しました。\n{0}には大切な彼女がいるので断られました...\n\n次ターンからあなたの役職は{1}になります。\n\n
Skill.MadoonnaCollect,{0} confessed to me.{0} and I became Lovers.,{0}から告白された...\n{0}とマドンナラバーズになりました！
Skill.Madoonnanotcollect,{0} confessed to me. I refused.,{0}から告白された...\nが私には大切な彼女がいるので断った。
Skill.MadonnnaOneLovertarget,"I tried to confess to {0}... I can feel his eyes on me.... Am I not allowed to do that?\n\nYou Role is {1} Next Turn.\n\n""",{0}に告白しようとした...\nがどこからか物凄い視線を感じる...\n告白は控えておこう...\n\n次ターンからあなたの役職は{1}になります。\n\n
Skill.MadonnaOneLover,"I confessed to {0}... But he turned me down...\n\nYou Role is {1} Next Turn\n\n""",{0}に告白しました。\n{0}には他に好きな人がいるので断られました...\n\n次ターンからあなたの役職は{1}になります。\n\n
Skill.MadonnaOneLoverNo,{0} confessed to me. I refused.,{0}から告白された...\nが私には好きな人がいるので断った。
Skill.MadoonnaHAMETU,Lover is Disconnected...\nYou Role is {0} Next Turn.,あなたの大切な彼ピッピから別れを告げられた...(相手が回線切断しました)\nあなたの役職は{0}になります。
Skill.MadAvenger1,There is something different about the atmosphere...,なにか雰囲気がいつもと違う...
Skill.MadAvenger2,"By the time I thought that, it was too late.",そう思った時にはもう手遅れだった。
Skill.MadAvenger3,The sailors in this room are now... Are about to start a revolution... A revolution!,この中の船員が今...革命を...起こそうとしているっ!!!
Skill.MadAvenger4,RevolutionaryMeeting,革命会議
Skill.MadAvengerCantVote,Oops... We're in the middle of a revolution. \nOutsiders should be quiet and watch. \n,おっと...今革命を起こしている途中なんだ。\n部外者は大人しく観戦しな。\n
Skill.MadAvengerCantSkip,"ROops... You are in the middle of a revolution right now. \nIf you guess all the surviving neutral kill outsiders in this meeting, the Impostor camp will win. \n",おっと...君は今革命を起こしている途中なんだ。\nこの会議で生存しているニュートラルのキル人外を全員当てればインポスター陣営の勝利だ。\n
Skill.MadAvengerGuessed,The guy has already guessed successfully. \nThe neutral killer is still there to kill the others.,そいつはもう推測に成功したよ。\nまだニュートラルキラーが残ってるから他を殺るんだ。
Skill.MadAvengersuccess,Good guess! \nThat's a neutral killer!,良くあてた！\nそいつはニュートラルキラーだ!
Skill.MadAvenger5,Hmmm...:),ふっふっふ...
Skill.MadAvenger6,I have good news for you guys.,君たちに良いお知らせがある。
Skill.MadAvenger7,I have taken over this ship!!!!,この船は私が乗っ取らせてもらった!!
Skill.MadAvenger8,Tomorrow will not come for you.,君たちに明日は訪れない。
Skill.MadAvengerInfo,"This is a revolutionary meeting.\nIf Mad Avenger votes for all surviving GrimReaper, Jackal, JackalMafia, CountKiller, Egoist, and RemoteKiller, the Impostor camp wins. \nIf you vote for any position other than those listed above, you commit suicide and the meeting ends.","★革命会議です。\n革命会議中はマッドアベンジャー以外投票,\n会議中の能力使用はできません。\nマッドアベンジャーが生存している\n死神,ジャッカルドール除くジャッカル陣営、\nカウントキラー,エゴイスト,リモートキラー,バンカー,ドッペルゲンガー\n覚醒後のバケネコ\n全員に投票するとインポスター陣営の勝利です。\n上記の役職以外に投票すると自殺し会議が終了します。"
Skill.WhiteHacker,{0} as a target for tracking.\nYou can Abilities the remaining {1} times.,{0}にGPSを仕掛けました。\nGPSは残り{1}機あります。
Skill.Witchf,【===== Cursed Player! =====】,【==== 呪われたクルーがいるぞ! ===】
Skill.WitchO,was Curesd...,が呪われているようだ...
Skill.ConnectSaver,Selection closed,選択を終了しました。
MadAvengerMeeting,【=== RevolutionaryMeeting ===】,【=== 革命の時間だ ===】
EvilSateliteSkillInfo,\n\nThis is {0} routing information...,\n\n{0}が通った道はこうらしい...\n\n再度同じ人に能力発動をすれば回数を減らさずにチャットが再送信されます
EvilSateliteSkillInfo2,\n<size=30%>This root is Shuffled</size>,\n\n<size=30%>※経路の順番がランダムにシャッフルされました</size>
EvilSateliteSkillInfo3,\n You can AbilityTime : {0},\n\n残り{0}回使用可能です
EvilSateliteSkillInfoTitle,【=== {0} routing information ===】,【===== {0}の経路情報 =====】
SatelliteModeInfo,{0} was {1}.,ﾋﾟﾋﾟﾋﾟﾋﾟﾋﾟ...\n{0}は今回{1}にいたらしい。
SatelliteModeInfoAgain,{0} was {1}.\n(Again send),そういえば、\n{0}は{1}にいたって衛星が教えてくれたな...
SatelliteModeInfoFall,Communication has been cut off...!,...........\n通信が遮断されている...\n衛星と通信ができないようだ。
SatelliteTitle,【===== {0} RouteInfo =====】,【===== {0}の位置情報 =====】
FoxAliveMeg,I sense the presence of a fox...,妖狐の気配を感じる...
FoxAliveMeg1,Chills. Maybe the fox is alive...,寒気がする。妖狐が生存していそうだ。
FoxAliveMeg2,"I want to eat kitsune udon. The fox is alive, isn't it?",きつねうどんが食べたくなってきた。妖狐が生存しているに違いない。
FoxAliveMeg3,"The fox is alive, isn't he? I'm sure they are.",妖狐の気配を感じる。そんな気がする。
SantaClausLower1,Delivery：,配達先：
SantaClausLower2,Taskcomplete to Get Presennt,タスクを行いプレゼントを作ろう
SantaClausMeetingMeg0,I got a present for {0}!!,{0}のベントにプレゼントがあったよ!!
SantaClausMeetingMeg1,I got a present for {0}!!,{0}にある靴下にプレゼントがあったよ!
SantaClausMeetingMeg2,I got a present for {0}!!,皆がお願いしてたプレゼントが{0}のベントに！
Skill.Inspector,{0} was Inspector.,{0}を調査します。\n対象が死亡時、情報を送信します。
Inspector.InfoColor,{0} killer color is {1},"{0}を殺害した犯人は{1}っぽい色をしていた。\n<size=50%><#ee54bb>ピンク</color>,<#f07d0d>オレンジ</color>,<#f6f657>イエロー</color>,<#d7e1f1>ホワイト</color>,<#38ffdd>シアン</color>,<#50f039>ライム</color>,<#ecc0d3>ローズ</color>,<#f0e7a8>バナナ</color>,<#d76464>コーラル</color>→白\n<#c61111>レッド</color>,<#132ed2>ブルー</color>,<#11802d>グリーン</color>,<#3f474e>ブラック</color>,<#6b2fbc>パープル</color>,<#71491e>ブラウン</color>,<#5f1d2e>マルーン</color>,<#758593>グレー</color>,<#918877>タン</color>→黒"
Inspector.InfoDeathReason,{0} DeathReason is {1}.,{0}の死因は...{1}だ！
Inspector.InfoTimer,{0} Deathed {1}s.,{0}は{1}秒前に亡くなったようだ。
Inspector.InfoRole,{0} Killer Role is {1},{0}を殺害した犯人の役職は...{1}だな。
Inspector.InfoTeam,{0} was {1},{0}は{1}だった。
Inspector.InfoRoom,{0} on {1}.,{0}は{1}で死亡した。
Inspector.Title,【===== Inspector Search =====】,【===== 捜査結果 =====】
Analyzer_MeetingText,{0} was {1}players...,{0}陣営は残り{1}人いるようだ。
Analyzer_MeetingTitle,【===== Analysis =====】,【===== 解析結果 =====】

OnePlayer,the first person,一人目
TowPlayer,second person,二人目

ShrineMaidencollect,I divined {0} and {1}. \nThe result was... \nThey were in the same camp!,{0}さんと{1}さんを占いました。\n結果は...\n同陣営でした!
ShrineMaidennotcollect,I divined {0} and {1}. \nThe result was... \nThey were not in the same camp...,{0}さんと{1}さんを占いました。\n結果は...\n同陣営ではありませんでした...

RemainingOneMeetingCount,This meeting can be occupied the remaining{0}times.,この会議では残り{0}回占えます。,,,,
RemainingCount,You can divine the remaining {0} times.,残り{0}回占えます。,,,,

NiceLoggerTitle,===DoorLog===,ドアログ情報
NiceLoggerAbility,\n<u>{0} has passed {1}'s sensor.,\n<u>{0}が{1}のセンサーを通過した。</u>
NiceLoggerAbility2,\n<u>None of them passed the sensors on the {0}</u>,\n<u>誰も{0}のセンサーを通過しなかったようだ。</u>
AmatruertellerTellMeg,Divine,を占おう...
CurseMakerMeetingMeg,<#553d59>CurseMaker</color> was {0} players Cursed...,<#554d59>カースメーカー</color>が{0}人の船員を呪った...

PhantomThiefTitle,"<align=center""><size=150%>～～</size>""","<align=center""><size=150%>～予告状～</size>"""
PhantomThiefmeg0,Red,人一倍情熱のある船員
PhantomThiefmeg1,Blue,清涼感のある論理的な船員
PhantomThiefmeg2,Green,温厚で平和主義な船員
PhantomThiefmeg3,Pink,風雅な心を持つ船員
PhantomThiefmeg4,Orange,明るく陽気な船員
PhantomThiefmeg5,Yellow,好奇心旺盛な船員
PhantomThiefmeg6,Black,重厚で威厳のある船員
PhantomThiefmeg7,White,軽やかで協調性のある船員
PhantomThiefmeg8,Purple,高貴で気品のある船員
PhantomThiefmeg9,Brown,温かみのある自然体な船員
PhantomThiefmeg10,Cyan,冷静で爽やかな船員
PhantomThiefmeg11,Lime,積極的で前向きな船員
PhantomThiefmeg12,Maroon,温和で包容力のある船員
PhantomThiefmeg13,Rose,安心感のあるやさしい船員
PhantomThiefmeg14,Banana,寛大な心を持った船員
PhantomThiefmeg15,Greay,穏やかで控えめな船員
PhantomThiefmeg16,Tan,信頼感のある落ち着いた船員
PhantomThiefmeg17,Coral,繊細で愛情深い船員
PT.Impostor,Team Impostor Win,潜伏した悪しき異星人が船員を滅ぼす時
PT.Crewmate,Team CrewMate Win,船員同士で協力し　悪しき船員に打ち勝つ時
PT.Neutral,Team Neutral Win,どちらの陣営にも立たない特定の船員が\n成し遂げたい欲望を満たす時
PhantomThiefmegInfo,is {0]...,Ps ...つまり{0}ってこと。
PhantomThiefNoticePlayer0,"<align=center"">.\n At the end of the match when {0} wins.\n we will take everything he survived.""","<align=center"">.\n 争いが終わりを告げ、\n{0}に\n勝利の女神がほほ笑む時\n存命し続けた彼の全てを頂戴する<size=120%>\n怪盗K</size>"""
PhantomThiefNoticeTeam0,"<align=center"">.\n I'll take everything {0} has to give me that has kept him alive.""","<align=center"">.\n 争いが終わりを告げ、\n{0}\n存命し続けた彼の全てを頂戴する<size=120%>\n怪盗K</size>"""
PhantomThiefNoticeemail0,"<align=center"">.\n When the conflict is over and the sailor who has captured my interest is victorious\n I will take all that he has left to live.""","<align=center"">.\n 争いが終わりを告げ、\n私の興味を惹いた船員が勝利を掴み取る時\n存命し続けた彼の全てを頂戴する<size=120%>\n怪盗K</size>"""
PhantomThiefNoticeRole,"<align=center"">.\n When the conflict comes to an end\n{0}\nand {1} claims the glory of victory\ntheir triumph is stolen away.<size=120%>Phantom Thief K</size>\n""","<align=center"">.\n 争いが終わりを告げ、\n{0}\n{1}が勝利の栄光を手に入れた時\n彼の勝利を簒奪する。<size=120%>\n怪盗K</size>"""
PhantomThiefRole.Impostor,A threat that drives this ship toward destruction,この船を滅亡へ追い込む脅威である
PhantomThiefRole.Crewmate,A role that keeps this ship in peace,この船を平和に保つ役割の
PhantomThiefRole.Neutral,Acting solely in pursuit of their own desires,己の願望のみを第一に行動している
PhantomThiefRole.Lovers,They will live on together with their beloved partner,大切な相手と共に存命するであろう
PhantomThief_Title,【====== PhantomThie is alive ======】,【====== 怪盗生存中 ======】
PhantomThiefStolenMessage_0,The PhantomThie stole something from somewhere.,怪盗が何処かから何かを盗んだ...
PhantomThiefStolenMessage_1,The PhantomThie is preparing to commit a theft.,怪盗が盗みの準備を進めている。
PhantomThiefStolenMessage_2,The PhantomThie fell. He's so clumsy.,怪盗がこけた。おっちょこちょい。

Message.BakeryTitle,【====== Bakery is still alive ======】,【====== パン屋生存中 ======】
Message.Bakery,Bread was served by a baker,パン屋によってパンが振る舞われました。
Message.Bakery1,The bakery has started a social networking site!,パン屋がSNSを始めたよ!
Message.Bakery1.1,ＯBakery\n　Making new bread.,Ｏパン屋\n　新作パンを作ってるなう
Message.Bakery1.2,ＯBakery\n　I smashed the powder all over the place:(,Ｏパン屋\n　粉ぶちまけちゃった(´・ω・｀)
Message.Bakery1.3,"ＯBakery\n　I'm off today, so I'm traveling!",Ｏパン屋\n　今日はお休みなので旅行に出かけてま～す^^
Message.Bakery1.4,ＯBakery\n　Onigiri delicious!!!!,Ｏパン屋\n　おにぎり美味しっ!!
Message.Bakery1.5,ＯBakery\n　I fell asleep...,Ｏパン屋\n　ねぼうしちゃった...
Message.Bakery1.6,ＯBakery\n　Maybe we should start a video posting site next...?,Ｏパン屋\n　次は動画投稿サイトも始めようかな...?
Message.Bakery1.7,ＯBakery\n　Sold very well today!!!!,Ｏパン屋\n　今日凄く売れた!!(*´艸`*)
Message.Bakery1.8,Baker's post is a big buzz!,パン屋のポストが大バズリ!!
Message.Bakery1.9,ＯBakery\n　{0}Following has been surpassed~!,Ｏパン屋\n　{0}フォロー突破しました～!!
Message.Bakery1.10,ＯBakery\n　Sleepy... (˘ω˘),Ｏパン屋\n　ねむい...(˘ω˘)
Message.Bakery2,{0} Bread Festival Campaign has begun!,{0}のパン祭りキャンペーンが始まったよ!!
Message.Bakery2.1,The campaign boosted sales and made the bakery happy.,キャンペーンで売り上げが上がってパン屋はにこにこ。
Message.Bakery2.2,Everyone buys bread.,キャンペーンシール集めに皆パンを大人買い
Message.Bakery2.3,The Bread Festival campaign was promoted by a TV commercial.,TVのCMでパン祭りキャンペーンが宣伝された。
Message.Bakery3,Bread was served by a baker,パン屋{0}店、{1}始めました。
spring.Ba,udon with deep-fried tofu,きつねうどん
summer.Ba,chilled Chinese noodles,冷やし中華
fall.Ba,sweet potatoes,石焼き芋
winter.Ba,Udon,しゃぶしゃぶ
Message.Bakery3.1,I heard that the bakery recently started {0} selling well.,最近パン屋が始めた{0}の売れ行きが良いらしい。
Message.Bakery3.2,The bakery has mixed feelings because {0} sold more than bread.,パンより{0}の方が売れてパン屋は複雑な気持ち。
Message.Bakery3.3,Everyone's flocking to the bakery in search of {0}.,{0}を求めて皆パン屋に集まってる
Message.Bakery4.1,No bread because the baker overslept,パン屋が寝坊しちゃったからパンはお預け。
Message.Bakery4.2,The baker has caught a cold... Take care...!,パン屋が風邪ひいちゃった...お大事に...!
Message.Bakery4.3,The bakery's bread was featured in the news.,パン屋はアンパンを緊急で作ることになって大忙し...
BalancerMeetingInfo,{0} and {1} were weighed in the balance. Vote for one or the other.,{0}と{1}が天秤にかけられた。\n\nどちらかに投票せよ。
MSKillTitle,<#f8cd46>【=== OMG!!LOOK!!HE!! ===】</coler>,<#f8cd46>【=== おい!!見ろ!!あいつが!! ===】</color>
RMSKillTitle,<#f8cd46>【=== I didn't miss it!! ===】</coler>,<#f8cd46>【=== 今どうなったんだい!? ===】</color>
Meetingkill,was Killed.,が急に意識を失った。\nどうしたんだろうな。
RMeetingKill,{0} has Guessed {1}!!!It was a brilliant target.,{0}が{1}をゲスしたんだ...!良くあてたな...!
Rgobaku,Oy... \nLooks like {0} tried to ghettoize {1} with {2} and misfired...,ん...?\n{0}は{1}を{2}でゲスしようとして誤爆したようだね...
MMeetingKill,{0} => {1},{0}が{1}に対してシェリフ凸したんだってさ。見事に成功したようだよ
MMeetingKillfall,{0} => {1},{0}が{1}に対してシェリフ凸したんだってさ。残念ながら誤爆したようだね
NunGuess,{0} => {1},{0}が{1}を愚か者だと思って魂を吸収してみたらしい。\n吸収に成功して新たな力を手に入れたようだ。
NunGuessFall,{0} => {1},{0}が{1}を愚か者だと思って魂を吸収してみたらしい。\n吸収に失敗して死んじゃったようだけド。
MassMediaChance,Vote for the murderer of <#512513>★</color>,<#512513>★</color>を殺した犯人に投票せよ
MadAvengerCo,{0} is NeutralKiller.,マッドアベンジャーが{0}を推測した。\n革命に一歩近づいた。
MadAvengerDie,{0} fall.,マッドアベンジャーが{0}を推測した。\n残念だったな。
FoxTelldie,{0} telled Fox,{0}が妖狐を占い、呪殺したようだぜ

Message.TairouTitle,【===== Alive Tairo =====】,【===== 大狼生存中 =====】
Message.TairouAlive,I have a bad feeling about the village,村に嫌な気配がする...
GhostRumourAbilityTitle,【===== RumourNotify =====】,【===== ルーモア通知 =====】
GhostRumourAbilityMeg,{0} was alive...,{0}がここに存在しているらしい...
SantaGiftAddonMessage,SantaClaus gave {0}!,サンタさんから{0}のプレゼントを受け取りました。ふぉっふぉっふぉ...
MissioneerMeg,Mission List,ミッション選択モードになりました。以下のプレイヤーに投票でミッションを設定可能です\n\nミッションリスト\n\n
MissioneerSetMissionMeg,Mission → {0},～選択したミッション～\n\n{0}\n<size=50%>ミッションは再設定するまで適応されます。
mission.Kill,Kill.,誰か一人をキルする
mission.KillToVent,Kill After Vent,キル後、どこかのベントに入る
mission.KillRoom,Kill Random Room,どこかの部屋でキルを行う
mission.KillPlayer,Kill Random player,ランダムに選ばれたプレイヤーをキルする
mission.GoRoom,Go Random Room,ランダムに選ばれた部屋に行く
mission.GoVent,Use Random Vent,ランダムに選ばれたベントに入る
mission.SeePlayer,Touch Random Player,ランダムに選ばれたプレイヤーに接触する
mission.MorePlayer,See 3player,視界内に自身を除く3人のプレイヤーを入れる
mission.Task,Complete one Task,タスクを一つ完了させる
mission.Vote,2Voted,会議で2票以上自身に投票される
mission.AllTaskComp,AllTaskComplete,配布されるタスクを全てこなす
mission.Report,Report DeadBody,死体通報を行う
News_MeetingNews0,<size=90%>【Ship Report】</size>\n<size=70%>It has been revealed that {0} is alive on this ship.</size>,<size=90%>【船報】</size>\n<size=70%>{0}がこの船に生存していることが明らかになった。</size>
News_MeetingNews1,<size=90%>【Ship Report】</size>\n<size=70%>It has been revealed that {0} is alive on this ship.</size>,<size=90%>【船報】</size>\n<size=70%>本部の調査結果によると、ここで{0}が活動しているということが明らかになった。</size>
News_MeetingNews2,<size=90%>【Ship Report】</size>\n<size=70%>It has been revealed that {0} is alive on this ship.</size>,<size=90%>【船報】</size>\n<size=70%>{0}がこの船に存在!?船に及ぼす影響とは!?</size>
Fortune_Meg,Give for {0}.,{0}を受け取りました。\n貴方に幸運が訪れるようニ...!

## GuesserMeg
GuessError1,I think I'm typing something wrong. /bt {id} {name of role} to shoot.,おっと。撃ち方を間違えているようだね。\n/bt ID 役職名\nで撃つんだ。IDは各プレイヤーの左にある黄色い数字だ。
GuessError2,He is dead. You can't shoot him.,おっと。彼は既に死んでいるか回線切断されている。\n死体撃ちはやめてくれ。
Guesssuicide,"I pricked myself up, you know?\nWhat's wrong with you...?",自分を撃ってどないしたん?\n嫌なことあったんやったらワイが話聞くで?
GuessSnitch,"You're {0}, right? \nYou can't hit a snitch that's finished",君は{0}だろ？\nタスクが終わってるスニッチを撃つことはできないよ。
GuessWhiteRole,You can't role:{0}. \nYou Kill here.,{0}な君は確白役職を撃つことができないよ。\n己の手で始末するんだ。
GuessTeamMate,Wow!You Guess Teammate!?\nbetray them in argument.,おいおい！君の仲間を撃ち抜こうとしてるのかい！？\nそれはできないぜ。議論したりだとかで裏切りな
GuessVanillaRole,Can't Guess Vanilla role...,バニラの役職を推測することはできない...ごめんな...
GuessercountError,You've reached the maximum number of times you can hit in a game.,ゲーム中に撃てる回数の上限に達しているよ。無駄撃ちはやめな★
GuesserMTGcountError,You've reached the maximum number of times you can type during one meeting.,1会議中に撃てる回数の上限に達しているよ。\n次の会議にはまた使えるからそれまで待ちな。
NotGuesserError,"Sorry. \nThis /bt command is a gesser ability. \nYou don't have the gesser ability, so you can't use it.",ごめんね。\nこの/btコマンドはゲッサーの能力なんだ。\nゲッサー能力が君には無いだから使えないよ。\n君に渡したその銃は水鉄砲だよ(?)
GuessErrorTuiho,Executed Can't Guess.:(,追放画面ではゲッサーの能力は発動できないよっ!!\nごめんね!!
GuessErrorMadAvenger,I am in the middle of a revolution. Don't get in my way.,革命中だぞ。邪魔をするでない・・・
GuessErrorMadAvengerTitle,【===== You're too late =====】,【=== 何を今更...もう手遅れだぞ ===】
GuessErrorTuihoTitle,【===== Can't Guess Now =====】,【=== 結果を見届けよ ===】
GuessSnitchTitle,【===== Guess for Snitch=====】,【== スニッチは撃てないぞ? ==】
GuessWhiteRoleTitle,【===== Can't Guess Star =====】,【== スターなあの子は撃てない ==】
GuessTeamMateTitle,【===== Can't Guess Teammate =====】,【== アイツの罪を見つけたのか? ==】
GuessVanillaRoleTitle,【===== Can't Guess Vanilla =====】,【== バニラな奴はゲスできない... ==】
Guesssuicidetitle,【==== What are you doing? ====】,【===君は何をしているんだい? ===】
GuessErrortitle,【===I'll show you how to use that gun.===】,【==== その銃の使い方を教えるね ====】
NotGuesserErrortitle,【===I can't give it to you yet.===】,【==== 君にはまだ渡せないね。 ====】
GuessercountErrorT,【===You better check your ammo count.===】,【=== 弾数確認はした方がいいぜ ===】
GuesserMTGcountErrorT,【===That gun is disposable.===】,【=== その銃は使い捨てなんだ ===】

## Roletext
StealthDarkened,Darkened: {0},<size=50%>暗転中: {0}</size>,,,Затемнено: {0},Escurecidos: {0},
WitchCurrentMode,Current Mode:,現在のモード:,当前模式:,現在模式:,Текущий Режим: ,Modo Atual:,
WitchModeKill,Kill,キル,击杀,殺人,Убить,Matar,
WitchModeSpell,Spell,スペル,诅咒,下咒,Заклясть,Feitiço,
WitchModeDouble,Double Enable,ダブル有効,双重有效,兩個模式同時啟用,Двойной,Duplo Ativado,
BountyCurrentTarget,Current Target,現在のターゲット,当前目标,目標,Текущая цель,Alvo Atual,
EnterVentToWin,Enter Vent to Win!!,ベントに入って勝利しろ!!,跳管道来获得胜利！,跳管道來獲得勝利!!,Запрыгните в вентиляцию чтобы победить!!,Entre no Duto Para Ganhar!!!,
UseOnclick,OnClicl => Win!,ワンクリを押して勝利しろ!!
FireworksPutPhase,{0} Fireworks Left,<size=50%>ﾌｧﾝﾄﾑﾎﾞﾀﾝ → 設置\n</size>あと{0}個置け,还要安放{0}枚烟花,還需要安裝{0}枚煙火,Осталось {0} Фейерверков,Restam {0} Fogos de Artifício,
FireworksWaitPhase,Wait for it...,時を待て...,耐心等待....,等待時機...,Подожди время...,Espere o momento certo...,
FireworksReadyFirePhase,Fire!,ﾌｧﾝﾄﾑﾎﾞﾀﾝを押して打ち上げろ！,烟花来咯，大型烟花秀开始！,準備就緒，煙火秀開始!,Огонь!,Lançar!,
LimiterBom,Looks like I'm going to die here...,どうやらここまでのようだ...
MadAvengerchallengeMeeting,"If your masters were wiped out, you could start a revolutionary meeting.",ご主人が全滅していれば革命会議を起こせるぞ
MadAvengerreserve,Be prepared when the time comes.,その時が来るまで準備しろ
CS.Target,★Taeget★,★ターゲット★
PhantomThieftarget,Set Target,今のうちにターゲットを狙え。
PhantomThiefwoitadakuze,terms of victory are mine.,の勝利条件は俺のものだ...
PhantomThiefakiarmero,Can't Thief... :(,この人数だとバレてしまうではないか。
Jumper_SetJumpPos,Set Jumpposition,ファントムボタンを押し、位置を設定しよう
Jumper_Jump,Jump!,準備は整った<size=50%>(ファントムボタン → ジャンプ!)</size>
NiceLoggerLower,Let's install sensors.,センサーを設置しよう
FoxRoomMission,Go to {0},{0}に行け
SelfVoteRoleInfoMeg,Self-voting => RoleAbility,自投票で効果発動
NomalVoteRoleInfoMeg,Voting => RoleAbility,誰かに投票することで効果発動
ProBowlerInfoTextSet,Set Hole,穴を設置しよう
ProBowlerInfoTextKill,Kill target go to Hole,キル → 設置した穴に死体が残る
TurncoatLowerText,Betray {0},{0}を裏切れ...
PhantomButtonLowertext,Use Phantom Button → RoleAbility,ファントムボタン → 能力使用
PhantomButtonKilltargetLowertext,Use Phantom Button → RoleAbility,ファントムボタン → キルターゲットに能力使用
PhantomButtonSideKick,Use Phantom Button → SideKick,ファントムボタン → キルターゲットをサイドキック
EarnestWolfLowerText,Use PhantomButton → ModeChenge,ファントムボタン → モード切替
UseWitchOcButton,UsePhantomButton → Curse,ファントムボタン → キルターゲットを呪
MadSuicideLowerInfo,PhantomButton/KillButton → Suicide,ファントムボタン/キル → 自殺
StealthLowerInfo,UsePhantomButton → AddRoom,ファントムボタン → 暗転部屋追加
CurseMakerLowerText,"Kill → Curse , PhantomButton → CurseKill",キル → 呪う　ファントムボタン → 呪殺
ComebackLowerText,SnapTo:{0},カムバック先:{0}
BalloonerLowerText1,add Bomdistance to walk,歩いて爆破範囲を広げよう
BalloonerLowerText2,UsePhantomButton → Bom!,ファントムボタン → 破裂!
MadBetrayerLowerText,Can kill the Impostor and betray them,インポスターをキルして裏切ることができる
MadBetrayerLowerTextBetray,You betrayed us. Become the imposter's replacement,裏切った。インポスターの代わりとなれ
StrawdollSetTarget,Kill → SetTarget,キル → ターゲット指定
StrawdollShape,Phantombutton → ShapeShift,ファントムボタン → 変身
ArcherLower_SetBow,Phantom → Move to Snipe,ファントムボタン → 移動した反対側に矢を放つ
ArcherLower_Phantom,Phantom → SetBow,ファントムボタン → 弓を取り出す
ArcherLower_ArrowActive,ShootNow,発射中...
WolfBoy_LowerText,Kill {1} a total of {0} times.,合計{0}回{1}をキルせよ
EvilBlender_SabotageLowerAlive,<#ff1919>!!Poison Gas Detected!!\n!!<#ffffff>Reach {1} within {0}</color> seconds!!</color>,<#ff1919>!!毒ガス発生中!!\n!!<#ffffff>{0}</color>秒以内に{1}へ行け!!</color>
EvilBlender_SabotageLower,<#ff1919>!!Poison Gas Detected!!<#ffffff>{0}</color></color>,<#ff1919>!!毒ガス発生中!!<#ffffff>({0}s)</color></color>
Analyzer_Ability,vent → UseAbility,ベント → 陣営の残り人数を確認

## かくれんぼ設定
HideAndSeekOptions,Hide and Seek Settings,かくれんぼの設定,躲猫猫设置,躲貓貓設定,Настройки Пряток,Configurações do Esconde-Esconde,
TrapperBlockMoveTime,Trapped Duration,移動を封じる時間,陷阱师技能封锁凶手移动时长,設陷者封鎖兇手移動時間,Продолжительность заморозки,Tempo Preso,
HideAndSeekWaitingTime,Impostor Standby Time(S),インポスターの待機時間(秒),内鬼阵营在游戏开始后的等待时间,偽裝者在遊戲開始後的等待時間(秒),Время ожидания Предателей(Секунды),Tempo de Espera do Impostor (S),
IgnoreVent,Disable Vents,ベントの使用を禁止する,禁止使用管道,禁止使用管道,Отключить вентиляцию,Desativar Dutos,
HideAndSeekRoles,Hide and Seek Roles,かくれんぼの役職,躲猫猫职业,躲貓貓職業,Роли в Прятках,Classes do Esconde-Esconde,

## 死因
DeathReason.Kill,Kill,キル,被杀,被殺,Убит,Abatido,
DeathReason.Vote,Ejected,追放,放逐,被丟,Изгнан,Exilado,
DeathReason.Suicide,Suicide,自殺,自杀,自殺,Суицид,Suicídio,
DeathReason.Spell,Spell,呪殺,咒杀,咒殺,Заколдован,Feitiço,
DeathReason.Bite,Bitten,噛殺,吸血,咬死,Укушен,Mordido,
DeathReason.FollowingSuicide,Lover's Suicide,後追い,为爱而死,戀人共死,♡Суицид♡,Suicídio por Amor,
DeathReason.Bombed,BomberExplosion,爆死,炸死,炸死,Взорван,Explosão,
DeathReason.mistaking,Mistaking,誤認
DeathReason.Misfire,Misfire,誤爆,走火,走火,Убился,Alvo Incorreto,
DeathReason.Torched,Torched,焼殺,烧死,燒死,Сожжён,Queimado,
DeathReason.Sniped,Sniped,狙撃,狙杀,被狙,Застрелен,Baleado,
DeathReason.Execution,Execution,処刑,处决,處刑,Казнен,Executado,
DeathReason.Disconnected,Disconnected,回線切断,断连,斷線,Вышел,Desconectado,
DeathReason.Fall,Fall,転落,摔死,摔死,Упал,Queda,
DeathReason.Revenge,Revenge,道連れ,复仇,復仇,Месть,Vingança,
DeathReason.Counter,Counter,返り討ち
DeathReason.Grim,GrimKill,他界
DeathReason.Guess,Guessed,ゲッサー,赌博,,,,
DeathReason.Infected,Infected,感染,,,Заражён,Infectado,
DeathReason.Magic,Magic,マジック
DeathReason.TeleportKill,TeleportKill,テレポートキル
DeathReason.Trap,Trap,トラップ
DeathReason.NotGather,NotGather,集えず,
DeathReason.Hit,Hit,命中
DeathReason.Suffocation,Suffocation,窒息
DeathReason.etc,Other,その他,其他,其他,Другое,Outros,
Alive,Alive,生存,存活,存活,Выжил,Vivo,
Win,Wins,勝利,胜利,勝利, Победили,Vitória,
Last-,Last,ラスト,仅存,獨活,Последний ,Último,

## ボタンテキスト
EvliTellerAbility,Tell,占う
SniperSnipeButtonText,Snipe,狙撃,狙击,狙擊,Застрелить,Atirar,
FireWorksBomberExplosionButtonText,Fire,爆破,引爆,引爆,Зажечь,Explodir,
FireWorksInstallAtionButtonText,Set,設置,设置,安裝,Установить,Colocar,
SerialKillerSuicideButtonText,Suicide Timer,自殺まで,自杀倒计时,自殺倒數,До Суицида,Suicídio Em,
WarlockCurseButtonText,Curse,呪う,下咒,詛咒,Проклинать,Amaldiçoar,
WitchSpellButtonText,Spell,スペル,诅咒,下咒,Заклинать,Feitiço,
VampireBiteButtonText,Bite,噛む,吸血,吸血,Укусить,Morder,
ArsonistDouseButtonText,Douse,塗る,涂油,澆油,Облить,Encharcar,
PuppeteerOperateButtonText,Manipulate,操る,操控,操控,Управлять,Manipular,
BountyHunterChangeButtonText,Swap,変更,变更,變更,Смена цели,Trocar,
EvilTrackerChangeButtonText,Track,追跡,追踪,追蹤,Отслеживать,Rastrear,
BomberAbilitytext,attach,与える,,,,,
DisableButtonText,Disable,無効化,,,,,
DestroyButtonText,Destroy,破壊,,,,,
ChefButtonText,Hand Over,渡す,,,,,
MagicButtonText,Magic,マジック,,,,,
PhantomThiefButtonText,Trick,狙う
rkTargetButtonText,Designation,ターゲットを決める
MayorAbilitytext,Call Meeting,ボタン
Jumpertext,Set / Jump,設置/ジャンプ
ReloaderAbilitytext,Reload,リロード
ShyBoyText,Suicide Timer,自殺まで
CamouflagerText,Camouflage,カモフラージュ
Modechenge,Mode Chenge,モード切替
PenguinKillButtonText,Drag,拉致,,,ПЕРЕТАСКИВАТЬ,Arrastar,
PenguinTimerText,Drag Timer,残り時間,,,Время перетаскивания,Tempo para Arrastar,
Infected,Infected,感染,,,Заражён,Infectado,
MadChanger_Targetset,Set Target,ターゲット設定
MadChanger_Change,Change,チェンジ！
CurseMakerbooom,Curse Kill,呪殺
NiceLogger_Ability,installation,設置
EvilHackerAbility,Admin,アドミン
StealthAbility,add rooms,追加
MadAvengerAbility,Call Meeting,革命を起こす
CamebackerAbility,CameBack,カムバック
ToiletFanAbility,Open,オープン！
SpeedStarAbility,SpeedUp!,ブースト
VentOpenerAbility,Open!!,追い出す！
VentHunterAbility,Set a trap,仕掛ける
EraserAbility,Erase,役職を消す
ProBowler_Ability,Dig,穴を掘る
BalloonerAbility,Rupture,破裂
CharismaStarGatherButtonText,Gather,集合
QuickKiller_Timer,QuickTime,クイックモード
Archer_AbilityButton,Shot,矢を放つ
EvilBlender_AbilityButton,ReleaseGas,毒ガス発生
Fortuner_AbilityButton,Give,付与

## クライアント設定
Close,Close,閉じる,关闭,,Закрыть,Fechar,
TOH-KOptions,<#00bfff>TOH-K</color> Options,<#ffcc00>TOH-S</color>の設定,<#00bfff>TOH-K</color> 选项,,Настройки <#00bfff>TOH-K</color>,<#00bfff>TOH-K</color> Opções,
ForceJapanese,Force Japanese,日本語に強制,强制使用日语,強制使用日語,Принудительный Японский,Forçar Japonês,
JapaneseRoleName,Japanese Role Name,日本語の役職名,用日语显示职业名,,Японские названия ролей,Nomes de Classes Japoneses,
UnloadMod,Disable The Mod,Modを無効化,切换为原版,,Отключить мод,Desabilitar o Mod,
UnloadWarning,"<#ffff00><size=200%>Warning</size></color>\n\nTo re-enable the mod, you must restart the game. Would you like to continue anyway?",<#ffff00><size=200%>警告</size></color>\n\nModを再び有効化するにはゲームの再起動が必要です。本当に無効化しますか？,<#ffff00><size=200%>警告：</size></color>\n\n切换后需要重启游戏来恢复模组，确定要切换原版吗？,,<#ffff00><size=200%>Внимание!</size></color>\n\nДля повторного включения мода необходимо перезапустить игру. Вы все равно хотите продолжить?,"<#ffff00><size=200%>Aviso</size></color>\n\nPara reativar o mod, você precisará reiniciar o jogo. Deseja continuar assim mesmo?",
CannotUnloadDuringGame,The mod cannot be disabled during a game.,試合中はModを無効化できません,游戏中不能切换原版,,Мод нельзя отключить во время игры.,O mod não pode ser desabilitado durante um jogo.,
Cancel,Cancel,キャンセル,取消,,Отменить,Cancelar,
Unload,DISABLE,無効化,确认,,ОТКЛЮЧИТЬ,DESATIVAR,
DumpLog,Output Log,ログを出力,输出日志,,Вывести Журнал,Log de Saída,
OpenLogFolder,Open Log Folder,ログフォルダを開く
UseWebHook,WebHooks,ウェブフック
UseYomiage,Read-aloud feature,読み上げ機能
ChangeSomeLanguage,ChangeSomeLanguage,一部言語に対応させる
CustomName,Today only CustomName,役職名を期間限定の名前に変更する
HideResetToDefault,Hide ResetToDefault,推奨設定を隠す
CustomSprite,Change Button Appearance,ボタンの見た目を変更する
HideSomeFriendCodes,Hide Some Friend Codes,一部画面のフレンドコードを隠す
ViewPingDetails,ViewPingDetails,PINGの詳細を表示
DebugChatopen,Use Chat,常にチャットを開放する
DebugSendAmout,right shift Send Amout,Amout
ShowDistance,Show Distance,距離を表示
DebugTours,DebugTours,DebugTours
FpsLimitRemoval,Fps Limit Removal,FPSの制限を解除する
AutoSaveScreenShot,Auto Save ScreenShot,試合結果のスクショを自動保存する
PreloadMapAssets,Preload Map Assets,事前にマップアセットを読み込む
StreamList,HopeList,参加希望者リスト

HideSomeFriendCodesInfo,Hides the friend codes of crew in the lobby \n(from your perspective only),ロビーにいるクルーのフレンドコード等を非表示にします\n※自身の画面のみ
PreloadMapAssetsInfo,Loads maps on launch / lobby join.\nMay reduce game start loading time.\nRejoin lobby to apply.,ゲーム起動時/ロビー参加時 にマップを読み込みます\nこれによりゲーム開始時のロードが早くなる可能性があります\n※適応にはロビーへの再参加が必要です

## ヘルプテキスト

CommandList,Command List:,コマンド一覧:,指令列表:,指令列表:,Список команд:,Lista de Comandos:,
Command.winner,Display Winners,勝者を表示,显示获胜玩家,顯示上一局的獲勝玩家,Показать победителей,Mostrar Ganhadores,
Command.lastresult,Display Match Result,試合結果を表示,显示上局游戏结果,顯示上一局的遊戲結果,Показать результат матча,Mostrar Resultado da Partida,
Command.rename,Change Host Name,ホストの名前を変更,更改房主昵称,更改房主名字,Изменить никнейм Хоста,Mudar Nome do Anfitrião,
Command.now,Display Active Settings,現在有効な設定を表示,显示当前设置,顯示目前設定,Показать активные настройки,Mostrar Configurações Ativas,
Command.h_now,Display Active Settings Description,現在有効な設定の説明を表示,显示当前设置帮助,顯示現在設定的模式和職業說明,Показать описание текущих активных настроек,Mostrar Descrição das Configurações Ativas,
Command.h_roles,<color=roleName> - Display Role Description,<役職名> - 役職の説明を表示,<职业名> - 显示职业介绍,<職業名> - 顯示關於該職業的介紹,<ИмяРоли> — Показать описание Роли,<NomedaClasse> — Mostrar Descrição da Classe,
Command.h_addons,<Add-Ons Name> - Display Add-on Description,<属性名> - 属性の説明を表示,<附加效果名> - 显示附加效果说明,<屬性名> - 顯示關於該屬性的介紹,<ИмяАтрибута> — Показать описание Атрибута,<NomedoAtributo> — Mostrar Descrição do Atributo,
Command.h_modes,<ModeName> - Display Mode Description,<モード名> - モードの説明を表示,<模式名> - 显示模式介绍,<模式名> - 顯示關於該模式的介紹,<ИмяРежима> - Показать описание Режима,<NomedoModo> - Mostrar Nome do Modo,
Command.dump,Output Log to Desktop,デスクトップにログを出力,将游戏运行日志输出到桌面,在桌面上建立遊戲輸出日誌,Вывод журнала на Рабочий Стол,Enviar Registro (log) Para Área de Trabalho,
Command.h_args,Available Args (Clipped),"<size=80%>/hr マッドアベンジャー\n<size=50%>のように</size>\n/hr {役職名}\n<size=50%>と送信するとその役職のインフォが表示されます。\n又、\n<size=80%>/hr Al\n<size=50%>のように</size>\n/hr {役職の略称}\n<size=50%>と送信することでも同様にインフォが表示されます。\n\nI(インポスター),M(マッド),C(クルー),N(ニュートラル),A(アドオン),G(ゴースト)\n等だとその系統の役職と短縮名一覧が表示されます。",可用参数（简写）,可用的參數(簡稱),Доступные Аргументы (Ограниченные),Argumentos Disponíveis (Atalho),
Command.winnerteam,Show winning Team.,勝利した陣営を表示
Command.forceend,"forced eviction from a village""""",強制廃村
Command.apt,"TP player to lobby (0,0)","プレイヤーをロビー(0,0)にTP"
Command.bt,bt (id/color) (role) - target Guess,bt (id/色) (役職) - ゲッサー能力発動
Command.addwhite,AddWhiteList in Allplayers |(playername)→ playername AddWhitelist.,全員をホワイトリストに登録 \n　　　　　　　  (/aw 名前)で一致する人をホワイトリストに登録
Command.timer,Display room timer,ルームタイマーを表示
Command.voice,<Quality> <Max> <Speed> <Step> - Voice Option,<音質> <音量> <速度> <音程> - 声の設定
Command.mw,<time> MessageWait Time,<間隔>メッセージの送信間隔を変更する
Command.kf,See Reactor Flash,キルフラッシュを見せる
Command.killlog,Show GameLog,ゲームログを表示
Command.nowrole,Show AllRole,役職一覧を表示
Command.nowset,Show AssingMode and Vanilla Options,アサインモード/バニラ設定を表示
Command.nowwin,Showin,勝利優先順位を表示
Command.m,Show My Role,自身の役職を表示
Command.mi,Show MeetingInfo,MeetingInfoを再表示
Command.tpo,Tp to out Lobby,ロビーの外へテレポート
Command.tpi,Tp to in Lobby,ロビー内へテレポート
Command.dis,<impostor/crewmate> GameEnd to Disconnected,<impostor/crewmate>切断として終了
Command.sw,"<roleName,None Set> winnerteam GameEnd","<imp/crew,none/Jackal/役職名>勝者を選んで終了"
Command.impchat,Impostor Teammate Send Hidden chat,仲間のインポスターに秘匿メッセージを送信
Command.jacchat,Jackal Teammate Send Hidden chat,"仲間のジャッカル,Jドール,Jマフィアに秘匿メッセージを送信"
Command.LoverChat,Lover Send Hidden chat,恋人に秘匿メッセージを送信
Command.TwinsChat,Twins Send HiddenChat,双子の相方に秘匿メッセージを送信
Command.ConnectingChat,Connecting Send HiddenChat,ｺﾈｸﾃｨﾝｸﾞの相方に秘匿メッセージを送信

OnlyHost,Only Host,ホスト限定
OnlyClient,Only ModClient,導入者限定
Allplayer,All Player,全員
CantUse.lastresult,Unable to use /lastresult during a game.,試合中に/lastresultを使用することはできません。,不可以在游戏中使用/lastresult命令,不可以在遊戲中使用/lastresult指令,Нельзя использовать /lastresult во время игры,Impossível usar /lastresult durante um jogo.,
CantUse.killlog,Unable to use /killlog during a game.,試合中に/killlogを使用することはできません。,不可以在游戏中使用/killlog命令,不可以在遊戲中使用/killlog指令,Нельзя использовать /killlog во время игры,Impossível usar /killlog durante um jogo.,
h_r_impostor,<u> Impostors,<u>インポスター役職
h_r_crew,<u> Crewmates,<u>クルーメイト役職
h_r_Neutral,<u> Neutrals,<u>ニュートラル
h_r_MadMate,<u> MadMates,<u>マッドメイト役職
h_r_Addon,<u> Add-Ons,<u>アドオン
h_r_GhostRole,<u> GhostRoles,<u>幽霊役職
CantUse.Achievement,Unable to use /achievement during a game.,試合中に/achievementを使用することはできません
Null.Achievement,You did not earn a title in the previous game,あなたは前のゲームで実績を獲得してません

## メッセージ
Message.SetToSeconds,Set to {0} seconds.,{0}秒に設定されました,信息发送冷却时间为{0}秒,訊息發送冷卻已設定為{0}秒,Установлен на {0} секунды,Definido para {0} segundos.,
Message.MessageWaitHelp,Specify the first argument in seconds.,第一引数を秒数で指定します。,指定一个数设定秒数,在指令後方指定一個數字來設定秒數,Укажите первый аргумент в секундах.,Especifique o primeiro argumento em segundos.,
Message.TemplateNotFoundHost,"No messages matching ""{0}"" were found.\nPlease add to template.txt like so:\n{0}:contents\n\nDefined Tags:\n{1}",「{0}」に該当するメッセージが見つかりませんでした。\n{0}:内容\nのようにtemplate.txtに追記してください。\n\n定義されているタグ:\n{1},未找到与“{0}”对应的消息。 \n{0}: 内容\n 请添加到 template.txt。 \n\n标签定义：\n{1},"沒有找到與「{0}」相關的訊息,\n請將內容加入template.txt作為{0}的定義內容。\n\n定義標籤:\n{1}",Сообщения соответствующие ''{0}'' не найдены. \n{0}:Содержание\nПожалуйста добавьте в template.txt \n\nОпределенные теги:\n{1},"Nenhuma mensagem correspondente a ""{0}"" foi encontrada.\nPor favor, adicione ao ""template.txt"" da seguinte forma:\n{0}:conteúdo \n\nTags Definidas:\n{1}",
Message.TemplateNotFoundClient,"No messages matching ""{0}"" were found.",「{0}」に該当するメッセージが見つかりませんでした。,未找到与“{0}”相关的消息。,沒有找到與「{0}」相關的訊息,Сообщения соответствующие ''{0}'' не найдены.,"Nenhuma mensagem correspondente a ""{0}"" foi encontrada.",
Message.SyncButtonLeft,There are {0} more emergency buttons left,緊急会議ボタンはあと{0}回使用できます,剩余紧急会议次数: {0},全場拍桌數量還剩下{0}次可使用,Кнопку экстренной встречи можно использовать еще {0} раз,Existem {0} botões de emergência sobrando,
Message.Executed,{0} was executed,{0}を処刑しました,{0}被房主处决了,{0}被處刑了,{0} Был казнен,{0} foi executado,
Message.HideGameSettings,Game settings have been hidden by the host.,ゲーム設定はホストによって秘匿されています。,游戏设置被房主隐藏。,遊戲設定被房主隱藏。,Настройки игры скрыты хостом,As configurações do jogo foram escondidas pelo anfitrião.,
Message.NoDescription,No description.,説明はありません。,无描述,無說明。,Описание отсутствует,Sem descrição.,
Message.KickedByDenyName,"{0} was kicked because its name matched ""{1}"".",{0}は名前が「{1}」に一致したためキックされました。,"{0} 被踢出，因其昵称违规 ""{1}"".",因為{0}的名字和不良名字清單中的「{1}」相符，所以踢出了他。,"{0} был кикнут, так как его имя соответствует ''{1}''","{0} foi expulso porque seu nome coincide com ""{1}"".",
Message.BanedByBanList,{0} has been banned because it has been banned in the past.,{0}は過去にBAN済みのためBANされました。,{0} 已被封禁，因其之前就被封禁过,因為{0}在被記錄在黑名單中，所以禁止了{0}再次進入此房間。,"{0} был заблокирован, потому что он был заблокирован в прошлый раз",{0} foi banido por já ter sido banido antes.,
Message.KickedByNoFriendCode,{0} was kicked because the friend code does not exist.,{0}はフレンドコードが存在しないためキックされました。,{0}被踢出，因其好友编号无效。,{0}因為沒有好友代碼，所以踢出了他。,"{0} был кикнут, так как у него нет кода друга","{0} foi expulso, pois o código de amigo não existe.",
Message.BlackList,{0} has been banned due to being a blacklisted person. Please contact the developer if you have any questions of significance. Please submit it along with your \n inquiry -> {1}.,{0}はブラックリスト登録者の為BANされました。意義申し立てがある場合は開発者にお問い合わせください。\nお問い合わせと一緒に提出してね→{1}
Message.AddedPlayerToBanList,Added {0} to the ban list.,{0}をBANリストに追記しました。,{0}已被添加到封禁名单,已將 {0} 加入到黑名單中，此玩家將無法再進入你的房間。(需安裝TOH-K模組),{0} был добавлен в список забаненых игроков,{0} foi adicionado a lista de banidos.,
Message.AddedWhiteList,Added {0} to the White list,{0}をホワイトリストに追記しました
Message.KickedByModClient,{0} was kicked because Mod Client.,{0}はMod導入者だったためキックされました。
Message.FailedToLoadOptions,Failed to load options,オプションの読み込みに失敗しました,,,Не удалось загрузить настройки,Erro ao carregar as opções,
Message.CopiedOptions,Copied options,オプションデータをコピーしました,,,Скопированные настройки,Opções copiadas,
Message.ExportedOptions,Exported options,オプションデータを出力しました,,,Экспортированные настройки,Opções exportadas,
Message.LoadedOptions,Loaded options,オプションデータを読み込みました,,,Загруженные настройки,Opções carregadas,
Message.OnlyHostCanLoadOptions,Only the host can load options,ホストのみがオプションを読み込めます,,,Только хост может загружать настройки,Apenas o anfitrião pode carregar opções,
Message.LogsSavedInLogsFolder,Logs saved in the logs folder.Please create a bug ticket and attach this file.,ログフォルダにログを保存しました。バグ報告チケットを作成してこのファイルを添付してください。
Message.KickedByNoFriend,{0} was kicked because Non Friend.,{0}はフレンドでないため、Kickしました。
Message.KickedByKickPlayer,{0} was Baned because Repeat join.,{0}はキックされてもなお入り続けるため、BANしました
Message.KickedByInitialName,{0} was Kicked because Initial Name,{0}は初期ネームのため、Kickしました。

## 警告
Warning.EgoistCannotWin,Egoist cannot win,エゴイストが勝利できません,野心家无法获胜,利己主義者無法獲勝,Эгоист не может победить!,Egoísta não pode vencer,
Warning.OverrideExiledPlayer,All ejects will be displayed as a tie.,追放はすべて同数投票として表示されます。,,,"все изгнания будут видны как ничья (но только визуально, на результат голосования это не влияет)",Todas as ejeções serão exibidas como empate.,
Warning.InvalidRpc,Kicked {0} because an invalid RPC was received.\nPlease check that no mods other than TOH-K installed.,不正なRPCを受信したため{0}をキックしました。\nTOH-K以外のMODが入っていないか確認してください。,{0} 被踢出，因其 RPC 无效。 \n请确保没有 TOH-K 以外的模组。,"{0}因為收到無效的RPC,所以踢出了他,\n請確保遊戲除了TOH-K之外沒有其他模組系統被載入",{0} Был кикнут так как получен недопустимый RPC. \nУбедитесь что в системе нет других модов кроме TOH-K.,"{0} Foi expulso, porque um RPC inválido foi recebido. \nPor favor verifique se nenhum outro mod além de TOH-K está instalado.",
Warning.NoModHost,No mod installed on the host,ホストにMODが導入されていません,该房主并未安装mod,該房房主沒有安裝Town Of Host-K模組,У Хоста Лобби не установлен Town of Host-K,O anfitrião não tem o mod instalado,
Warning.MismatchedVersion,{0}\nhave a different version of {1},{0} の\n{1} のバージョンがホストと合致しません。,{0} \n的游戏版本为{1}，与主机版本不符。,,{0} Версия \nне соответствует версии Хоста лобби {1},{0}\ntem uma versão diferente de {1},
Warning.AutoExitAtMismatchedVersion,The host has no or a different version of {0}\nYou will be kicked in {1},{0} のバージョンがホストと合致しません。\nあと {1} 秒で切断されます。,{0} 的版本与主机不符。\n 将在 {1} 秒后被踢出。,,Версия {0} не соответствует Хосту лобби. \nВы будете исключены через {1} секунды,O anfitrião não tem ou tem uma versão diferente de {0}\nVocê será expulso em {1},
Warning.CantModClient,The Room is Can not Use {0}.\nYou will be kicked in {1},この部屋では{0}を導入して参加することが出来ません。\nModを無効化してください。\nあと{1}秒で切断されます。
Warning.NotMatchImpostorCount,Max/min number of Impostor roles is greater than the number of Impostors.,インポスター役職の最小/最大割り当て人数がインポスターより多すぎます。,内鬼数量过小或过大,,"Макс./Мин. количество Предательских ролей больше, чем общее количество Предателей.",O número max/min de classes de impostor é maior que o número de impostores.,
Warning.NotMatchRoleCount,The role is not cast correctly because the minimum number of roles is greater than the number of players.,ロールの最少人数合計がプレイヤーより多いため正常に配役されません。,职业数量设置大于玩家数量,,"Роль подобрана неправильно, так как минимальное количество ролей больше, чем количество игроков.",A classe não foi lançada corretamente porque o número mínimo de funções é maior que o número de jogadores.,
Warning.MoreTeamsThanPlayers,One team will be one player because the number of teams is greater than the number of players.,チーム数がプレイヤーより多いため1チーム1プレイヤーになります。
Warning.TBTask,The game does not end because the total number of tasks is less than the number of tasks required for the team to win.,合計タスク数がチームの勝利条件のタスク数より少ないため、ゲームは終了しません。
Warning.CannotUseAbility,This Meeting Can't Use Role And Add-Ons Ability,この会議中は、属性や役職の能力が使用できません
Warning.OverRole,Role descriptions will be omitted due to the large number of role.,役職が30役職を超えているので役職の詳細設定は省略します
Warning.MismatchedHostVersion,The version does not match the host.\nVersion used by the host: {0},バージョンがホストと合致しません。\n ホストが使用してるバージョン: {0}

## エラー
Error.MeetingException,Error: {0}\r\nPlease use SHIFT+M+ENTER to end the meeting,エラー: {0}\r\nSHIFT+M+ENTERで会議を強制終了してください,错误: {0}\r\n使用 SHIFT+M+ENTER 来中止会议,錯誤: {0}\r\n按下SHIFT+M+ENTER來結束會議,Ошибка: {0}\r\nПожалуйста используйте SHIFT+M+ENTER чтобы принудительно завершить собрание,Erro: {0}\r\nPor favor use SHIFT+M+ENTER para encerrar a reunião,
Error.InvalidRoleAssignment,Error: Invalid role found for a player during role assignment({0}),エラー: 役職設定中に無効な役職のプレイヤーを発見しました({0}),错误：在分配职业时发现职业无效的玩家 ({0}),錯誤:在設定職業時發現{0}持有無效職業,Ошибка: Во время назначения роли для игрока обнаружена недопустимая роль({0}),Erro: Classe inválida encontrada para um jogador no momento de dar as classes ({0}),
Error.SpeedBoosterNullException,Error: The speed boost destination is null.\nPlease save the log and create a bug report ticket.,エラー: スピードブースト先がnullです。\nログを保存し、バグ報告チケットを作成してください。,错误：增速者的增速目标为空。 \n请保存日志并创建错误报告票。,"錯誤:加速器加速的對象無效,\n請將遊戲輸出記錄保存並在TOH-K官方DC群組開啟一張支援票",Ошибка: пункт назначения повышения скорости не указан. \nСохраните логи и создайте заявку на отчет об ошибке.,"Erro: O destino do Impulso de Velocidade é nulo.\nPor favor, salve o log e crie um ticket de erro (bug report).",
Error.InvalidColor,Error: Only default colors are available.,エラー：デフォルトカラー以外は使えません,错误: 仅默认颜色可用,錯誤: 無法使用遊戲自帶以外的顏色。,"Ошибка: Нельзя использовать другие цвета, кроме цветов по умолчанию",Erro: Apenas as cores padrão estão disponíveis.,
Error.CommandFailed,Commands can be used directly.\n\n(Example)\n/n\n/hr Jackal,コマンドはそのまま送信するだけで使用できます。\n\n(例)\n/n\n/hr ジャッカル

### ErrorText関連
ErrorLevel1,Bugs may occur.,何らかのバグが発生する可能性があります。,可能同时产生多个bug,可能同時產生多個Bug,Могут возникнуть некоторые ошибки.,Bugs podem acontecer.,
ErrorLevel2,This may be a bug.,バグが発生している可能性があります。,可能出现bug,可能出現Bug,Возможно вы столкнулись с ошибкой.,Talvez isso seja um bug.,
ErrorLevel3,This version shouldn't have been released.,このバージョンはリリースされるべきではありません。,未发布版本,未發布版本,Эта версия никогда не должна быть выпущена.,Esta versão não deveria ter sido lançada.,
TerminateCommand,Abort Command,廃村コマンド,强制结束游戏命令,強制結束遊戲指令,Команда устарела,Abortar Comando,
#### 000 Test
ERR-000-000-0,No Error,エラーなし,无错误,無錯誤,Ошибок не обнаружено,Nenhum Erro,
ERR-000-900-0,Test Error Lv.0,テストエラーLv0,测试错误Lv0,測試錯誤Lv0,Ошибка теста - Lv0,Erro de Teste Nvl.0,
ERR-000-910-1,Test Error Lv.1,テストエラーLv1,测试错误Lv1,測試錯誤Lv1,Ошибка теста - Lv1,Erro de Teste Nvl.1,
ERR-000-920-2,Test Error Lv.2,テストエラーLv2,测试错误Lv2,測試錯誤Lv2,Ошибка теста - Lv2,Erro de Teste Nvl.2,
ERR-000-930-3,Test Error Lv.3,テストエラーLv3,测试错误Lv3,測試錯誤Lv3,Ошибка теста - Lv3,Erro de Teste Nvl.3,
ERR-000-804-1,"TownOfHost-K does not support the Vanilla HnS, so unloaded.",現在バニラのHide And Seekはサポートされていません。modを無効化しました。,"TOH-K不支持原版躲猫猫, mod因此失效",Town Of Host模組尚未支援原版的Hide And Seek模式，所以模組將暫時卸載。,Мод не поддерживает обычные Прятки. Мод был отключён,"TownOfHost-K não suporta o Esconde-Esconde padrão, então foi descarregado.",
#### 001 Main
ERR-001-000-3,Main dictionary has duplicated keys.,MainのDictonaryでKeyの重複が発生しています。,在主目录出现重复密钥,在主目錄出現重複密鑰,Дублирование ключей происходит в основном словаре.,Dicionário principal tem chaves duplicadas.,
#### 002 Support
ERR-002-000-1,Unsupported AmongUs version. Please update.,サポートされていないAmongUsバージョンです。ゲームをアップデートしてください。,,,"Неподдерживаемая версия AmongUs. Пожалуйста, обновите игру","Versão não suportada do Among Us. Por favor, atualize.",
#### 010 Session
ERR-010-000-2,An error occurred while processing disconnection. Please abort the game.,プレイヤーの切断処理中にエラーが発生しました。廃村してください。,,,,
ERR-010-001-2,An error occurred while processing disconnection. Please recreate the lobby.,プレイヤーの切断処理中にエラーが発生しました。ロビーを作り直してください。,,,,
#### 011 Communication
ERR-011-000-1,Connection is unstable. Normal processing may not be reaching the participant!,接続が不安定です。正常な処理が行われない可能性があります。\n参加者から不具合報告があった場合、ロビーを作り直すことをお勧めします。

## GameLog
log.Start,GameCount:{0},{0}試合目
GameLog,GameLog,ゲームログ
GuardMaster.Guard,Guard against kills from {0}!,{0}からのキルをガード!
SchrodingerCat.Ch,I belong to the {0} camp!,{0}の陣営に所属した!
Executioner.ch,"{0} has died, so I'm changing his Role to {1}.",{0}が死亡したので{1}に役職を変更します
guesssuccess,{0} guessed {1} and hit the mark!,{0}が{1}を推測し、見事的中させた
guessfall,"{0} guessed {1} with {2}, but it misfired",{0}が{1}を{2}で推測したが、誤爆した
Dictator.log,{0} used his ability and died,{0}が能力を使用し死亡した
MassMedia.log,"Guessed {0}, but misjudged ",{0}を推測したが誤爆した
Log.Amanojaku,{0} is Amanojaku!,{0}が<#005243>天邪鬼</color>になった!
Log.MadonnaCo,{0} and {1} are now <#f09199>Madonna Lovers</color>!,{0}と{1}が<#f09199>マドンナラバーズ</color>になった!
Log.MadoonaFa,{0} confessed to {1} but was rejected...,{0}が{1}に告白したがフラれた...
Am.log,{0} has regained his memory!,{0}が記憶を取り戻した!
Taskfin,{0} completed the task,{0}がタスクを完了させた
GiveWH,{0} became a workhorse!,{0}がワークホースになった!
TB,Number of tasks in {0}: {1},{0}のタスク完了数：{1}
log.Sidekick,{0} was side kicked to {1},{0}が{1}にサイドキックされた
log.AM,{0} was died.,{0}は既定ターン経過した為、自殺した
Result.Task,AllTasks:{0},全体のタスク:{0}
Log.PhantomThief,{1} took over on {0},{1}の勝利条件は頂いたぁ！！by{0}
Log.Sabotage,{0} generated {1}.,{0}が{1}を発生させた
Log.FixSab,{0} cured.,{0}が直った
sb.Electrical,Electrical,停電
sb.Comms,Comms,通信妨害
sb.HeliSabotage,HeliSabotage,衝突回避
sb.LifeSupp,LifeSupp,酸素妨害
sb.Reactor,Reactor,リアクター
sb.Laboratory,Laboratory,リアクター
sb.MushroomMixupSabotage,MushroomMixup,キノコカオス
Meeting.Button,The emergency meeting button was used.,緊急会議ボタンが使用されました。
Meeting.Report, dead body was reported.,の死体が通報されました。
Meeting.Shoushu,(Reportar:{0}),(招集者:{0})
Message.Day,【========= Day.{0} ========】,【======== Day.{0} ========】
EraserMeg,{0} => {1},{0} : {1}の役職を消しちゃった!!
SheriffMissLog,Misfire for {0},{0}に誤爆しちゃった！
Log.PlagueDoctor,{0} => {1}%,{0}が{1}感染した...
MadBetrayerLog,Betrayed Impostor.,インポスターを裏切った。
StrawdollKilledLog,{0},藁人形が{0}回切られた...
MissioneerAddpoint,"Mission Complete. Addpoint{0},Point:{1}({2})",Mission Complete. {2}が{0}p入手し、計{1}pとなった
MadWareGameLog,AddPoint{0}. Now:{1},{0}p入手した。合計{1}pとなった

## つーるちっぷ
InsiderModeOptionInfo,Impostor Can See AllPlayer Role,<#ff1919>インポスター</color>が全員の役職を把握します
ColorNameModeInfo,Set the player name as the color name,ゲーム中、プレイヤーの名前が色名に変更されます。
DoubleTriggerThresholdInfo,"The duration of double-clicks will be adjusted.\n<size=60%>Shorter durations are more susceptible to lag, while longer durations may prevent kills from occurring as intended.",ダブルクリック使用役職の\nダブルクリック受付期限を変更します。\n<size=60%>短いとラグに影響されやすいですが、長いとキルが思い通りにいかないことがあります。
SlotRoleInfo,Only one of the specified roles will be assigned.,指定した役職のどちらかのみがアサインされるようになります。
AlienUetukeInfo,"During meetings, you can temporarily transfer your abilities to an impostor ally for a set number of turns. While the transfer is active, your role will be displayed as <#ff1919>Hijack Alien</color>.",会議中、自身の能力を仲間のインポスターに\n一定ターン植え付けることができます。\n植え付け中は役職が「<#ff1919>ハイジャックエイリアン</color>」になります。
GameModeInfo_Standard,<Standard>\nNormalAmongUs.,＜スタンダード＞\n通常のAmongUsです。
GameModeInfo_HideAndSeek,"<HideAndSeek>\n<size=60%>This is a mode where players are divided into Impostors (red) and Crewmates (blue).\nImpostors win by eliminating all Crewmates, while Crewmates win by completing all tasks.\nThere are also special roles designed specifically for Hide and Seek.",＜かくれんぼ＞\n<size=60%>インポスター(赤)とクルー(青)に分かれて遊ぶモードです。\nインポスターはクルー全滅、クルーはタスク完了で勝利です。\nかくれんぼ専用役職もあります。
GameModeInfo_TaskBattle,"<TaskBattle>\n<size=60%>This is a mode where the goal is to be the first to complete all tasks.\nThere are no Impostors, and all players compete as players.\n\nWhen playing solo, it becomes an RTA mode that measures the time taken to complete all tasks.",＜タスクバトル＞\n<size=60%>一番最初にタスクを全て完了させることを目標とするモードです。\nインポスターは存在しておらず、全プレイヤーがプレイヤーとなって競います。\n\n1人だと完了までの時間を計測するRTAモードになります。
GameModeInfo_StandardHAS,<StandardHAS>\n<size=60%>This is a Hide and Seek mode that includes roles assigned in the standard setup.\nPlayer body colors do not change.,＜役職入りかくれんぼ＞\n<size=60%>スタンダードで配役される役職が入ったかくれんぼです。\n体の色は変わりません。
GameModeInfo_SuddenDeath,"<SuddenDeath>\n<size=60%>In this mode, all players fight using roles assigned in the standard setup, and the last surviving player wins.\nThere are also team-based battles.",＜サドンデス＞\n<size=60%>スタンダードで配役される役職を使って全員が戦い、最後まで生き残った1人が勝利です。\nチーム戦もあります。
GameModeInfo_MurderMystery,"<MurderMystery>\n<size=60%>This is a mode where players are divided into Killers and Crewmates.\nKillers win by eliminating all Crewmates, while Crewmates win by eliminating all Killers.\nWhen Crewmates complete their tasks,\nthey become Sheriffs and gain a long-range kill ability.",＜マーダーミステリー＞\n<size=60%>殺人鬼とクルーで分かれて遊ぶモードです。\n殺人鬼はクルー全滅、クルーは殺人鬼全滅で勝利です。\nクルーはタスクを完了させると\n保安官となり遠距離キル能力を所持します。
GM_Info,A role that is assigned only to the host. It starts in a dead state and does not participate in the game.,ホストのみに配役される役職。最初から死亡状態で、ゲームに関与しません。

UpdateDetailsButtonInfo,Click to view update details.,クリックしてアップデートの詳細を表示します

## その他
DefaultSystemMessageTitle,【===== System Message =====】,【===== システムメッセージ ======】,【===== 系统信息 ======】,【===== 系統訊息 ======】,【=== Системное сообщение ===】,【===== Mensagem do Sistema ======】,
MessageFromTheHost,【Message From The Host】,【ホストからの伝言】,【房主消息】,【房主訊息】,【Сообщение от Хоста】,【Mensagem do Anfitrião】,
TabGroup.MainSettings,<#00c1ff><b>Main Settings,<#00c1ff><b><#ffcc00>TownOfHost-S</color> Setting</color>,<#00c1ff>主要设置</color>,<#00c1ff>主要設定</color>,Основная настройка,Configurações Principais,
TabGroup.CrewmateRoles,<#8cffff><b>Crewmate Roles</color>,<#8cffff><b>Crewmate Roles</color>,<#8cffff>船员阵营职业</color>,<#8cffff>船員職業</color>,Роли Членов Экипажа,Classes de Tripulante,
TabGroup.NeutralRoles,<#ababab><b>Neutral Roles</color>,<#ababab><b>Neutral Roles</color>,<#ababab>独立阵营职业</color>,<#ababab>中立職業設定</color>,Нейтральные Роли,Classes Neutras,
TabGroup.ImpostorRoles,<#ff1919><b>Impostor Roles</color>,<#ff1919><b>Impostor Roles</color>,<#ff1919>内鬼阵营职业</color>,<#ff1919>偽裝者職業設定</color>,Роли Предателей,Classes de Impostor,
TabGroup.MadmateRoles,<#ff7f50><b>Madmate Roles</color>,<#ff7f50><b>Madmate Roles</color>
TabGroup.Addons,<#028760><b>Add-Ons</color>,<#028760><b>Add-Ons</color>,<#028760>附加效果</color>,<#028760>副職業設定</color>,Атрибуты,Atributos,
TabGroup.Combinations,<#f7c114><b>Combinations</color>,<#f7c114><b>Combinations</color>
TabGroup.GhostRoles,<#8989d9><b>Ghost Roles</color>,<#8989d9><b>Ghost Roles</color>
ActiveRolesList,Active Roles List,有効な役職一覧,有效职业一览,已開啟職業列表,Список Активных Ролей,Lista de Classes Ativas,
ForExample,Example Use,使用例,使用例子,使用例子,Например,Exemplo de Uso,
ForceEnd,Aborted,廃村,强制结束游戏,遊戲已被強制結束,Игра Окончена,Abortado,
EveryoneDied,No One Left,誰もいなくなった,没有人存活,沒有人存活,Все Мертвы,Não Sobrou Ninguém,
ForceEndText,Host has aborted the game,ホストから強制終了コマンドが入力されました,房主强制结束了游戏,房主已強制結束遊戲,Хост завершил игру,Anfitrião abortou o jogo,
ShowResults,Show Results,結果を表示,,,Показать результаты,Mostrar Resultados,
HideResults,Hide Results,結果を隠す,,,Скрыть результаты,Esconder Resultados,
ShowAward,Show Award,実績を表示,,
HideGameCodes,Hide Game Code,ゲームコードを隠す,直播模式,隱藏遊戲代碼,Скрыть Игровой Код,Esconder Código do Jogo,
updateButton,Update,アップデート,更新,更新,Обновление,Atualizar,
updatePleaseWait,Please Wait...,しばらくお待ちください...,请稍候……,請稍後...,"Пожалуйста, подождите...",Por favor aguarde...,
updateManually,Update failed.\nPlease Update Manually.,アップデートに失敗しました。\n手動でアップデートをしてください。,更新失败。\n请尝试手动更新。,"更新失敗,\n請嘗試手動更新",Ошибка обновления. \nПожалуйста обновите вручную.,"Atualização falhou. \nPor favor, atualize manualmente.",
updateInProgress,Updating...,アップデート中...,更新中……,更新中...,Обновление...,Atualizando...,
announcementUpdate,<size=3f>Update v{0}</size>\n{1},<size=3f>アップデート v{0}</size>\n{1},<size=3f>更新到v{0}</size>\n{1},<size=3f>更新v{0}</size>\n{1},<size=3f>Обновление v{0}</size>\n{1},<size=3f>Atualização v{0}</size>\n{1},
announcementChangelog,<size=3f>ChangeLogs v{0}</size>\n{1},<size=3f>更新内容 v{0}</size>\n{1},<size=3f>更新日志 v{0}</size>\n{1},<size=3f>更新內容v{0}</size>\n{1},<size=3f>Журнал Изменений v{0}</size>\n{1},<size=3f>Alteração de Registros v{0}</size>\n{1},
updateRestart,Update Finished!\nPlease restart the game.,アップデートが完了しました。\nゲームを再起動してください。,更新完毕。\n请重新启动游戏。,更新完成!\n請重新啟動遊戲,Обновление завершено! \nПожалуйста перезапустите игру.,Atualização terminou!\nPor favor reinicie o jogo.,
updateFailed,Update failed.,アップデートに失敗しました。,更新失败。,更新失敗,Не удалось обновить.,Atualização falhou.,
onSetPublicNoLatest,Public rooms are only available in the latest version.\nPlease update.,最新版以外で公開ルームにはできません。\nアップデートをしてください。,不可以在未安装最新模组的前提下创建公开房间。\n请更新本模组。,無法建立一個公共房間，因為使用的不是最新版本的模組\n請更新本模組。,Публичные лобби запрещены за исключением последней версии.\nПожалуйста обновите.,Salas públicas estão disponíveis apenas na última versão.\nPor favor atualize.,
CanNotJoinPublicRoomNoLatest,You can't join public rooms without the latest version.\nPlease update.,最新版以外で公開ルームには参加できません。\nアップデートをしてください。,不可以在未安装最新模组的前提下进入公开房间。\n请更新本模组。,無法在未安裝最新版本的前提下進入公開房間\n請更新本模組,Вы не можете присоединяться к публичным лобби за исключением последней версии.\nПожалуйста обновите.,Você não pode entrar em salas públicas sem a última versão.\nPor favor atualize.,
ModBrokenMessage,The MOD file is damaged.\nPlease reinstall.,MODを構成するファイルが破損しています。\nもう一度導入しなおしてください。,模组文件损坏。\n请重新安装本模组。,模組檔案損壞\n請重新安裝模組,Мод был поврежден.\nПожалуйста переустановите его снова.,Os arquivos do MOD estão danificados.\nPor favor reinstale.,
UnsupportedVersion,Unsupported AmongUs version.\nPlease update.,サポートされていないAmongUsバージョンです。\nゲームをアップデートしてください。,,,"Неподдерживаемая версия AmongUs.\nПожалуйста, обновите игру","Versão não suportada do Among Us. \nPor favor, atualize.",
DisabledByProgram,Public rooms have been disabled by the program,公開ルームはプログラムによって無効化されています,公开房间的操作已被程序禁用,公開房間的操作已經被程式禁用,Создание публичного лобби отключена программой,Salas públicas foram desativadas pelo programa,
PublicNotAvailableOnThisVersion,Public lobbies are not available on this version.\nPlease visit our GitHub.,このバージョンでは公開ルームは使用できません。\n詳しくはGitHubをご覧ください。
CanNotModClientJoin,This version does not allow mod installers to participate,このバージョンではMod導入者の参加はできません
CantPublickAndJoin,This Mod version does not join game and find game,このバージョンではMod導入状態で参加はできません
CantAndroidCreateGame,This Mod version does not create Game for Android.,Android版では、現在参加のみサポートしてます。
DontCreatetext,Do not use custom servers for mods other than TOH-K!,他Mod様のカスタムサーバーを利用して\nTOH-Kを建てるのは迷惑だョ...
StandardHAS,Hide And Seek with Roles,役職入りでかくれんぼ,在躲猫猫模式中加入职业,在躲貓貓中加入多職業模式中的職業,Прятки с Ролями,Esconde-Esconde com Classes,
StandardHASWaitingTime,Standby,待機時間,躲猫猫猎人等待时间,躲貓貓偽裝者等待時間,Время ожидания,Tempo de Espera,
InvalidArgs,Invalid Args,無効な引数,无效参数,無效的參數,Недопустимые Аргументы,Argumento Inválido,
On,ON,オン,开启,開啟,ВКЛ,Ativado,
Off,OFF,オフ,关闭,關閉,ВЫКЛ,Desativado,
ColoredOn,<#7fbfff>ON</color>,<#7fbfff><b>オン</b></color>,<#7fbfff>开启</color>,<#7fbfff>開啟</color>,<#7fbfff>ВКЛ</color>,<#7fbfff>Ativado</color>,
ColoredOff,<#ffb1b2>OFF</color>,<#ffb1b2><b>オフ</b></color>,<#ffb1b2>关闭</color>,<#ffb1b2>關閉</color>,<#ffb1b2>ВЫКЛ</color>,<#ffb1b2>Desativado</color>,
GiveKillcoolShort,Only if shortened,短くなる場合のみ
AllGiveKillCoolShort,Only if shortened\n<size=50%> ※AllRole</size>,短くなる場合のみ\n<size=50%> ※キルク恩恵を受けない役職も含む</size>
CurrentActiveSettingsHelp,Current Active Settings Help,現在有効な設定の説明,当前启用设置及帮助,現在設定的模式和職業說明,Справка по текущим активным настройкам,Ajuda com Configurações Ativas,
Roles,Roles,役職,职业,職業,Роли,Classes,
Settings,Settings,設定,设定,設定,Настройки,Configurações,
Addons,Add-Ons,属性,附加效果,屬性,Атрибут,Atributos,
LastResult,Match Results,試合結果,游戏结果,上一局的遊戲結果,Результат матча,Resultados da Partida,
KillLog,Kill Log,キル履歴,击杀日志,擊殺紀錄,История убийств,Log de Mortes,
Maximum,Max,最大数,最多人数,最大數量,Максимум,Máximo,
NomalVote,vote,投票
Rate0,0%,0%,0%,0%,0%,0%,
Rate5,5%,5%,5%,5%,5%,5%,
Rate10,10%,10%,10%,10%,10%,10%,
Rate20,20%,20%,20%,20%,20%,20%,
Rate30,30%,30%,30%,30%,30%,30%,
Rate40,40%,40%,40%,40%,40%,40%,
Rate50,50%,50%,50%,50%,50%,50%,
Rate60,60%,60%,60%,60%,60%,60%,
Rate70,70%,70%,70%,70%,70%,70%,
Rate80,80%,80%,80%,80%,80%,80%,
Rate90,90%,90%,90%,90%,90%,90%,
Rate100,100%,100%,100%,100%,100%,100%,
Preset,Preset,プリセット,预设,設定檔,Сохранения,Predefinição,
Preset_1,Preset 1,プリセット1,预设1,設定檔 1,Сохранение 1,Predefinição 1,
Preset_2,Preset 2,プリセット2,预设2,設定檔 2,Сохранение 2,Predefinição 2,
Preset_3,Preset 3,プリセット3,预设3,設定檔 3,Сохранение 3,Predefinição 3,
Preset_4,Preset 4,プリセット4,预设4,設定檔 4,Сохранение 4,Predefinição 4,
Preset_5,Preset 5,プリセット5,预设5,設定檔 5,Сохранение 5,Predefinição 5,
Preset_6,Preset 6,プリセット6,预设6,設定檔 6,Сохранение 6,Predefinição 6,
Preset_7,Preset 7,プリセット7,预设7,設定檔 7,Сохранение 7,Predefinição 7,
Standard,Standard,スタンダード,标准,普通,Стандартный,Padrão,
GameMode,Game Mode,ゲームモード,游戏模式,遊戲模式,Игровой Режим,Modo de Jogo,
PressTabToNextPage,Press Tab or Number for Next Page...,Tabキーまたは数字キーを押して次のページへ...,按下tab键查看更多...,按下Tab以顯示下一頁...,Нажмите Tab или Цифру чтобы перейти на следующую страницу...,Aperte Tab ou Números para Passar a Página...,
RoleSummaryText,Game End Player-Roles List:,ゲーム終了時の役職一覧:,游戏结束时玩家的职业:,遊戲結束時玩家的職業:,Игроки и роли в конце игры:,Lista de Classes dos Jogadores ao Final do Jogo:,
Format.Players,{0},{0}人,{0}人,{0}人,{0},{0},
Format.Seconds,{0}s,{0}秒,{0}秒,{0}秒,{0} с,{0}seg,
Format.Percent,{0}%,{0}%,{0}%,{0}%,{0}%,{0}%,
Format.Times,{0},{0}回,{0}次,{0}次,{0},{0},
Format.Multiplier,{0}x,{0}x,{0}x,{0}x,{0}x,{0}x,
Format.Votes,{0},{0}票,{0}票,{0}票,{0},{0},
Format.Pieces,{0},{0}個,{0}个,{0}個,{0},{0},
Format.day,Day.{0},{0}日
Format.Set,{0}Set,{0}組
KillButtonText,Kill,キル,击杀,殺死,Убить,Matar,
DefaultShapeshiftText,Shift,変身,变形,變身,Превращение,Mutar,
DisabledBySettings,Disabled by Settings,設定で無効化されています,已在设置被中禁用,在設定中被禁用,Отключено настройкой,Desativado Pelas Configurações,
Disabled,Disabled,無効,禁用,已被禁用,Отключено,Desativado,
FailToTrack,Failed To Track,追跡失敗,追踪失败,無法追蹤,Не удалось отследить,Falha ao Rastrear,
LastAdminInfo,Last-minute admin information,直前のアドミン情報,,,Актуальная информация администратора,Informações administrativas recentes,
MurderNotify,Murder,キル発生,,,Убийство,Assassinato,
Deadbody,DEAD,死体,,,Труп,MORTO,
Message.AnnounceTOH-K,This room uses TownOfHost-K v{0}.,この部屋はTownOfHost-K v{0}を使用しています。,这个房间使用 TownOfHost-K v{0}.,這個房間使用 TownOfHost-K v{0}.,В этой комнате используется TownOfHost-K v{0}.,Esta sala usa TownOfHost-K v{0}.,
RoleInfoTitle,【Your role】,【あなたの役職】,【你的角色】,【你的角色】,【ваша роль】,【Seu papel】,
AddonInfoTitle,【Your Addons】,【あなたの属性】,【你的角色】,【你的角色】,【ваша роль】,【Seu papel】,
AddRoleInfoTitle,【Addtional Role】,【併せ持つ役職】
GhostRolesIntoTitle,【Your GhostRole】,【あなたの幽霊役職】
Message.first,【===== Preparation time =====】,【===== 準備の時間だ =====】
spring,spring,春
summer,summer,夏
fall,fall,秋
winter,winter,冬
EditCSp,Edit,カスタムスポーンを設定
verChangeButton,Change version,バージョンを変更
versionchangebutton,Change version,バージョン切り替え
OptionCopy,Copy,オプションをコピー
OptionLoad,Load,オプションをロード
OptionReset,Reset,オプションをリセット
OptionCopyInfo,Copy VanillaOption and priset to the clipboard,バニラの設定 と プリセット をクリップボードにコピーします
OptionLoadInfo,Load Vanilla settings and presets from the clipboard\n<#ff1919>※selected preset will be overwritten</color>,クリップボードから バニラの設定 と プリセット を読み込みます\n<#ff1919>注意: 現在の選択しているプリセットが上書きされます</color>
OptionResetInfo,Reset Priset\n<#ff1919>(selected preset will be overwritten)</color>,プリセット をリセットします\n<#ff1919>注意: 現在の選択しているプリセットが上書きされます</color>
GameMasterON,GameMaster : ON,GameMaster : ON
voteskip,No one was expelled.(Skip),誰も追放されなかった(投票スキップ)
votetie,No one was expelled.(Tie),誰も追放もされなかった(同数投票)
fortuihou,{0} was Executed.,{0}が追放された。
fortuihourole,{0} was {2}{1},{0}は{1}{2}
fortuihouisrole, ,だった。
fortuihouisnotrole,not ,ではなかった。
Balancer.Executad,Both were expelled.,どちらも追放された。
votemi,was Revenged.,が道連れされた。
LastMeetingre,Last Meeting Result,前回の投票結果
BalancerMeeting,Balancer Meeting!,天秤会議の時間だ。
Skillplayer,Ability activation target:,能力発動先:
GuessInfo,∮Guesser Command : /bt <#ffff00>ID</color> Role,∮ｹﾞｯｻｰｺﾏﾝﾄﾞ:/bt <#ffff00>ID<size=35%>(色名)</size></color> 役職名
GuessInfoForVanilla,∮Guesse: /bt <#ffff00>ID</color> Role,∮推測ｺﾏﾝﾄﾞ:/bt ID<size=35%>(色)</size> 役職
NowTime,Now,現在の
MI.die,DeadBody : {0},{0}の死体通報
MI.Bot,Call Meeting,緊急会議ボタン
MI.force,Compulsion Meeting,強制会議
Balancer.meeting,ΩBalancer MeetingΩ,Ω天秤会議Ω
Firstmeetinginfo,First Meeting,初手強制会議
Kill,Kill,キル
Revenge,Revenge,道連れ
FollowingSuicide,FollowingSuicide,後追い
ChangeRole,Chenge Role,役職を変更する
NoProcessing,No Chenge,そのまま
SheriffMode,SheriffMode,シェリフモード
TaskMode,TaskMode,タスクモード
Debug,Debug,Debug
GhostRole.log,{0} get {1},{0}が{1}になった。
ModSettingInfo0,Mod Role and Mod Options,MODのロールや機能の設定ができる。\n<size=30%>★役職設定は役職のテキスト部分をクリックしてね!
ModSettingInfo1,Hi :),追加してほしい設定とかあったら提案してね!
ModSettingInfo2,You might also try a position that you haven't used yet,たまには使ってない役職を入れてやってみよ～?
ModSettingInfo3,How about a TaskBattle once in a while?,人が少ない間はタスクバトルなんてどうだい?
ModSettingInfo4,"If you have any questions, please check GitHub!",MODの事で分からないことGitHub見てから聞いてね!
ModSettingInfo5,"Actually, this place changes randomly.",実はここ、ランダムで変わるよ。
ModSettingInfo6,It looks like the bakery and the fox have rare messages!,パン屋と妖狐にもレアメッセージあるらしいよ。
ModSettingInfo7,;) ☆～,(・ω☆)～  きら～ん
ModSettingInfo8, ,                                      <size=1.5>知らない! <???\n    そんなことより設定しよ!</size>\n<#ff1919>< なにこれ？
ModSettingInfo9,_(:3 」∠)_ Hey!,_(:3 」∠)_ \nそんな押しても何もないよ\n<size=50%>でも、AmongUs起動して直ぐにとあるキーを同時押ししたらなにかあるかもネ
ModSettingInfo10,"Sudden death mode is fun, too!",頭を使うのに疲れたらサドンデスモードで暴れてみョ
OptionResetMeg,This Preset Reset!,このプリセットをリセットしたよ!\n<size=50%>プリセットとリセットってなんか似てるよね(?)
OptionCopyMeg,This Preset Copy!,このプリセットをコピーしたよ!
OptionLoadMeg,This Preset Loaded!,オプションをロードしたよ!
NotAssigned,NotAssigned,NotAssigned
OneLoveWin,Love has come true!,恋が実った！
CrewMate(Mad),CrewMate And MadMate,クルーメイト & マッドメイト
ShowTeam,ShowTeam,陣営を表示
RoleTemplate,RoomInfo,補足
Sidekick,Sidekick,サイドキック
CamouflagerMeetingInfo,CamouflageBody,カモフラ
TellNeutral,Team Neutral,ニュートラル
SoloWin,Solo,単独
AddWin,Add,追加
Statistics,Statistics,統計
AprilfoolOnly,AprilOnly,(エイプリルフール限定)
ShowwinSetting,ShowwinSetting,勝利優先順位\n<size=80%>数字が高い陣営が優先されます。\n同値の場合、共に勝利します。
LimitSendInfo,※Only Can See You,※あなたの陣営のみに見えています。
TimeLimit,Device TimeLimit,情報機器の制限時間
ShowFilters,This Option Set Value Click Role Button!,ここの設定に適応する役職を左クリックしてね！
PlatfromRight,Set Rigth,右に固定
PlatfromLeft,Set Left,左に固定
Puppet,Puppet,パペット
CustomSpawnEditInfo,Set CustomSpoawnEdit.,<size=130%>～カスタムスポーン設定～</size>\nシェイプシフト画面からカスタムスポーンを設定できる。\n既に設定したカスタムスポーンを選択すると「現在地に移動」「スポーン場所へ移動」「削除」の作業ができる。
Nearroom,Near{0},{0}付近
ModMapName.200,Jungle,西ジャングル
ModMapName.201,Jungle,中央ジャングル
ModMapName.202,Jungle,東ジャングル
ModMapName.203,Beach,焚火
AssassinGuessCollect,{0} was Merlin...,{0}はマーリンだった。
AssassinGuessNonCollect,{0} was not Merlin...,{0}はマーリンではなかった...
ElectorCancelMessage,You are Elector.\nYou can't vote skip.\nVote for player.,君はイレクターなんだよ。\nスキップできない属性でね。\n誰かに投票してね。
SelfVoterCancelMessage,Voting has been accepted. Only role abilities can be used.,投票を受け付けました。\n役職能力のみ使用できます。
StatisticsError.Null,Statistics are obtained by playing the game online.,オンラインでゲームをプレイすることで統計されます。
StatisticsError.forceend,No statistics are available due to the closed village,廃村の為、統計されません
StatisticsError.Debug,No statistics are shown due to debug mode,デバッグモードの為、統計されません
StatisticsError.Local,No statistics are shown due to local,ローカルの為統計されません
StatisticsError.insufficient,No statistics due to insufficient numbers,人数不足の為、統計されません
StatisticsError.Oldversion,No statistic. reason:Oldversion.,過去バージョンの為、統計されません
LobbyError.insufficient,"\nAlso, darkening is likely to occur.",\nまた、暗転が起こりやすいです。
Statistics.GameCount,GameCount,ゲーム数
Statistics.WinCount,Win:,勝利数:
Statistics.RoleWinCount,Role(win/all),役職(勝/計)
Statistics.Killcount,Kill Count,死因別のキル数
Statistics.deadcount,Dead Count,死因別のデス数
Statistics.taskcount,taskcount,合計完了タスク数
Statistics.completetaskcount,Completed Count,タスクを全て完了した回数
Statistics.Modecount,PlayerModecount (win/all),モード別の勝利数(勝/計)
Statistics.Typecount,RoleType (win/all),陣営事の勝利数(勝/計)
SoundOptions,SoundOptions,サウンド設定
Reset,Reset,リセット
Ambience,Ambience,環境
LobbyBGM,LobbyBGM,ロビーBGM
Unsettled,Unsetteled,未設定
Setteled,Setteled,設定済み
DownloadMod,Download Host Version,ホストのバージョンをダウンロード
RestorCode,RestorCode,前回のコードを復元
ClicktoCancel,Click to Cancel,クリックしてキャンセル
Camera,Camera,カメラ
Doorlog,Doorlog,ドアログ
Vital,Vital,バイタル
Addmin,Addmin,アドミン
LimitTime,Limit,残り時間
DeviceCantUse,CantUse,使用不可
ActiveOptionOnly,Active Option Only,有効なMap設定/役職のみ表示する
RoleReset,Role Reset,役職をリセットする
SheriffAndMadPreset,"Sheriff & Mad & Evil Tracker,Hacker",<#f8cd46>シェリ</color><#ff1919>マ <#ffffff>+ </color>イビハカトラ</color>構成
SetMenyRole,Meny Role,多役構成
AllRole,AllRole,闇鍋
AllRoleAndSubRole,All Role and Subrole,属性/幽霊役職入り闇鍋
SetSuddenDeathMode,SetSuddenDeathMode,サドンデスモード
SetPresetName,Set PresetName,プリセット名編集
Search,Search,検索
IntroLeftPlayerError,"If you are experiencing the same person error drop during the intro, please try turning on the yellow “Intro Disconnect Rpc Weight” setting at the top of the \n “Mod Settings”.",イントロ時に同一人物のエラー落ちが多発する場合、\n「Mod設定」の上の方にある黄色の「イントロの通信量を改善してみる」設定をONにしてお試しください。
RenameError.NotLobby,The /rename command cannot be used outside of the lobby.,/renameコマンドはロビー以外で使用できません。
ModSettingInfo_Camratio,It is not 16:9 aspect ratio!!\nThe UI will be broken!,画面比率が16:9のものではありません!!\nUIが崩れます!
Vent,Vent,Vent
ArsonistLogInfo,{0} Doused.,{0}に油が塗られた
OneWolf.NoChange,Nochange,キルを行う
OneWolf.Guard,Guard,ガードされる
OneWolf.Remove,Remove OneWolf,キル後、一匹狼解除
OneWolf.GuardAndRemove,Guard and Remove OneWolf,ガード後、一匹狼解除
GuardData,Guarddata,ガード系情報
GuardDataInfo,Kill Level > Guard Level: Kill Successful\nGuard Level => Kill Level: Guard Applied\n\n,キルのレベル > ガードレベル：キル成功\nガードレベル => キルのレベル：ガード適応\n\n
Normal,Normal,通常時
GuardPower,GuardPower-{0},ガードLv.{0}
KillPower,KillPower-{0},キルLv.{0}
NowURLTitle,Youtube URL,配信のURL<size=50%>(youtube限定)
ClickToSetURL,streamURL Click to Paste,クリックしてURLをペースト
JoinWordTitle,Join Word,参加ワード<size=30%>(+プレイヤー名)
RemoveWordTitle,RemoveWord,辞退ワード
Delete,Delete,削除
Achievement,Achievement,実績
AssassinMeeting,AssassinMeeting,アサシン会議
Weight_0,Nomal,通常の分割
Weight_1,Split,分割する
Weight_2,Super Split,すごく分割する
MM_Unknow,Cannot join: Host does not have the required mods.,ホストがMODを導入していないため、参加できません。
MM_MismatchedForkId,Cannot join because the host’s mods do not match yours,ホストとMODが一致しないため、参加できません。
Unknown,Unknown,不明
EvilBlender_Sabotage,PoisonGas,毒ガス
Kuma,Kuma,クマ,熊,熊,Кума,Kuma,Kuma
KumaInfo,Kill with a long reach.,リーチが長く、離れた距離からもキルできる。,击杀距离更远。,擊殺距離更遠。,Убивайте с большой дистанции.,Mate a longa distância.,Mate a longa distância.
KumaInfoLong,"(Impostor):\nSame kill cooldown as a normal Impostor, but has a longer kill reach. You have no tasks.",(インポスター):\n通常のインポスターと同じキルクールダウンを持つが、キルのリーチが長い。タスクはない。,(内鬼):\n击杀冷却与普通内鬼相同，但击杀距离更远。没有任务。,(狼人):\n擊殺冷卻與普通狼人相同，但擊殺距離更遠。沒有任務。,"(Предатель):\nТакой же откат убийства, как у обычного Предателя, но большая дистанция убийства. У вас нет заданий.","(Impostor):\nMesmo cooldown de um Impostor normal, mas com alcance de morte maior. Você não tem tarefas.","(Impostor):\nMesmo cooldown de um Impostor normal, mas com alcance de morte maior. Você não tem tarefas."
Sheriff2,Rogue Sheriff,自称シェリフ,自封警长,自封警長,Самозванный Шериф,Xerife Fugitivo,Xerife Fugitivo
Sheriff2Info,Hunt down the Impostors on your own.,単独でインポスターを狩れ。,单独猎杀内鬼。,單獨獵殺狼人。,Охотьтесь на Предателей в одиночку.,Cace os Impostores sozinho.,Cace os Impostores sozinho.
Sheriff2InfoLong,(Neutral):\nYou can kill anyone. Killing the required number of Impostors grants you a solo victory. Killing the real Sheriff also grants an immediate solo victory. You have no tasks.,(ニュートラル):\n誰でもキルすることができる。既定数のインポスターをキルすると単独勝利する。本物のシェリフをキルした場合も即座に単独勝利する。タスクはない。,(独立):\n可以击杀任何人。击杀既定数量的内鬼即可单独获胜。击杀真正的警长也会立即单独获胜。没有任务。,(獨立):\n可以擊殺任何人。擊殺既定數量的狼人即可單獨獲勝。擊殺真正的警長也會立即單獨獲勝。沒有任務。,(Нейтрал):\nВы можете убить любого. Убийство необходимого числа Предателей приносит вам сольную победу. Убийство настоящего Шерифа также немедленно приносит сольную победу. У вас нет заданий.,(Neutro):\nVocê pode matar qualquer um. Matar o número necessário de Impostores concede uma vitória solo. Matar o verdadeiro Xerife também concede uma vitória solo imediata. Você não tem tarefas.,(Neutro):\nVocê pode matar qualquer um. Matar o número necessário de Impostores concede uma vitória solo. Matar o verdadeiro Xerife também concede uma vitória solo imediata. Você não tem tarefas.
Sheriff2ImpostorVictoryCount,Impostor Kills to Win,勝利に必要なインポスター討伐数,获胜所需内鬼击杀数,獲勝所需狼人擊殺數,Убийств Предателей для победы,Mortes de Impostores para Vencer,Mortes de Impostores para Vencer
NidoToHyo,NidoToHyo,ツインポート
NidoToHyoInfo,Vote for x twice,もう1回くらいバレないよね！
NidoToHyoInfoLong,"If you complete enough tasks, you can vote for yourself in a meeting to enter Targeting Mode. In Targeting Mode, voting for two other players locks them in as targets and sounds one sabotage flash, but the meeting is NOT forcibly ended. Once both targets are locked in, each target's team (Crewmate / Impostor / Neutral) is announced to everyone in the chat. The meeting then continues completely normally.",指定数のタスクを完了していると、会議で自分に投票することで指名モードに入れる。\n指名モード中に他の2人に投票すると、その2人がターゲットとして確定し、サボタージュの赤い点滅が1回鳴る(会議は強制終了しない)。\n2人が確定すると、それぞれの陣営(クルー/インポスター/ニュートラル)が全員にチャットで公開される。\nその後は会議がそのまま通常通り進行する。
NidoToHyoRequiredTaskCount,Tasks Required,能力使用に必要なタスク完了数
NidoToHyoCanUseAllAlive,Can use ability while everyone is alive,全員生存中でも能力を使用可能にする
NidoToHyo.TaskNotEnough,You need to complete {0} more tasks to use this ability.,タスクをあと{0}個終わらせないと能力を使えない。
NidoToHyo.SelectTargets,<#ff66c4>Targeting Mode</color> is active. The next two people you vote for become the targets.,<#ff66c4>指名モード</color>に入った。次に投票する2人がターゲットになる。
NidoToHyo.ModeOn,Entered Targeting Mode. The next two people you vote for become the targets.,<#ff66c4>指名モード</color>に入った。次に投票する2人がターゲットになる。
NidoToHyo.ModeOff,Left Targeting Mode.,指名モードを解除した。
NidoToHyo.Selected,Selected {1} as the {0} target.,{0}を{1}に指名した。
NidoToHyo.Stage1Activate,Ability activated! Ending this meeting - a second meeting will begin shortly.,能力を発動した!この会議を終了し、まもなく2回目の会議が始まる。
NidoToHyo.SecondMeetingInfo,NidoToHyo's second meeting has begun. Vote for two players to target them.,ツインポートの2回目の会議が始まった。2人に投票してターゲットを指名しよう。
NidoToHyo.Result,{0} was {1}, and {2} was {3}. (Only you can see this),{0}は{1}、{2}は{3}だった。(この結果はあなたにしか見えていない)
NidoToHyo.TeamImpostor,on the Impostor team,インポスター陣営
NidoToHyo.TeamCrewmate,a Crewmate,クルー陣営
NidoToHyo.TeamNeutral,on a Neutral team,ニュートラル陣営
NidoToHyo.Activate,Targeted {0} and {1}. Forcibly ending the meeting.,{0}と{1}を指名した。会議を強制終了する。
NidoToHyo.WinLog,The Crewmates win was secured by NidoToHyo's targeting.,ツインポートの指名により、クルーメイトの勝利が確定した。
TpCommandGeneralPlayer,Allow general players to use /tp,一般プレイヤーも/tpコマンドを使えるようにする
TpCommandGeneralPlayerInfo,"If enabled, non-host players can also use /tp o and /tp i in the lobby. If disabled, only the host can use it.",有効にすると、ホスト以外の一般プレイヤーもロビーで /tp o と /tp i を使えるようになる。無効の場合はホストのみ使用可能。
TpCommand.LobbyOnly,/tp can only be used in the lobby.,/tpコマンドはロビーでのみ使用できる。
TpCommand.NotAllowed,You are not allowed to use /tp. (Ask the host to enable it in the settings),/tpコマンドを使う権限がない。(ホストに設定を有効にしてもらってください)
TpCommand.Out,You moved to the right edge of the ship. Use /tp i to return.,船の右端に移動した。戻るときは /tp i と入力してください。
TpCommand.In,You returned inside the ship.,船の中に戻った。
TpCommand.NoSavedPosition,There is no saved position to return to. Use /tp o first.,戻る座標が記録されていない。先に /tp o を使ってください。
TpCommand.Usage,Usage:\n/tp o - move to the right edge of the ship\n/tp i - return inside the ship,使用方法:\n/tp o - 船の右端へ移動\n/tp i - 船の中へ戻る
TraitorCrewmate,Traitor Crewmate,裏切り物のクルー,,,,,
TraitorCrewmateInfo,Was this choice the right one?,この選択は正しかったのだろうか,,,,,
TraitorCrewmateInfoLong,"You are an Impostor who starts in Impostor mode.\nEnter a vent to switch to Crew mode and do tasks.\nIn Crew mode you cannot kill or sabotage (vent only).\nAfter completing the set number of tasks, you are forced back into Impostor mode permanently.",本物のインポスター。開始時はインポスターモード。\nベントに入るとクルーモードに切り替わり、タスクができるようになる。\nクルーモード中はキル・サボタージュ不可（ベントのみ使用可）。\n指定数のタスクを完了すると強制的にインポスターモードに戻り、以後は通常のインポスターとして行動する。,,,,,
TraitorCrewmateTaskLimit,Task limit before forced Impostor,強制インポスター化までのタスク数,,,,,
TraitorCrewmateForcedLog,{0} completed the task limit and returned to Impostor mode.,{0} がタスク上限に達しインポスターに戻りました,,,,,
TraitorCrewmate_Vent,Become Crew,クルーになる,,,,,
NameCommandGeneralPlayer,Allow general players to use /name,一般プレイヤーも/nameコマンドを使えるようにする,,,,,
NameCommandGeneralPlayerInfo,ON: Anyone can change their own name with /name.\nOFF: /name changes the host's name (usable by anyone).,ONの場合: /name で自分の名前を変更できる。\nOFFの場合: /name でホストの名前を変更できる（誰でも使用可）。,,,,,
NameCommand.LobbyOnly,/name can only be used in the lobby.,/nameコマンドはロビーでのみ使用できます。,,,,,
NameCommand.Usage,Usage: /name <name>,使用方法: /name 名前,,,,,
NameCommand.ChangedSelf,Your name has been changed to {0}.,名前を {0} に変更しました,,,,,
NameCommand.ChangedHost,Host's name has been changed to {0}.,ホストの名前を {0} に変更しました,,,,,
NameCommand.ChangedHostBy,{0} changed the host's name to {1}.,{0} がホストの名前を {1} に変更しました,,,,,

# IceOni (氷鬼)
IceOni,Ice Oni,氷鬼,冰鬼,冰鬼,,,
IceOniModeHeader,Ice Oni Settings,氷鬼の設定,冰鬼设置,冰鬼設定,,,
IceOniOniCount,Oni Count,鬼の人数,鬼的人数,鬼的人數,,,
IceOniKillCooldown,Oni Kill Cooldown,鬼のキルクールダウン,鬼击杀冷却,鬼擊殺冷卻,,,
IceOniThawRange,Thaw Range,解凍範囲,解冻范围,解凍範圍,,,
IceOniThawCooldown,Thaw Cooldown,解凍クールダウン,解冻冷却,解凍冷卻,,,
IceOniOniVision,Oni Vision,鬼の視界,鬼视野,鬼視野,,,
IceOniRunnerVision,Runner Vision,逃げの視界,逃跑者视野,逃跑者視野,,,
IceOniWinWhenAllFrozen,Win When All Frozen,全員凍結で鬼勝利,全员冻结鬼胜利,全員凍結鬼勝利,,,
IceOniTimeLimit,Time Limit (0=None),制限時間 (0=無制限),时间限制(0=无),時間限制(0=無),,,
IceOniInfo,"Ice Oni:\nImpostors are Oni. Kill freezes runners in place.\nOther runners can thaw them with the kill button nearby.\nNo meetings, sabotages, vents, or body reports.",氷鬼:\nインポスターが鬼。キルで逃げをその場で凍結する。\n他の逃げが近くでキルボタンを押すと解凍できる。\n会議・サボタージュ・ベント・通報は禁止。,冰鬼：\n内鬼为鬼。击杀会将逃跑者原地冻结。\n其他逃跑者靠近后用击杀键可解冻。\n禁止开会、破坏、通风口、报告。,,,,
GameModeInfo_IceOni,"<Ice Oni>\n<size=60%>Impostors freeze runners with the kill button.\nFrozen runners cannot move until another runner thaws them.\nMeetings, sabotages, vents, and reports are disabled.\nOni wins by freezing everyone (optional). Runners win by surviving or eliminating Oni.",＜氷鬼＞\n<size=60%>インポスターが鬼となり、キルボタンで逃げを凍結します。\n凍結された逃げは動けなくなり、他の逃げが近くで解凍します。\n会議・サボ・ベント・通報はできません。\n全員凍結で鬼勝利（設定可）。逃げは生存または鬼全滅で勝利。,,,,
IceOniOniSelectMode,Oni Selection,鬼の決め方,鬼的决定方式,鬼的決定方式,,,
IceOniSelectRandom,Random,ランダム,随机,隨機,,,
IceOniSelectByName,By Name (/oni),名前指定 (/oni),按名称指定,按名稱指定,,,
IceOniSlotRandom,Random,ランダム,随机,隨機,,,
IceOniSlot0,Oni 1,鬼1,鬼1,鬼1,,,
IceOniSlot1,Oni 2,鬼2,鬼2,鬼2,,,
IceOniSlot2,Oni 3,鬼3,鬼3,鬼3,,,
IceOniSlot3,Oni 4,鬼4,鬼4,鬼4,,,
IceOniSlot4,Oni 5,鬼5,鬼5,鬼5,,,
IceOniSlot5,Oni 6,鬼6,鬼6,鬼6,,,
IceOniSlot6,Oni 7,鬼7,鬼7,鬼7,,,
IceOniSlot7,Oni 8,鬼8,鬼8,鬼8,,,
IceOniSlot8,Oni 9,鬼9,鬼9,鬼9,,,
IceOniSlot9,Oni 10,鬼10,鬼10,鬼10,,,
IceOniSlot10,Oni 11,鬼11,鬼11,鬼11,,,
IceOniSlot11,Oni 12,鬼12,鬼12,鬼12,,,
IceOniSlot12,Oni 13,鬼13,鬼13,鬼13,,,
IceOniSlot13,Oni 14,鬼14,鬼14,鬼14,,,
IceOniSlot14,Oni 15,鬼15,鬼15,鬼15,,,
IceOniRoleOni,Oni,鬼,鬼,鬼,,,
IceOniRoleRunner,Runner,逃げ,逃げ,逃げ,,,
Pukupuku,Pukupuku,プクプク,噗噗,噗噗,,,
PukupukuInfo,Complete tasks to unlock ability.,タスクを完了して能力を解放せよ。,,,,,,
PukupukuInfoLong,"After finishing all tasks while alive, gain Guard / Reflect / Revenge based on settings.","生存中に全タスクを完了すると、設定に応じてガード・キル反射・道連れのいずれかの能力を得る。",,,,,,
PukupukuAliveMode,Alive Ability Mode,生存時能力モード,,,,,,
PukupukuGuardCount,Guard Uses,ガード使用回数,,,,,,
PukupukuNotifyOnGuard,Notify on Guard,ガード発動時に通知,,,,,,
PukupukuPostDeathRevenge,Post-death Revenge by Tasks,死後タスク完了で道連れ,,,,,,
PukupukuPostDeathTurnLimit,Meetings after death (limit),死後の会議回数制限,,,,,,
Reflect,Reflect,反射,,,,,,
